# id	note_path
# Stable id -> current path. A rename changes the path, never the id, so links and any future
# agent resolve through this file instead of guessing at filenames.
# Machine-generated by verify-notes.js --generate. Do not hand-edit.
8orders/admin/admin-back-office/admin-access-and-oversight-business	docs/knowledge-graph/Admin/Admin Back-Office/Admin-Access-and-Oversight.business.md
8orders/admin/admin-back-office/admin-access-and-oversight-technical	docs/knowledge-graph/Admin/Admin Back-Office/Admin-Access-and-Oversight.technical.md
8orders/admin/admin-back-office/apikey	docs/knowledge-graph/Admin/Admin Back-Office/ApiKey.md
8orders/admin/admin-back-office/configuration-business	docs/knowledge-graph/Admin/Admin Back-Office/Configuration/Configuration.business.md
8orders/admin/admin-back-office/configuration-technical	docs/knowledge-graph/Admin/Admin Back-Office/Configuration/Configuration.technical.md
8orders/admin/admin-back-office/knowledge-graph	docs/knowledge-graph/Admin/Admin Back-Office/_knowledge-graph.md
8orders/admin/admin-back-office/overview	docs/knowledge-graph/Admin/Admin Back-Office/_overview.md
8orders/admin/admin-back-office/scenarios	docs/knowledge-graph/Admin/Admin Back-Office/_scenarios.md
8orders/admin/catalog-and-content-administration/audiance	docs/knowledge-graph/Admin/Catalog & Content Administration/Audiance.md
8orders/admin/catalog-and-content-administration/knowledge-graph	docs/knowledge-graph/Admin/Catalog & Content Administration/_knowledge-graph.md
8orders/admin/catalog-and-content-administration/mart-and-reference-entities	docs/knowledge-graph/Admin/Catalog & Content Administration/Mart-and-Reference-Entities.md
8orders/admin/catalog-and-content-administration/overview	docs/knowledge-graph/Admin/Catalog & Content Administration/_overview.md
8orders/admin/catalog-and-content-administration/scenarios	docs/knowledge-graph/Admin/Catalog & Content Administration/_scenarios.md
8orders/admin/catalog-and-content-administration/storetypes-technical	docs/knowledge-graph/Admin/Catalog & Content Administration/StoreTypes/StoreTypes.technical.md
8orders/admin/chat-administration/knowledge-graph	docs/knowledge-graph/Admin/Chat Administration/_knowledge-graph.md
8orders/admin/chat-administration/overview	docs/knowledge-graph/Admin/Chat Administration/_overview.md
8orders/admin/chat-administration/scenarios	docs/knowledge-graph/Admin/Chat Administration/_scenarios.md
8orders/admin/city-and-geography-administration/area-and-country	docs/knowledge-graph/Admin/City & Geography Administration/Area-and-Country.md
8orders/admin/city-and-geography-administration/city-business	docs/knowledge-graph/Admin/City & Geography Administration/City/City.business.md
8orders/admin/city-and-geography-administration/city-technical	docs/knowledge-graph/Admin/City & Geography Administration/City/City.technical.md
8orders/admin/city-and-geography-administration/citybreakconfiguration	docs/knowledge-graph/Admin/City & Geography Administration/CityBreakConfiguration.md
8orders/admin/city-and-geography-administration/cityrushtimeconfiguration-business	docs/knowledge-graph/Admin/City & Geography Administration/CityRushTimeConfiguration/CityRushTimeConfiguration.business.md
8orders/admin/city-and-geography-administration/cityrushtimeconfiguration-technical	docs/knowledge-graph/Admin/City & Geography Administration/CityRushTimeConfiguration/CityRushTimeConfiguration.technical.md
8orders/admin/city-and-geography-administration/knowledge-graph	docs/knowledge-graph/Admin/City & Geography Administration/_knowledge-graph.md
8orders/admin/city-and-geography-administration/overview	docs/knowledge-graph/Admin/City & Geography Administration/_overview.md
8orders/admin/city-and-geography-administration/scenarios	docs/knowledge-graph/Admin/City & Geography Administration/_scenarios.md
8orders/admin/context	docs/knowledge-graph/Admin/_context.md
8orders/admin/delivery-administration/deliveryannouncement-and-notification	docs/knowledge-graph/Admin/Delivery Administration/DeliveryAnnouncement-and-Notification.md
8orders/admin/delivery-administration/knowledge-graph	docs/knowledge-graph/Admin/Delivery Administration/_knowledge-graph.md
8orders/admin/delivery-administration/overview	docs/knowledge-graph/Admin/Delivery Administration/_overview.md
8orders/admin/delivery-administration/scenarios	docs/knowledge-graph/Admin/Delivery Administration/_scenarios.md
8orders/admin/erp-and-integrations/knowledge-graph	docs/knowledge-graph/Admin/ERP & Integrations/_knowledge-graph.md
8orders/admin/erp-and-integrations/overview	docs/knowledge-graph/Admin/ERP & Integrations/_overview.md
8orders/admin/erp-and-integrations/scenarios	docs/knowledge-graph/Admin/ERP & Integrations/_scenarios.md
8orders/admin/merchant-administration/knowledge-graph	docs/knowledge-graph/Admin/Merchant Administration/_knowledge-graph.md
8orders/admin/merchant-administration/overview	docs/knowledge-graph/Admin/Merchant Administration/_overview.md
8orders/admin/merchant-administration/scenarios	docs/knowledge-graph/Admin/Merchant Administration/_scenarios.md
8orders/admin/order-and-customer-administration/knowledge-graph	docs/knowledge-graph/Admin/Order & Customer Administration/_knowledge-graph.md
8orders/admin/order-and-customer-administration/overview	docs/knowledge-graph/Admin/Order & Customer Administration/_overview.md
8orders/admin/order-and-customer-administration/paymentmethod	docs/knowledge-graph/Admin/Order & Customer Administration/PaymentMethod.md
8orders/admin/order-and-customer-administration/scenarios	docs/knowledge-graph/Admin/Order & Customer Administration/_scenarios.md
8orders/customer-ordering/cart-and-checkout/blockedusersfromcod	docs/knowledge-graph/Customer Ordering/Cart & Checkout/BlockedUsersFromCOD.md
8orders/customer-ordering/cart-and-checkout/cart-and-checkout-validation-business	docs/knowledge-graph/Customer Ordering/Cart & Checkout/Cart-and-Checkout-Validation.business.md
8orders/customer-ordering/cart-and-checkout/cart-and-checkout-validation-technical	docs/knowledge-graph/Customer Ordering/Cart & Checkout/Cart-and-Checkout-Validation.technical.md
8orders/customer-ordering/cart-and-checkout/cartitem	docs/knowledge-graph/Customer Ordering/Cart & Checkout/CartItem.md
8orders/customer-ordering/cart-and-checkout/checkout-payment-processing	docs/knowledge-graph/Customer Ordering/Cart & Checkout/Checkout-Payment-Processing.md
8orders/customer-ordering/cart-and-checkout/customercart-business	docs/knowledge-graph/Customer Ordering/Cart & Checkout/CustomerCart/CustomerCart.business.md
8orders/customer-ordering/cart-and-checkout/customercart-technical	docs/knowledge-graph/Customer Ordering/Cart & Checkout/CustomerCart/CustomerCart.technical.md
8orders/customer-ordering/cart-and-checkout/knowledge-graph	docs/knowledge-graph/Customer Ordering/Cart & Checkout/_knowledge-graph.md
8orders/customer-ordering/cart-and-checkout/overview	docs/knowledge-graph/Customer Ordering/Cart & Checkout/_overview.md
8orders/customer-ordering/cart-and-checkout/scenarios	docs/knowledge-graph/Customer Ordering/Cart & Checkout/_scenarios.md
8orders/customer-ordering/cart-and-checkout/wallet-and-paymentmethod	docs/knowledge-graph/Customer Ordering/Cart & Checkout/Wallet-and-PaymentMethod.md
8orders/customer-ordering/context	docs/knowledge-graph/Customer Ordering/_context.md
8orders/customer-ordering/customer-account/knowledge-graph	docs/knowledge-graph/Customer Ordering/Customer Account/_knowledge-graph.md
8orders/customer-ordering/customer-account/overview	docs/knowledge-graph/Customer Ordering/Customer Account/_overview.md
8orders/customer-ordering/customer-account/scenarios	docs/knowledge-graph/Customer Ordering/Customer Account/_scenarios.md
8orders/customer-ordering/discounts-and-coupons/discount-resolution-business	docs/knowledge-graph/Customer Ordering/Discounts & Coupons/Discount-Resolution.business.md
8orders/customer-ordering/discounts-and-coupons/discount-resolution-technical	docs/knowledge-graph/Customer Ordering/Discounts & Coupons/Discount-Resolution.technical.md
8orders/customer-ordering/discounts-and-coupons/knowledge-graph	docs/knowledge-graph/Customer Ordering/Discounts & Coupons/_knowledge-graph.md
8orders/customer-ordering/discounts-and-coupons/overview	docs/knowledge-graph/Customer Ordering/Discounts & Coupons/_overview.md
8orders/customer-ordering/discounts-and-coupons/promocodes-business	docs/knowledge-graph/Customer Ordering/Discounts & Coupons/PromoCodes/PromoCodes.business.md
8orders/customer-ordering/discounts-and-coupons/promocodes-technical	docs/knowledge-graph/Customer Ordering/Discounts & Coupons/PromoCodes/PromoCodes.technical.md
8orders/customer-ordering/discounts-and-coupons/scenarios	docs/knowledge-graph/Customer Ordering/Discounts & Coupons/_scenarios.md
8orders/customer-ordering/discounts-and-coupons/vouchers-business	docs/knowledge-graph/Customer Ordering/Discounts & Coupons/Vouchers/Vouchers.business.md
8orders/customer-ordering/discounts-and-coupons/vouchers-technical	docs/knowledge-graph/Customer Ordering/Discounts & Coupons/Vouchers/Vouchers.technical.md
8orders/customer-ordering/marketing-and-content/knowledge-graph	docs/knowledge-graph/Customer Ordering/Marketing & Content/_knowledge-graph.md
8orders/customer-ordering/marketing-and-content/notification-delivery-business	docs/knowledge-graph/Customer Ordering/Marketing & Content/Notification-Delivery.business.md
8orders/customer-ordering/marketing-and-content/notification-delivery-technical	docs/knowledge-graph/Customer Ordering/Marketing & Content/Notification-Delivery.technical.md
8orders/customer-ordering/marketing-and-content/overview	docs/knowledge-graph/Customer Ordering/Marketing & Content/_overview.md
8orders/customer-ordering/marketing-and-content/scenarios	docs/knowledge-graph/Customer Ordering/Marketing & Content/_scenarios.md
8orders/customer-ordering/ops-and-infra/knowledge-graph	docs/knowledge-graph/Customer Ordering/Ops & Infra/_knowledge-graph.md
8orders/customer-ordering/ops-and-infra/overview	docs/knowledge-graph/Customer Ordering/Ops & Infra/_overview.md
8orders/customer-ordering/ops-and-infra/scenarios	docs/knowledge-graph/Customer Ordering/Ops & Infra/_scenarios.md
8orders/customer-ordering/order-and-fulfilment/cancellation-and-refund-business	docs/knowledge-graph/Customer Ordering/Order & Fulfilment/Cancellation-and-Refund.business.md
8orders/customer-ordering/order-and-fulfilment/cancellation-and-refund-technical	docs/knowledge-graph/Customer Ordering/Order & Fulfilment/Cancellation-and-Refund.technical.md
8orders/customer-ordering/order-and-fulfilment/deliveryinterval-and-autocompensation	docs/knowledge-graph/Customer Ordering/Order & Fulfilment/DeliveryInterval-and-AutoCompensation.md
8orders/customer-ordering/order-and-fulfilment/knowledge-graph	docs/knowledge-graph/Customer Ordering/Order & Fulfilment/_knowledge-graph.md
8orders/customer-ordering/order-and-fulfilment/order-business	docs/knowledge-graph/Customer Ordering/Order & Fulfilment/Order/Order.business.md
8orders/customer-ordering/order-and-fulfilment/order-externaldelivery	docs/knowledge-graph/Customer Ordering/Order & Fulfilment/Order.ExternalDelivery.md
8orders/customer-ordering/order-and-fulfilment/order-lifecycle-business	docs/knowledge-graph/Customer Ordering/Order & Fulfilment/Order-Lifecycle.business.md
8orders/customer-ordering/order-and-fulfilment/order-lifecycle-technical	docs/knowledge-graph/Customer Ordering/Order & Fulfilment/Order-Lifecycle.technical.md
8orders/customer-ordering/order-and-fulfilment/order-technical	docs/knowledge-graph/Customer Ordering/Order & Fulfilment/Order/Order.technical.md
8orders/customer-ordering/order-and-fulfilment/ordercomplaint	docs/knowledge-graph/Customer Ordering/Order & Fulfilment/OrderComplaint.md
8orders/customer-ordering/order-and-fulfilment/orderdetails-technical	docs/knowledge-graph/Customer Ordering/Order & Fulfilment/OrderDetails.technical.md
8orders/customer-ordering/order-and-fulfilment/orderrestaurantdetails	docs/knowledge-graph/Customer Ordering/Order & Fulfilment/OrderRestaurantDetails.md
8orders/customer-ordering/order-and-fulfilment/overview	docs/knowledge-graph/Customer Ordering/Order & Fulfilment/_overview.md
8orders/customer-ordering/order-and-fulfilment/scenarios	docs/knowledge-graph/Customer Ordering/Order & Fulfilment/_scenarios.md
8orders/customer-ordering/payments/fawry-business	docs/knowledge-graph/Customer Ordering/Payments/Fawry/Fawry.business.md
8orders/customer-ordering/payments/fawry-technical	docs/knowledge-graph/Customer Ordering/Payments/Fawry/Fawry.technical.md
8orders/customer-ordering/payments/knowledge-graph	docs/knowledge-graph/Customer Ordering/Payments/_knowledge-graph.md
8orders/customer-ordering/payments/money-path-business	docs/knowledge-graph/Customer Ordering/Payments/Money-Path.business.md
8orders/customer-ordering/payments/money-path-technical	docs/knowledge-graph/Customer Ordering/Payments/Money-Path.technical.md
8orders/customer-ordering/payments/overview	docs/knowledge-graph/Customer Ordering/Payments/_overview.md
8orders/customer-ordering/payments/paymob-business	docs/knowledge-graph/Customer Ordering/Payments/PayMob/PayMob.business.md
8orders/customer-ordering/payments/paymob-technical	docs/knowledge-graph/Customer Ordering/Payments/PayMob/PayMob.technical.md
8orders/customer-ordering/payments/scenarios	docs/knowledge-graph/Customer Ordering/Payments/_scenarios.md
8orders/customer-ordering/restaurant-and-menu-discovery/discovery-utilities	docs/knowledge-graph/Customer Ordering/Restaurant & Menu Discovery/Discovery-Utilities.md
8orders/customer-ordering/restaurant-and-menu-discovery/knowledge-graph	docs/knowledge-graph/Customer Ordering/Restaurant & Menu Discovery/_knowledge-graph.md
8orders/customer-ordering/restaurant-and-menu-discovery/mart	docs/knowledge-graph/Customer Ordering/Restaurant & Menu Discovery/Mart.md
8orders/customer-ordering/restaurant-and-menu-discovery/menuitem-business	docs/knowledge-graph/Customer Ordering/Restaurant & Menu Discovery/MenuItem/MenuItem.business.md
8orders/customer-ordering/restaurant-and-menu-discovery/menuitem-technical	docs/knowledge-graph/Customer Ordering/Restaurant & Menu Discovery/MenuItem/MenuItem.technical.md
8orders/customer-ordering/restaurant-and-menu-discovery/menuitemprice-technical	docs/knowledge-graph/Customer Ordering/Restaurant & Menu Discovery/MenuItem/MenuItemPrice.technical.md
8orders/customer-ordering/restaurant-and-menu-discovery/menustructure	docs/knowledge-graph/Customer Ordering/Restaurant & Menu Discovery/MenuItem/MenuStructure.md
8orders/customer-ordering/restaurant-and-menu-discovery/offers-business	docs/knowledge-graph/Customer Ordering/Restaurant & Menu Discovery/Offers/Offers.business.md
8orders/customer-ordering/restaurant-and-menu-discovery/offers-technical	docs/knowledge-graph/Customer Ordering/Restaurant & Menu Discovery/Offers/Offers.technical.md
8orders/customer-ordering/restaurant-and-menu-discovery/overview	docs/knowledge-graph/Customer Ordering/Restaurant & Menu Discovery/_overview.md
8orders/customer-ordering/restaurant-and-menu-discovery/restaurant-business	docs/knowledge-graph/Customer Ordering/Restaurant & Menu Discovery/Restaurant/Restaurant.business.md
8orders/customer-ordering/restaurant-and-menu-discovery/restaurant-technical	docs/knowledge-graph/Customer Ordering/Restaurant & Menu Discovery/Restaurant/Restaurant.technical.md
8orders/customer-ordering/restaurant-and-menu-discovery/restaurantreview	docs/knowledge-graph/Customer Ordering/Restaurant & Menu Discovery/RestaurantReview.md
8orders/customer-ordering/restaurant-and-menu-discovery/scenarios	docs/knowledge-graph/Customer Ordering/Restaurant & Menu Discovery/_scenarios.md
8orders/customer-ordering/restaurant-and-menu-discovery/search-business	docs/knowledge-graph/Customer Ordering/Restaurant & Menu Discovery/Search/Search.business.md
8orders/customer-ordering/restaurant-and-menu-discovery/search-technical	docs/knowledge-graph/Customer Ordering/Restaurant & Menu Discovery/Search/Search.technical.md
8orders/customer-ordering/support-and-chat/knowledge-graph	docs/knowledge-graph/Customer Ordering/Support & Chat/_knowledge-graph.md
8orders/customer-ordering/support-and-chat/overview	docs/knowledge-graph/Customer Ordering/Support & Chat/_overview.md
8orders/customer-ordering/support-and-chat/scenarios	docs/knowledge-graph/Customer Ordering/Support & Chat/_scenarios.md
8orders/customer-ordering/support-and-chat/support-and-chat-business	docs/knowledge-graph/Customer Ordering/Support & Chat/Support-and-Chat.business.md
8orders/customer-ordering/support-and-chat/support-and-chat-technical	docs/knowledge-graph/Customer Ordering/Support & Chat/Support-and-Chat.technical.md
8orders/customer-ordering/tiered-discount/knowledge-graph	docs/knowledge-graph/Customer Ordering/Tiered Discount/_knowledge-graph.md
8orders/customer-ordering/tiered-discount/overview	docs/knowledge-graph/Customer Ordering/Tiered Discount/_overview.md
8orders/customer-ordering/tiered-discount/scenarios	docs/knowledge-graph/Customer Ordering/Tiered Discount/_scenarios.md
8orders/customer-ordering/tiered-discount/tiereddiscount-business	docs/knowledge-graph/Customer Ordering/Tiered Discount/TieredDiscount/TieredDiscount.business.md
8orders/customer-ordering/tiered-discount/tiereddiscount-technical	docs/knowledge-graph/Customer Ordering/Tiered Discount/TieredDiscount/TieredDiscount.technical.md
8orders/customer-ordering/tiered-discount/tiereddiscounttier	docs/knowledge-graph/Customer Ordering/Tiered Discount/TieredDiscountTier.md
8orders/delivery/context	docs/knowledge-graph/Delivery/_context.md
8orders/delivery/delivery-man-operations/delivery-assignment-strategies	docs/knowledge-graph/Delivery/Delivery Man Operations/Delivery-Assignment-Strategies.md
8orders/delivery/delivery-man-operations/delivery-fee-and-assignment-business	docs/knowledge-graph/Delivery/Delivery Man Operations/Delivery-Fee-and-Assignment.business.md
8orders/delivery/delivery-man-operations/delivery-fee-and-assignment-technical	docs/knowledge-graph/Delivery/Delivery Man Operations/Delivery-Fee-and-Assignment.technical.md
8orders/delivery/delivery-man-operations/delivery-requests-and-suppliers	docs/knowledge-graph/Delivery/Delivery Man Operations/Delivery-Requests-and-Suppliers.md
8orders/delivery/delivery-man-operations/deliveryannouncement-business	docs/knowledge-graph/Delivery/Delivery Man Operations/DeliveryAnnouncement/DeliveryAnnouncement.business.md
8orders/delivery/delivery-man-operations/deliveryannouncement-technical	docs/knowledge-graph/Delivery/Delivery Man Operations/DeliveryAnnouncement/DeliveryAnnouncement.technical.md
8orders/delivery/delivery-man-operations/deliveryman-attendance	docs/knowledge-graph/Delivery/Delivery Man Operations/DeliveryMan-Attendance.md
8orders/delivery/delivery-man-operations/deliverymannotification-business	docs/knowledge-graph/Delivery/Delivery Man Operations/DeliveryManNotification/DeliveryManNotification.business.md
8orders/delivery/delivery-man-operations/deliverymannotification-technical	docs/knowledge-graph/Delivery/Delivery Man Operations/DeliveryManNotification/DeliveryManNotification.technical.md
8orders/delivery/delivery-man-operations/deliveryzone	docs/knowledge-graph/Delivery/Delivery Man Operations/DeliveryZone.md
8orders/delivery/delivery-man-operations/driver-operations-business	docs/knowledge-graph/Delivery/Delivery Man Operations/Driver-Operations.business.md
8orders/delivery/delivery-man-operations/driver-operations-technical	docs/knowledge-graph/Delivery/Delivery Man Operations/Driver-Operations.technical.md
8orders/delivery/delivery-man-operations/knowledge-graph	docs/knowledge-graph/Delivery/Delivery Man Operations/_knowledge-graph.md
8orders/delivery/delivery-man-operations/orderdelivery-business	docs/knowledge-graph/Delivery/Delivery Man Operations/OrderDelivery/OrderDelivery.business.md
8orders/delivery/delivery-man-operations/orderdelivery-technical	docs/knowledge-graph/Delivery/Delivery Man Operations/OrderDelivery/OrderDelivery.technical.md
8orders/delivery/delivery-man-operations/overview	docs/knowledge-graph/Delivery/Delivery Man Operations/_overview.md
8orders/delivery/delivery-man-operations/scenarios	docs/knowledge-graph/Delivery/Delivery Man Operations/_scenarios.md
8orders/delivery/delivery-support-and-chat/knowledge-graph	docs/knowledge-graph/Delivery/Delivery Support & Chat/_knowledge-graph.md
8orders/delivery/delivery-support-and-chat/overview	docs/knowledge-graph/Delivery/Delivery Support & Chat/_overview.md
8orders/delivery/delivery-support-and-chat/scenarios	docs/knowledge-graph/Delivery/Delivery Support & Chat/_scenarios.md
8orders/delivery/driver-cash-and-compensation/compensation	docs/knowledge-graph/Delivery/Driver Cash & Compensation/Compensation.md
8orders/delivery/driver-cash-and-compensation/deliverybouns-business	docs/knowledge-graph/Delivery/Driver Cash & Compensation/DeliveryBouns/DeliveryBouns.business.md
8orders/delivery/driver-cash-and-compensation/deliverybouns-technical	docs/knowledge-graph/Delivery/Driver Cash & Compensation/DeliveryBouns/DeliveryBouns.technical.md
8orders/delivery/driver-cash-and-compensation/deliverymantransaction-business	docs/knowledge-graph/Delivery/Driver Cash & Compensation/DeliverymanTransaction/DeliverymanTransaction.business.md
8orders/delivery/driver-cash-and-compensation/deliverymantransaction-technical	docs/knowledge-graph/Delivery/Driver Cash & Compensation/DeliverymanTransaction/DeliverymanTransaction.technical.md
8orders/delivery/driver-cash-and-compensation/driver-cash-cycle-business	docs/knowledge-graph/Delivery/Driver Cash & Compensation/Driver-Cash-Cycle.business.md
8orders/delivery/driver-cash-and-compensation/driver-cash-cycle-technical	docs/knowledge-graph/Delivery/Driver Cash & Compensation/Driver-Cash-Cycle.technical.md
8orders/delivery/driver-cash-and-compensation/knowledge-graph	docs/knowledge-graph/Delivery/Driver Cash & Compensation/_knowledge-graph.md
8orders/delivery/driver-cash-and-compensation/merchant-accounting-and-order-cost	docs/knowledge-graph/Delivery/Driver Cash & Compensation/Merchant-Accounting-and-Order-Cost.md
8orders/delivery/driver-cash-and-compensation/overview	docs/knowledge-graph/Delivery/Driver Cash & Compensation/_overview.md
8orders/delivery/driver-cash-and-compensation/scenarios	docs/knowledge-graph/Delivery/Driver Cash & Compensation/_scenarios.md
8orders/delivery/ops-and-infra/knowledge-graph	docs/knowledge-graph/Delivery/Ops & Infra/_knowledge-graph.md
8orders/delivery/ops-and-infra/overview	docs/knowledge-graph/Delivery/Ops & Infra/_overview.md
8orders/delivery/ops-and-infra/scenarios	docs/knowledge-graph/Delivery/Ops & Infra/_scenarios.md
8orders/identity-and-access/authentication-and-tokens/identity-business	docs/knowledge-graph/Identity & Access/Authentication & Tokens/Identity/Identity.business.md
8orders/identity-and-access/authentication-and-tokens/identity-technical	docs/knowledge-graph/Identity & Access/Authentication & Tokens/Identity/Identity.technical.md
8orders/identity-and-access/authentication-and-tokens/knowledge-graph	docs/knowledge-graph/Identity & Access/Authentication & Tokens/_knowledge-graph.md
8orders/identity-and-access/authentication-and-tokens/login-and-activation	docs/knowledge-graph/Identity & Access/Authentication & Tokens/Login-and-Activation.md
8orders/identity-and-access/authentication-and-tokens/overview	docs/knowledge-graph/Identity & Access/Authentication & Tokens/_overview.md
8orders/identity-and-access/authentication-and-tokens/scenarios	docs/knowledge-graph/Identity & Access/Authentication & Tokens/_scenarios.md
8orders/identity-and-access/context	docs/knowledge-graph/Identity & Access/_context.md
8orders/identity-and-access/customer-identity/customer-account-lifecycle-business	docs/knowledge-graph/Identity & Access/Customer Identity/Customer-Account-Lifecycle.business.md
8orders/identity-and-access/customer-identity/customer-account-lifecycle-technical	docs/knowledge-graph/Identity & Access/Customer Identity/Customer-Account-Lifecycle.technical.md
8orders/identity-and-access/customer-identity/customer-business	docs/knowledge-graph/Identity & Access/Customer Identity/Customer/Customer.business.md
8orders/identity-and-access/customer-identity/customer-notification-and-favourites	docs/knowledge-graph/Identity & Access/Customer Identity/Customer/Customer-Notification-and-Favourites.md
8orders/identity-and-access/customer-identity/customer-technical	docs/knowledge-graph/Identity & Access/Customer Identity/Customer/Customer.technical.md
8orders/identity-and-access/customer-identity/customeraddress-business	docs/knowledge-graph/Identity & Access/Customer Identity/CustomerAddress/CustomerAddress.business.md
8orders/identity-and-access/customer-identity/customeraddress-technical	docs/knowledge-graph/Identity & Access/Customer Identity/CustomerAddress/CustomerAddress.technical.md
8orders/identity-and-access/customer-identity/customeraddresses	docs/knowledge-graph/Identity & Access/Customer Identity/Customer/CustomerAddresses.md
8orders/identity-and-access/customer-identity/knowledge-graph	docs/knowledge-graph/Identity & Access/Customer Identity/_knowledge-graph.md
8orders/identity-and-access/customer-identity/loyaltypoints	docs/knowledge-graph/Identity & Access/Customer Identity/Customer/LoyaltyPoints.md
8orders/identity-and-access/customer-identity/overview	docs/knowledge-graph/Identity & Access/Customer Identity/_overview.md
8orders/identity-and-access/customer-identity/scenarios	docs/knowledge-graph/Identity & Access/Customer Identity/_scenarios.md
8orders/identity-and-access/customer-identity/wallettransaction	docs/knowledge-graph/Identity & Access/Customer Identity/Customer/WalletTransaction.md
8orders/identity-and-access/delivery-man-identity/deliverymen-business	docs/knowledge-graph/Identity & Access/Delivery Man Identity/DeliveryMen/DeliveryMen.business.md
8orders/identity-and-access/delivery-man-identity/deliverymen-technical	docs/knowledge-graph/Identity & Access/Delivery Man Identity/DeliveryMen/DeliveryMen.technical.md
8orders/identity-and-access/delivery-man-identity/knowledge-graph	docs/knowledge-graph/Identity & Access/Delivery Man Identity/_knowledge-graph.md
8orders/identity-and-access/delivery-man-identity/overview	docs/knowledge-graph/Identity & Access/Delivery Man Identity/_overview.md
8orders/identity-and-access/delivery-man-identity/scenarios	docs/knowledge-graph/Identity & Access/Delivery Man Identity/_scenarios.md
8orders/identity-and-access/ops-and-infra/knowledge-graph	docs/knowledge-graph/Identity & Access/Ops & Infra/_knowledge-graph.md
8orders/identity-and-access/ops-and-infra/overview	docs/knowledge-graph/Identity & Access/Ops & Infra/_overview.md
8orders/identity-and-access/ops-and-infra/scenarios	docs/knowledge-graph/Identity & Access/Ops & Infra/_scenarios.md
8orders/identity-and-access/restaurant-and-admin-user-identity/knowledge-graph	docs/knowledge-graph/Identity & Access/Restaurant & Admin User Identity/_knowledge-graph.md
8orders/identity-and-access/restaurant-and-admin-user-identity/overview	docs/knowledge-graph/Identity & Access/Restaurant & Admin User Identity/_overview.md
8orders/identity-and-access/restaurant-and-admin-user-identity/permission-business	docs/knowledge-graph/Identity & Access/Restaurant & Admin User Identity/Permission/Permission.business.md
8orders/identity-and-access/restaurant-and-admin-user-identity/permission-technical	docs/knowledge-graph/Identity & Access/Restaurant & Admin User Identity/Permission/Permission.technical.md
8orders/identity-and-access/restaurant-and-admin-user-identity/scenarios	docs/knowledge-graph/Identity & Access/Restaurant & Admin User Identity/_scenarios.md
8orders/issue/1	docs/knowledge-graph/_system/_issues/001-percentage-tier-discount-is-capped-at-100-only-in-one-appl.md
8orders/issue/10	docs/knowledge-graph/_system/_issues/010-updatestockquantity-and-maintainstock-implement-the-identi.md
8orders/issue/100	docs/knowledge-graph/_system/_issues/100-restaurantstartcookingcommand-looks-up-the-matching-orderr.md
8orders/issue/101	docs/knowledge-graph/_system/_issues/101-reordercommand-1-customeraddressid-value-and-customerdata.md
8orders/issue/102	docs/knowledge-graph/_system/_issues/102-saveeditareacommand-saveeditcitycommand-and-saveeditfoodty.md
8orders/issue/103	docs/knowledge-graph/_system/_issues/103-saveappdesignimagescommand-and-saveeditcitycommand-both-sa.md
8orders/issue/104	docs/knowledge-graph/_system/_issues/104-saveeditpromocodecommand-calls-datetime-tryparseexact-for.md
8orders/issue/105	docs/knowledge-graph/_system/_issues/105-saveresturantbusytimecommand-schedules-push-notifications.md
8orders/issue/106	docs/knowledge-graph/_system/_issues/106-sendtawktonotificationtocustomercommand-s-join-uses-orders.md
8orders/issue/107	docs/knowledge-graph/_system/_issues/107-supervisorreassignordertoanotherdeliverymancommand-derefer.md
8orders/issue/108	docs/knowledge-graph/_system/_issues/108-updatebrandcommand-saves-before-uploading-the-landscape-im.md
8orders/issue/109	docs/knowledge-graph/_system/_issues/109-updatecompensationstatecommand-casts-a-nullable-customerid.md
8orders/issue/11	docs/knowledge-graph/_system/_issues/011-userpreferencescontroller-getuserpreferences-always-return.md
8orders/issue/110	docs/knowledge-graph/_system/_issues/110-updatecustomeraddressfromadmincommand.md
8orders/issue/111	docs/knowledge-graph/_system/_issues/111-updatecustomeradscommand-saves-before-uploading-both-arabi.md
8orders/issue/112	docs/knowledge-graph/_system/_issues/112-updatecustomerdatafromadmincommand-calls-datetime-tryparse.md
8orders/issue/113	docs/knowledge-graph/_system/_issues/113-updatemartcategorycommand-saves-before-uploading-the-logo.md
8orders/issue/114	docs/knowledge-graph/_system/_issues/114-updatemenuitempricesfromexcelsheetcommand-calls.md
8orders/issue/115	docs/knowledge-graph/_system/_issues/115-updateorderbyordercodecommand-dereferences-order-firstorde.md
8orders/issue/116	docs/knowledge-graph/_system/_issues/116-updateordercommand-customeraddress-is-explicitly-initializ.md
8orders/issue/117	docs/knowledge-graph/_system/_issues/117-updateresturantactivitycommand.md
8orders/issue/118	docs/knowledge-graph/_system/_issues/118-updaterestaruantzonecommand-captures-restaruantzone-update.md
8orders/issue/119	docs/knowledge-graph/_system/_issues/119-updatespecialmartcategorycommand-saves-before-uploading-th.md
8orders/issue/12	docs/knowledge-graph/_system/_issues/012-third-occurrence-of-the-4-6-repo-wide-pattern.md
8orders/issue/120	docs/knowledge-graph/_system/_issues/120-updateunreviseditemcommand-getimagebank-is-typed-task-resu.md
8orders/issue/121	docs/knowledge-graph/_system/_issues/121-calculatedistancebetweencustomersinordersquery-sorts-deliv.md
8orders/issue/122	docs/knowledge-graph/_system/_issues/122-checkresturantcloseorbusyquery-and-checkselecteditemsquery.md
8orders/issue/123	docs/knowledge-graph/_system/_issues/123-getexternaldeliveryrequestbyidquery-dereferences-deliveryz.md
8orders/issue/124	docs/knowledge-graph/_system/_issues/124-foodtypesquery-s-catch-block-reads-ex2-innerexception-mess.md
8orders/issue/125	docs/knowledge-graph/_system/_issues/125-getaddetailsbyidquery-s-join-left-joins-menuitem-defaultif.md
8orders/issue/126	docs/knowledge-graph/_system/_issues/126-getadminorderhistoryquery-ignores-datetime-tryparseexact-s.md
8orders/issue/127	docs/knowledge-graph/_system/_issues/127-getallactiverestaurantwithreviewinfoquery-the-current-ef-b.md
8orders/issue/128	docs/knowledge-graph/_system/_issues/128-getallannouncementsdto-s-automapper-profile-maps-messagear.md
8orders/issue/129	docs/knowledge-graph/_system/_issues/129-getallcategoryincludingimagequery-s-categoryname.md
8orders/issue/13	docs/knowledge-graph/_system/_issues/013-adddeliveryzone-create-has-zero-validation-while-updatedel.md
8orders/issue/130	docs/knowledge-graph/_system/_issues/130-getallcompensationslistquery-ignores-datetime-tryparseexac.md
8orders/issue/131	docs/knowledge-graph/_system/_issues/131-getallcomplaintsandsuggestionsquery-explicitly-left-joins.md
8orders/issue/132	docs/knowledge-graph/_system/_issues/132-getalldeliveredordersbydate-s-payment-field.md
8orders/issue/133	docs/knowledge-graph/_system/_issues/133-getalldeliveredordersbydatev2query-builds-externalrequesti.md
8orders/issue/134	docs/knowledge-graph/_system/_issues/134-getalldeliverymenquery-in-the-getalldeliverymenqueries-fol.md
8orders/issue/135	docs/knowledge-graph/_system/_issues/135-menucategoryforadmindto-categoryname-is-typed-int-but-its.md
8orders/issue/136	docs/knowledge-graph/_system/_issues/136-whole-order-history-query-family-unguardedly-dereferences.md
8orders/issue/137	docs/knowledge-graph/_system/_issues/137-getallpaymentmethodsquery-s-paymob-wallet-injection-branch.md
8orders/issue/138	docs/knowledge-graph/_system/_issues/138-getallpromocodequery-fetches-ctx-promocodes-orderbydescend.md
8orders/issue/139	docs/knowledge-graph/_system/_issues/139-getallstoresoffersquery-s-final-projection-is-a-single-ef.md
8orders/issue/14	docs/knowledge-graph/_system/_issues/014-overnight-window-detection-uses-new-timespan-0-0-6-6-secon.md
8orders/issue/140	docs/knowledge-graph/_system/_issues/140-getareabyidquery-dereferences-result-areaborder-before-che.md
8orders/issue/141	docs/knowledge-graph/_system/_issues/141-deliverymanassignedordersdto-s-automapper-profile-applied.md
8orders/issue/142	docs/knowledge-graph/_system/_issues/142-getavalibleorderdeliveryrequestsquery.md
8orders/issue/143	docs/knowledge-graph/_system/_issues/143-getbrandsquery-b-branddescriptions-firstordefault-d.md
8orders/issue/144	docs/knowledge-graph/_system/_issues/144-getcustomeradsforadminquery-ignores-datetime-tryparse-s-bo.md
8orders/issue/145	docs/knowledge-graph/_system/_issues/145-customerorderhistorydto-s-automapper-profile-does-src-orde.md
8orders/issue/146	docs/knowledge-graph/_system/_issues/146-getcustomerordersreportquery-ignores-both-datetime-trypars.md
8orders/issue/147	docs/knowledge-graph/_system/_issues/147-getcustomerwallethistoryreport-ignores-both-datetime-trypa.md
8orders/issue/148	docs/knowledge-graph/_system/_issues/148-getcustomersloyaltypointsquery-ignores-datetime-tryparseex.md
8orders/issue/149	docs/knowledge-graph/_system/_issues/149-getdeliverymanbonusprogressmessagequery-calls-tiers-max-an.md
8orders/issue/15	docs/knowledge-graph/_system/_issues/015-instance-name-calls-name-trim-before-checking-string-isnul.md
8orders/issue/150	docs/knowledge-graph/_system/_issues/150-getdeliverymanordersbystatusqueryv1-s-final-select-line-13.md
8orders/issue/151	docs/knowledge-graph/_system/_issues/151-getdeliverymenlocationqueryv1-parses-redis-cache-fields-in.md
8orders/issue/152	docs/knowledge-graph/_system/_issues/152-getdeliverymentagboxupquery.md
8orders/issue/153	docs/knowledge-graph/_system/_issues/153-getdeliverymentransactionsquery-and-getdeliverymenbalanceq.md
8orders/issue/154	docs/knowledge-graph/_system/_issues/154-getentityloghistoryquery-ignores-both-datetime-tryparseexa.md
8orders/issue/155	docs/knowledge-graph/_system/_issues/155-getentityloghistoryquery-s-post-materialization-loop-does.md
8orders/issue/156	docs/knowledge-graph/_system/_issues/156-getfavouriteitemsqueryv2-s-final-select-x-computes-default.md
8orders/issue/157	docs/knowledge-graph/_system/_issues/157-getfawrypaidtransctionsbydate-and-getfawrytransactionrepor.md
8orders/issue/158	docs/knowledge-graph/_system/_issues/158-getitemdetailsbyidquery-s-main-item-details-query-inner-jo.md
8orders/issue/159	docs/knowledge-graph/_system/_issues/159-getmaxdeliveryfeesbyresturantidsquery-does-array-convertal.md
8orders/issue/16	docs/knowledge-graph/_system/_issues/016-forceendrushmode-s-guard-condition-busythreshold-timeoutre.md
8orders/issue/160	docs/knowledge-graph/_system/_issues/160-getmerchantbalancequery-ignores-datetime-tryparseexact-s-b.md
8orders/issue/161	docs/knowledge-graph/_system/_issues/161-getmerchantcapacityhoursquery-ignores-both-datetime-trypar.md
8orders/issue/162	docs/knowledge-graph/_system/_issues/162-getmerchanttotalreportqueryfrommerchant-does.md
8orders/issue/163	docs/knowledge-graph/_system/_issues/163-getmerchanttotalquery-identical-unguarded-int-parse-on-spl.md
8orders/issue/164	docs/knowledge-graph/_system/_issues/164-getmerchanttransactionquery-ignores-both-datetime-tryparse.md
8orders/issue/165	docs/knowledge-graph/_system/_issues/165-getnearestbystoretypequery-dereferences-r-openfrom-value-t.md
8orders/issue/166	docs/knowledge-graph/_system/_issues/166-getorderfordeliverymandailyquery-ignores-datetime-tryparse.md
8orders/issue/167	docs/knowledge-graph/_system/_issues/167-getorderlocationsbyorderidquery-s-fallback-query-no-delive.md
8orders/issue/168	docs/knowledge-graph/_system/_issues/168-getpromocodebyidquery-maps-result-from-firstordefaultasync.md
8orders/issue/169	docs/knowledge-graph/_system/_issues/169-getpendingorderswithpendingonlinepaymentquery-guards-resul.md
8orders/issue/17	docs/knowledge-graph/_system/_issues/017-of-7-bulk-update-methods-on-the-single-system-wide-configu.md
8orders/issue/170	docs/knowledge-graph/_system/_issues/170-getrestaurantcookingtimesquery-does-unguarded-split-select.md
8orders/issue/171	docs/knowledge-graph/_system/_issues/171-getrestaurantexternalcustomersquery-does-unguarded.md
8orders/issue/172	docs/knowledge-graph/_system/_issues/172-getrestaurantitemavaliblemeter-computes-notavalibleitemsco.md
8orders/issue/173	docs/knowledge-graph/_system/_issues/173-restaurantofferitemdto-s-automapper-profile-dereferences.md
8orders/issue/174	docs/knowledge-graph/_system/_issues/174-getrestaurantslocationsheatmapquery-dereferences-r-locatio.md
8orders/issue/175	docs/knowledge-graph/_system/_issues/175-getresturantoffersquery-null-guards-result-via-is-not-null.md
8orders/issue/176	docs/knowledge-graph/_system/_issues/176-getsailsdailycompensationdetailsquery-looks-up-compensatio.md
8orders/issue/177	docs/knowledge-graph/_system/_issues/177-getsliderhomebylocationquery-s-per-slider-mapping-guards-s.md
8orders/issue/178	docs/knowledge-graph/_system/_issues/178-getthebestoffersquery-s-per-item-foreach-over-itemsoffer-a.md
8orders/issue/179	docs/knowledge-graph/_system/_issues/179-getthenewplacesquery-s-restaurants-foreach-dereferences.md
8orders/issue/18	docs/knowledge-graph/_system/_issues/018-same-comma-separated-id-list-stored-as-a-string-pattern-im.md
8orders/issue/180	docs/knowledge-graph/_system/_issues/180-gettipsconfigurationquery-does-unguarded-tipconfiguration.md
8orders/issue/181	docs/knowledge-graph/_system/_issues/181-getallwallettransactionhistoryquery-gettrackingappreport-a.md
8orders/issue/182	docs/knowledge-graph/_system/_issues/182-useractivehoursreportquery-ignores-both-datetime-tryparsee.md
8orders/issue/183	docs/knowledge-graph/_system/_issues/183-getuserpermissionsquery-projects-context-users-select-x.md
8orders/issue/184	docs/knowledge-graph/_system/_issues/184-getallrejectedordersbydatequery-getallrejectedordersbydate.md
8orders/issue/185	docs/knowledge-graph/_system/_issues/185-menuitempricebyidquery-dereferences-price-menuitemid-ungua.md
8orders/issue/186	docs/knowledge-graph/_system/_issues/186-getorderdetailsbyidquery-s-orderdetailsitems-foreach-looks.md
8orders/issue/187	docs/knowledge-graph/_system/_issues/187-performancetrackingreportquery-ignores-both-datetime-trypa.md
8orders/issue/188	docs/knowledge-graph/_system/_issues/188-promocodereportdetailsquery-checks-datetime-tryparseexact.md
8orders/issue/189	docs/knowledge-graph/_system/_issues/189-restaurantinfobyrestaurantidquery-s-legacy-mode-branch-der.md
8orders/issue/19	docs/knowledge-graph/_system/_issues/019-updatestoretype-s-guard-uses-fails-only-if-ordernumber-0-a.md
8orders/issue/190	docs/knowledge-graph/_system/_issues/190-resturantorderdetailsviewmodel-s-automapper-profile-calls.md
8orders/issue/191	docs/knowledge-graph/_system/_issues/191-searchitemqueryv2-getitems-passes-offer-ta-offeritem-first.md
8orders/issue/192	docs/knowledge-graph/_system/_issues/192-searchitemsinrestaurantdto-s-automapper-profile-invoked-vi.md
8orders/issue/193	docs/knowledge-graph/_system/_issues/193-validateorderrestaurantsquery-loads-allcities-filtered-to.md
8orders/issue/194	docs/knowledge-graph/_system/_issues/194-validateorderaddresschangequery-filters-restaurants-where.md
8orders/issue/195	docs/knowledge-graph/_system/_issues/195-targeted-grep-for-await-savechangesasyncwithresult.md
8orders/issue/196	docs/knowledge-graph/_system/_issues/196-harder-grep-variant-result-captured-but-issuccess-never-ch.md
8orders/issue/197	docs/knowledge-graph/_system/_issues/197-createaudiancecommand-updateaudiancecommand-parse-request.md
8orders/issue/198	docs/knowledge-graph/_system/_issues/198-saveordercomplaintcommand-getoutgoingrestaurantdataasync.md
8orders/issue/199	docs/knowledge-graph/_system/_issues/199-searchitemswithfiltersandsortingoptionsquery-s-3-restauran.md
8orders/issue/2	docs/knowledge-graph/_system/_issues/002-deleting-a-tiereddiscount-has-no-guard-against-it-having-a.md
8orders/issue/20	docs/knowledge-graph/_system/_issues/020-adddescription-s-guard-checks-the-existing-field-languagei.md
8orders/issue/200	docs/knowledge-graph/_system/_issues/200-editstoremenuitemcommand-editprice-does-var-price-menuitem.md
8orders/issue/201	docs/knowledge-graph/_system/_issues/201-updatestoremenuitempricefromexcelcommand-addnewitems-updat.md
8orders/issue/202	docs/knowledge-graph/_system/_issues/202-adreservation-updateadreservation-calls-adcard-getprice-to.md
8orders/issue/203	docs/knowledge-graph/_system/_issues/203-updateadreservation-never-calls-validatemaximumduration-on.md
8orders/issue/204	docs/knowledge-graph/_system/_issues/204-deliveryinterval-checkvaliddates-named-and-shaped-like-a-p.md
8orders/issue/205	docs/knowledge-graph/_system/_issues/205-original-finding-unreviseditem-updatedetails-arabicname-en.md
8orders/issue/206	docs/knowledge-graph/_system/_issues/206-audiancefilter-create-filtertype-filtervalue-operator-isre.md
8orders/issue/207	docs/knowledge-graph/_system/_issues/207-talabatkcontext-auditing-the-method-that-builds-audit-rows.md
8orders/issue/208	docs/knowledge-graph/_system/_issues/208-talabatkcontext-savechanges-the-synchronous-override-is-a.md
8orders/issue/209	docs/knowledge-graph/_system/_issues/209-talabatkcontext-savechangesasync-the-async-override-distin.md
8orders/issue/21	docs/knowledge-graph/_system/_issues/021-updateofeeritem-self-assigns-isactive-ispercentage-menuite.md
8orders/issue/210	docs/knowledge-graph/_system/_issues/210-12-separate-reporting-stored-procedure-wrapper-methods-on.md
8orders/issue/211	docs/knowledge-graph/_system/_issues/211-hangfirebridge-send-the-single-bridge-every-hangfire-sched.md
8orders/issue/212	docs/knowledge-graph/_system/_issues/212-deliverybounscalculationservice-the-live-consumer-that-act.md
8orders/issue/213	docs/knowledge-graph/_system/_issues/213-chatcontext-savechangesasync-has-the-identical-shape-as-ta.md
8orders/issue/214	docs/knowledge-graph/_system/_issues/214-chatreportrepository-getrowsasync-when-an-agent-filter-is.md
8orders/issue/215	docs/knowledge-graph/_system/_issues/215-elasticsearchservices-searchunifiedasync-searchparam-areai.md
8orders/issue/216	docs/knowledge-graph/_system/_issues/216-customermap-cs-45-declares-builder-hasindex-x-x-username-w.md
8orders/issue/217	docs/knowledge-graph/_system/_issues/217-assigndeliverymantoorderdeliveryrequest-fetches-orderdeliv.md
8orders/issue/218	docs/knowledge-graph/_system/_issues/218-validatedeliverymandistancefromorder-computes-restaueantwi.md
8orders/issue/219	docs/knowledge-graph/_system/_issues/219-validatedeliverymandistancefromorder-also-dereferences-thi.md
8orders/issue/22	docs/knowledge-graph/_system/_issues/022-checkofferisvalid-and-validateofferwithindatesandworkingda.md
8orders/issue/220	docs/knowledge-graph/_system/_issues/220-validateifdeliverymancancollectrestaurantdetails-dereferen.md
8orders/issue/221	docs/knowledge-graph/_system/_issues/221-handlerestaurantonlinecontribution-s-amounttoadd-this-serv.md
8orders/issue/222	docs/knowledge-graph/_system/_issues/222-changeorderstatustodeliverymanview-dereferences-this-respo.md
8orders/issue/223	docs/knowledge-graph/_system/_issues/223-rejectrestaurantorderdetailbyavailability-5823-5824-and.md
8orders/issue/224	docs/knowledge-graph/_system/_issues/224-rejectrestaurantsomeitemsbyavailability-correctly-null-con.md
8orders/issue/225	docs/knowledge-graph/_system/_issues/225-getitempriceforlogistics-s-per-restaurant-contribution-sum.md
8orders/issue/226	docs/knowledge-graph/_system/_issues/226-adjustpayments-dereferences-this-cashpayment-value-amount.md
8orders/issue/227	docs/knowledge-graph/_system/_issues/227-deletecustomeraddresscommandhandler-looks-up-the-address-t.md
8orders/issue/228	docs/knowledge-graph/_system/_issues/228-customerusercontroller-getcustomerloyaltypoints-int-custom.md
8orders/issue/229	docs/knowledge-graph/_system/_issues/229-edittieredcomponent-onsubmit-builds-command-restaurantids.md
8orders/issue/23	docs/knowledge-graph/_system/_issues/023-calculateofferdiscount-offerid-and-calculatediscountforoff.md
8orders/issue/230	docs/knowledge-graph/_system/_issues/230-new-formcontrol-validators-required-passes-the-validator-f.md
8orders/issue/231	docs/knowledge-graph/_system/_issues/231-createannouncementcomponent-generateannouncementcommand-ha.md
8orders/issue/232	docs/knowledge-graph/_system/_issues/232-arealistcomponent-delete-e-calls-window-location-reload-im.md
8orders/issue/233	docs/knowledge-graph/_system/_issues/233-editcustomeradscomponent-onadtypechange-only-special-cases.md
8orders/issue/234	docs/knowledge-graph/_system/_issues/234-customernotificationscomponent-changenotificationtype-add.md
8orders/issue/235	docs/knowledge-graph/_system/_issues/235-editfoodtypecomponent-saveedit-has-a-copy-paste-error.md
8orders/issue/236	docs/knowledge-graph/_system/_issues/236-editvouchercomponent-populateform-sets-this-customerlist-f.md
8orders/issue/237	docs/knowledge-graph/_system/_issues/237-storesusermanualcomponent-subs-is-declared-as-subs.md
8orders/issue/238	docs/knowledge-graph/_system/_issues/238-ordernormalmodecomponent-s-constructor-subscribes-to-order.md
8orders/issue/239	docs/knowledge-graph/_system/_issues/239-copy-paste-leftovers-from-a-shared-merchant-rejected-order.md
8orders/issue/24	docs/knowledge-graph/_system/_issues/024-unlike-most-entities-in-this-pass-instance-create-has-zero.md
8orders/issue/240	docs/knowledge-graph/_system/_issues/240-appconfigservice-loadconfig-used-as-the-app-initializer-fa.md
8orders/issue/241	docs/knowledge-graph/_system/_issues/241-oauthinterceptor-intercept-is-meant-to-cancel-the-request.md
8orders/issue/242	docs/knowledge-graph/_system/_issues/242-3-navbar-dropdowns-profile-settings-notifications-are-mean.md
8orders/issue/243	docs/knowledge-graph/_system/_issues/243-editoptioncategorycomponent-defines-ngonchanges-this-ngoni.md
8orders/issue/244	docs/knowledge-graph/_system/_issues/244-conflicts-md-240-s-exact-bug-independently-reproduced-in-t.md
8orders/issue/245	docs/knowledge-graph/_system/_issues/245-getorderstatusinfo-s-orderdisplaystatus-orderconfirmed-cas.md
8orders/issue/246	docs/knowledge-graph/_system/_issues/246-statementcomponent-pagesize-defaults-to-2-and-is-two-way-b.md
8orders/issue/247	docs/knowledge-graph/_system/_issues/247-editproductcomponent-ngoninit-subscribes-to.md
8orders/issue/248	docs/knowledge-graph/_system/_issues/248-uploadexcelreviewingcomponent-saverow-s-invalid-row-branch.md
8orders/issue/249	docs/knowledge-graph/_system/_issues/249-categoryitemformpopupcomponent-submitedit-s-notavaliblefro.md
8orders/issue/25	docs/knowledge-graph/_system/_issues/025-same-total-after-discount-formula-computed-independently-i.md
8orders/issue/250	docs/knowledge-graph/_system/_issues/250-restaurantlogcomponent-exportgridtopdf-s-row-array-swaps.md
8orders/issue/251	docs/knowledge-graph/_system/_issues/251-entityaction-lookup-used-to-populate-the-log-filter-s-acti.md
8orders/issue/252	docs/knowledge-graph/_system/_issues/252-updateexternalcustomercomponent-ngoninit-s-missing-custome.md
8orders/issue/253	docs/knowledge-graph/_system/_issues/253-externaldeliveryrequestdetailscomponent-rejectrequest-s-su.md
8orders/issue/254	docs/knowledge-graph/_system/_issues/254-managecategoryitemspricecomponent-ismultimerchant-is-set-t.md
8orders/issue/255	docs/knowledge-graph/_system/_issues/255-audiancefilterhelper-handlestoretypefilter-matches-ta-stor.md
8orders/issue/256	docs/knowledge-graph/_system/_issues/256-deliverymanpricingcalculatoradapter-calculatepricingasync.md
8orders/issue/257	docs/knowledge-graph/_system/_issues/257-trackingappinstalljob-updatecustomerappinstallstatus-runs.md
8orders/issue/258	docs/knowledge-graph/_system/_issues/258-journalsubuscriptionservice-handle-hardcodes-excutionhisto.md
8orders/issue/259	docs/knowledge-graph/_system/_issues/259-paymentprocessingservice-processpayment-calls-order-setpay.md
8orders/issue/26	docs/knowledge-graph/_system/_issues/026-calculatedeliverynets-s-branches-each-set-only-one-of-deli.md
8orders/issue/260	docs/knowledge-graph/_system/_issues/260-roundrobinservice-assignordertouserinround-reads-the-highe.md
8orders/issue/261	docs/knowledge-graph/_system/_issues/261-vlservsms-getcredentials-hardcodes-the-sms-gateway-s-plain.md
8orders/issue/262	docs/knowledge-graph/_system/_issues/262-workinghoursvalidationservice-validatechatallowedasync-s-o.md
8orders/issue/263	docs/knowledge-graph/_system/_issues/263-validatequantitiesfromerpasync-and-getavailablequantityfro.md
8orders/issue/264	docs/knowledge-graph/_system/_issues/264-changecartitemoptionspriceeventhandler-and.md
8orders/issue/265	docs/knowledge-graph/_system/_issues/265-compensationapprovedeventhandler-addmerchantcompensationtr.md
8orders/issue/266	docs/knowledge-graph/_system/_issues/266-loyaltypointseventhandler-handleloyaltypoints-dereferences.md
8orders/issue/267	docs/knowledge-graph/_system/_issues/267-resendordertorestauranteventhandler-handle-dereferences-or.md
8orders/issue/268	docs/knowledge-graph/_system/_issues/268-both-configurationdto-mapping-and-configurationoperationdt.md
8orders/issue/269	docs/knowledge-graph/_system/_issues/269-orderbuilder-buildorder-treats-customeraddress-as-possibly.md
8orders/issue/27	docs/knowledge-graph/_system/_issues/027-update-appends-the-incoming-sub-category-list-to-the-exist.md
8orders/issue/270	docs/knowledge-graph/_system/_issues/270-intialtimeoutrequestcounterservice-setinitialcountasync-ha.md
8orders/issue/271	docs/knowledge-graph/_system/_issues/271-encryptionhelper-despite-living-in-an-encryption-namespace.md
8orders/issue/272	docs/knowledge-graph/_system/_issues/272-forceassigndeliverymenservice-fires-several-async-cache-qu.md
8orders/issue/273	docs/knowledge-graph/_system/_issues/273-getsailsdailycompensationdetailsqueryhandler-handle-s-per.md
8orders/issue/274	docs/knowledge-graph/_system/_issues/274-enumextensions-listlocalized-silently-excludes-any-enum-me.md
8orders/issue/275	docs/knowledge-graph/_system/_issues/275-hangfirejobqueue-s-stringvalue-attributes-and-the-co-locat.md
8orders/issue/276	docs/knowledge-graph/_system/_issues/276-jobtestrequest-ischeduledjob-is-defined-inside-newregistra.md
8orders/issue/277	docs/knowledge-graph/_system/_issues/277-tiereddiscounttier-update-tiereddiscounttierpoco-is-never.md
8orders/issue/278	docs/knowledge-graph/_system/_issues/278-deliverymenprofitcalculator-calculate-s-per-orderdelivery.md
8orders/issue/279	docs/knowledge-graph/_system/_issues/279-clientauthenticationhandler-sendasync-s-token-refresh-chec.md
8orders/issue/28	docs/knowledge-graph/_system/_issues/028-isscheduled-parameter-passed-to-create-update-is-used-only.md
8orders/issue/280	docs/knowledge-graph/_system/_issues/280-gettokenfromids-updatetoken-hardcodes-the-oauth-client-id.md
8orders/issue/281	docs/knowledge-graph/_system/_issues/281-customreportstoragewebextension-getdataasync-declares-xtra.md
8orders/issue/282	docs/knowledge-graph/_system/_issues/282-exceptionhandlermiddleware-handleexceptionmessageasync-the.md
8orders/issue/283	docs/knowledge-graph/_system/_issues/283-sharedweb-helpers-orderhelper-checkoutcreatesession-create.md
8orders/issue/284	docs/knowledge-graph/_system/_issues/284-fromdatetogetreviews-datetime-parameter-on-sp-getactiveres.md
8orders/issue/285	docs/knowledge-graph/_system/_issues/285-addmultiplestoreuserbyadmincommand-handle-resolves-command.md
8orders/issue/286	docs/knowledge-graph/_system/_issues/286-completecustomerregistrationcommand-handle-logs-the-custom.md
8orders/issue/287	docs/knowledge-graph/_system/_issues/287-orderdistributioncommandsecondstage-orderdistributioncomma.md
8orders/issue/288	docs/knowledge-graph/_system/_issues/288-resendactivationcodeforrestaurantusercommand-handle-querie.md
8orders/issue/289	docs/knowledge-graph/_system/_issues/289-talabatk-ids-helper-authhelper-clientauthenticationhandler.md
8orders/issue/29	docs/knowledge-graph/_system/_issues/029-create-has-zero-business-validation-no-check-on-orderid-or.md
8orders/issue/290	docs/knowledge-graph/_system/_issues/290-customernotificationprovider-sendnewordernotificationtodel.md
8orders/issue/291	docs/knowledge-graph/_system/_issues/291-calculatedeliverymanworkinghoursjob-closedeliverymanshiftl.md
8orders/issue/292	docs/knowledge-graph/_system/_issues/292-customeridentityprofileservice-isactiveasync-s-deliverymob.md
8orders/issue/293	docs/knowledge-graph/_system/_issues/293-glapiservice-sendrejectedorderspenalityjournals-s-per-reje.md
8orders/issue/294	docs/knowledge-graph/_system/_issues/294-compensationjournaldtobuilder-is-a-static-class-that-store.md
8orders/issue/295	docs/knowledge-graph/_system/_issues/295-cashcontrollapiservices-markorderaspaid-erpcashpaymentdto.md
8orders/issue/296	docs/knowledge-graph/_system/_issues/296-buildingaudiancecustomerjob-maxparallelaudiences-is-declar.md
8orders/issue/297	docs/knowledge-graph/_system/_issues/297-orderssamestatusnotifier-notifyasync-s-per-user-loop-calls.md
8orders/issue/298	docs/knowledge-graph/_system/_issues/298-announcementandroidgcmpushnotification-shourtcutandroidgcm.md
8orders/issue/299	docs/knowledge-graph/_system/_issues/299-offlinedeliverymenchecker-an-asp-net-core-backgroundservic.md
8orders/issue/3	docs/knowledge-graph/_system/_issues/003-jwt-validation-identityprovider-cs-is-copy-pasted-four-tim.md
8orders/issue/30	docs/knowledge-graph/_system/_issues/030-shift-duration-validator-enforces-an-18-hour-cap-totalhour.md
8orders/issue/300	docs/knowledge-graph/_system/_issues/300-customreportstoragewebextension-getdataasync-only-ever-pop.md
8orders/issue/301	docs/knowledge-graph/_system/_issues/301-versioningapiandroidgcmpushnotification-and-announcementan.md
8orders/issue/302	docs/knowledge-graph/_system/_issues/302-cursor-rules-csharp-coding-standards-mdc-717-documents-ena.md
8orders/issue/303	docs/knowledge-graph/_system/_issues/303-logginghandlermiddlerware-writes-full-exception-detail-mes.md
8orders/issue/304	docs/knowledge-graph/_system/_issues/304-talabatkapis-helper-notifications-shourtcutandroidgcmpushn.md
8orders/issue/305	docs/knowledge-graph/_system/_issues/305-responsemappingfilter-is-registered-nowhere-startup-cs-61.md
8orders/issue/306	docs/knowledge-graph/_system/_issues/306-clientauthenticationhandler-sendasync-s-refresh-condition.md
8orders/issue/307	docs/knowledge-graph/_system/_issues/307-checkversionmiddleware-cs-physically-lives-at-talabatkdeli.md
8orders/issue/308	docs/knowledge-graph/_system/_issues/308-exceptionhandlermiddleware-handleexceptionmessageasync-put.md
8orders/issue/309	docs/knowledge-graph/_system/_issues/309-logoutsessionmanager-identityserver4-quickstart-sample-boi.md
8orders/issue/31	docs/knowledge-graph/_system/_issues/031-restaurantmobile-login-has-zero-status-checks-no-active-is.md
8orders/issue/310	docs/knowledge-graph/_system/_issues/310-views-deliverymanshift-newmap-cshtml-s-maplibre-style-url.md
8orders/issue/311	docs/knowledge-graph/_system/_issues/311-reportsfactory-reports-registers-only-7-of-the-8-report-cl.md
8orders/issue/312	docs/knowledge-graph/_system/_issues/312-storeshub-sendautoconfirmorder-restaurantids-message-and.md
8orders/issue/313	docs/knowledge-graph/_system/_issues/313-program-cs-s-createhostbuilder-calls-useserilog-provider-l.md
8orders/issue/314	docs/knowledge-graph/_system/_issues/314-startup-cs-187-registers-app-useexceptionhandler-error-for.md
8orders/issue/315	docs/knowledge-graph/_system/_issues/315-classic-mvc-view-shell-is-unfinished-placeholder-scaffoldi.md
8orders/issue/316	docs/knowledge-graph/_system/_issues/316-authguardguard-canactivate-s-two-permission-check-branches.md
8orders/issue/317	docs/knowledge-graph/_system/_issues/317-app-component-spec-ts-s-scaffold-test-asserts-app-title-eq.md
8orders/issue/318	docs/knowledge-graph/_system/_issues/318-storetypeserviceservice-double-service-suffix-an-ng-genera.md
8orders/issue/319	docs/knowledge-graph/_system/_issues/319-appcomponent-s-constructor-checks-if-this-role-rolesenum-m.md
8orders/issue/32	docs/knowledge-graph/_system/_issues/032-isactiveasync-s-deliverymobile-branch.md
8orders/issue/320	docs/knowledge-graph/_system/_issues/320-conflicts-md-317-s-exact-bug-independently-reproduced-in-t.md
8orders/issue/321	docs/knowledge-graph/_system/_issues/321-talabatkapis-resources-sharedresource-resx-the-neutral-no.md
8orders/issue/322	docs/knowledge-graph/_system/_issues/322-can-tcancelpayment-resource-key-has-a-real-english-message.md
8orders/issue/323	docs/knowledge-graph/_system/_issues/323-adminui-clientapp-src-environments-environment-prod-ts-the.md
8orders/issue/324	docs/knowledge-graph/_system/_issues/324-adminui-clientapp-e2e-app-e2e-spec-ts-app-po-ts-protractor.md
8orders/issue/325	docs/knowledge-graph/_system/_issues/325-out-of-stock-change-pr-63478-arrived-via-the-2026-08-20-re.md
8orders/issue/326	docs/knowledge-graph/_system/_issues/326-imagebankrootresolver-resolve-carries-an-explicit-comment.md
8orders/issue/327	docs/knowledge-graph/_system/_issues/327-updaterestaurantoffercommand-s-update-existing-offer-items.md
8orders/issue/328	docs/knowledge-graph/_system/_issues/328-unconfirmordercommand-handle-guards-the-multi-restaurant-c.md
8orders/issue/329	docs/knowledge-graph/_system/_issues/329-lowqualityimagejob-removeasync-recursively-walks-the-entir.md
8orders/issue/33	docs/knowledge-graph/_system/_issues/033-storeshub-sendautoconfirmorder-sendcancelreservationrestau.md
8orders/issue/330	docs/knowledge-graph/_system/_issues/330-file-logging-middleware-writes-full-exception-detail-messa.md
8orders/issue/331	docs/knowledge-graph/_system/_issues/331-signing-key-material-and-service-account-credentials-are-c.md
8orders/issue/332	docs/knowledge-graph/_system/_issues/332-every-one-of-the-9-in-scope-projects-targets-net6-0-verifi.md
8orders/issue/333	docs/knowledge-graph/_system/_issues/333-two-production-log-files-are-committed-to-git-under-talaba.md
8orders/issue/334	docs/knowledge-graph/_system/_issues/334-cluster-of-pathological-filenames-that-both-confuse-reader.md
8orders/issue/335	docs/knowledge-graph/_system/_issues/335-loyaltyconfigauditlogmap-configures-the-audit-log-table-s.md
8orders/issue/336	docs/knowledge-graph/_system/_issues/336-application-entity-api-client-registration-holds-secret-na.md
8orders/issue/337	docs/knowledge-graph/_system/_issues/337-ef-configuration-for-a-single-entity-resturantbusyhistory.md
8orders/issue/338	docs/knowledge-graph/_system/_issues/338-promocodes-promo-the-human-facing-promo-code-that-every-re.md
8orders/issue/339	docs/knowledge-graph/_system/_issues/339-11-migrations-are-irreversible.md
8orders/issue/34	docs/knowledge-graph/_system/_issues/034-full-restaurant-profile-editing-restaurant-updaterestauran.md
8orders/issue/340	docs/knowledge-graph/_system/_issues/340-write-once-financial-ledgers-are-configured-to-cascade-del.md
8orders/issue/341	docs/knowledge-graph/_system/_issues/341-adr-0001-status-accepted-explicitly-requires-guest-creatio.md
8orders/issue/342	docs/knowledge-graph/_system/_issues/342-knowledge-graph-s-own-stated-method-is-bridge-to-canonical.md
8orders/issue/343	docs/knowledge-graph/_system/_issues/343-there-is-no-effective-automated-quality-gate-on-any-change.md
8orders/issue/344	docs/knowledge-graph/_system/_issues/344-failed-production-deployment-reports-success.md
8orders/issue/345	docs/knowledge-graph/_system/_issues/345-nuget-config-is-tracked-in-git-and-hard-codes-a-devexpress.md
8orders/issue/346	docs/knowledge-graph/_system/_issues/346-talabatkdelivery-wwwroot-js-contains-five-pairs-of-near-du.md
8orders/issue/347	docs/knowledge-graph/_system/_issues/347-complete-third-party-credential-set-is-committed-to-git-in.md
8orders/issue/348	docs/knowledge-graph/_system/_issues/348-in-the-daily-sales-financial-grid-a-feature-flag-shifts-tw.md
8orders/issue/349	docs/knowledge-graph/_system/_issues/349-any-authenticated-delivery-man-can-harvest-every-customer.md
8orders/issue/35	docs/knowledge-graph/_system/_issues/035-two-independent-feature-flag-check-endpoints-exist-side-by.md
8orders/issue/350	docs/knowledge-graph/_system/_issues/350-five-customer-scoped-handlers-act-on-a-request-supplied-ro.md
8orders/issue/351	docs/knowledge-graph/_system/_issues/351-remove-one-device-wipes-the-user-s-entire-device-list.md
8orders/issue/352	docs/knowledge-graph/_system/_issues/352-two-main-order-write-paths-both-dereference-a-deliberately.md
8orders/issue/353	docs/knowledge-graph/_system/_issues/353-reordercommand-s-option-price-comparison-is-a-tautology-th.md
8orders/issue/354	docs/knowledge-graph/_system/_issues/354-all-day-date-ranged-announcements-start-on-the-wrong-sched.md
8orders/issue/355	docs/knowledge-graph/_system/_issues/355-apple-pay-orders-are-deliberately-admitted-with-a-null-pay.md
8orders/issue/356	docs/knowledge-graph/_system/_issues/356-every-production-host-resolves-feature-flags-under-a-non-p.md
8orders/issue/357	docs/knowledge-graph/_system/_issues/357-elasticsearch-tls-certificate-validation-is-unconditionall.md
8orders/issue/358	docs/knowledge-graph/_system/_issues/358-production-config-for-the-delivery-host-points-fawry-payme.md
8orders/issue/359	docs/knowledge-graph/_system/_issues/359-application-logs-are-shipped-to-a-raw-public-ip-over-plain.md
8orders/issue/36	docs/knowledge-graph/_system/_issues/036-two-different-commands-both-check-does-this-delivery-man-h.md
8orders/issue/360	docs/knowledge-graph/_system/_issues/360-epplus-is-configured-with-excelpackage-licensecontext-nonc.md
8orders/issue/361	docs/knowledge-graph/_system/_issues/361-semantic-search-runs-a-different-algorithm-in-production-t.md
8orders/issue/362	docs/knowledge-graph/_system/_issues/362-trackingorder-leaks-any-customer-s-home-gps-coordinates-an.md
8orders/issue/363	docs/knowledge-graph/_system/_issues/363-any-authenticated-customer-can-read-any-other-customer-s-o.md
8orders/issue/364	docs/knowledge-graph/_system/_issues/364-getcustomerdeliverychathistoryquery-returns-the-full-custo.md
8orders/issue/365	docs/knowledge-graph/_system/_issues/365-validateorderaddresschangequery-the-read-side-twin-of-the.md
8orders/issue/366	docs/knowledge-graph/_system/_issues/366-customeraddresses-is-routinely-fetched-by-address-id-alone.md
8orders/issue/367	docs/knowledge-graph/_system/_issues/367-data-protection-key-rings-are-per-server-on-a-two-server-p.md
8orders/issue/368	docs/knowledge-graph/_system/_issues/368-every-publish-profile-sets-excludeapp-data-false-so-the-co.md
8orders/issue/369	docs/knowledge-graph/_system/_issues/369-6-in-scope-bak-files-are-tracked-in-git-two-of-which-diver.md
8orders/issue/37	docs/knowledge-graph/_system/_issues/037-deleteuser-doesn-t-check-the-command-s-success-failure-bef.md
8orders/issue/370	docs/knowledge-graph/_system/_issues/370-4-of-72-adminui-routes-have-no-canactivate-guard-and-no-da.md
8orders/issue/371	docs/knowledge-graph/_system/_issues/371-email-url-website-format-validation-is-declared-in-markup.md
8orders/issue/372	docs/knowledge-graph/_system/_issues/372-destructive-and-privileged-admin-controls-that-carry-no-pe.md
8orders/issue/373	docs/knowledge-graph/_system/_issues/373-grid-edit-and-delete-buttons-across-the-admin-app-are-tool.md
8orders/issue/374	docs/knowledge-graph/_system/_issues/374-no-host-requires-authentication-by-default-and-13-adminui.md
8orders/issue/375	docs/knowledge-graph/_system/_issues/375-unauthenticated-caller-can-trigger-the-delivery-men-insura.md
8orders/issue/376	docs/knowledge-graph/_system/_issues/376-patch-api-order-changepaymentonlinestatus-carries-allowano.md
8orders/issue/377	docs/knowledge-graph/_system/_issues/377-merchant-payment-can-be-submitted-with-a-zero-amount-and-t.md
8orders/issue/378	docs/knowledge-graph/_system/_issues/378-required-form-control-exists-that-has-no-field-in-the-temp.md
8orders/issue/379	docs/knowledge-graph/_system/_issues/379-admin-report-screens-mislabelled-outputs-and-unguarded-fil.md
8orders/issue/38	docs/knowledge-graph/_system/_issues/038-third-top-level-deliverymencontroller-cs-s-activateuser-ac.md
8orders/issue/380	docs/knowledge-graph/_system/_issues/380-merchant-portal-control-defects.md
8orders/issue/381	docs/knowledge-graph/_system/_issues/381-arabic-and-english-translation-files-are-out-of-sync-and-o.md
8orders/issue/382	docs/knowledge-graph/_system/_issues/382-manifest-s-read-status-was-an-intention-not-a-record-so-10.md
8orders/issue/383	docs/knowledge-graph/_system/_issues/383-seven-high-traffic-domain-entities-carry-findings-but-have.md
8orders/issue/384	docs/knowledge-graph/_system/_issues/384-coverage-verifier-enumerated-only-8-491-of-14-076-tracked.md
8orders/issue/385	docs/knowledge-graph/_system/_issues/385-nine-untracked-source-files-exist-on-disk-in-an-in-scope-p.md
8orders/issue/386	docs/knowledge-graph/_system/_issues/386-every-delivery-man-s-password-hash-is-returned-to-any-auth.md
8orders/issue/387	docs/knowledge-graph/_system/_issues/387-customer-is-told-their-wallet-changed-before-the-wallet-ch.md
8orders/issue/388	docs/knowledge-graph/_system/_issues/388-verifier-s-vendor-exclusion-rule-was-written-from-an-assum.md
8orders/issue/389	docs/knowledge-graph/_system/_issues/389-does-this-driver-already-have-an-order-on-the-way-check-is.md
8orders/issue/39	docs/knowledge-graph/_system/_issues/039-talabatk-ids-controllers-featuremangamentcontroller-featur.md
8orders/issue/390	docs/knowledge-graph/_system/_issues/390-deactivated-delivery-man-can-still-assign-orders-to-themse.md
8orders/issue/391	docs/knowledge-graph/_system/_issues/391-first-time-save-of-merchant-instruction-videos-writes-the.md
8orders/issue/392	docs/knowledge-graph/_system/_issues/392-insurance-account-settlements-are-written-with-no-amount-v.md
8orders/issue/393	docs/knowledge-graph/_system/_issues/393-offline-location-logging-is-silently-disabled-for-every-ov.md
8orders/issue/394	docs/knowledge-graph/_system/_issues/394-one-factory-result-that-can-fail-is-the-one-not-checked.md
8orders/issue/395	docs/knowledge-graph/_system/_issues/395-command-that-actually-adds-an-option-to-the-cart-validates.md
8orders/issue/396	docs/knowledge-graph/_system/_issues/396-when-saving-a-restaurant-and-delivery-review-fails-the-api.md
8orders/issue/397	docs/knowledge-graph/_system/_issues/397-home-screen-slider-can-be-saved-with-a-blank-display-name.md
8orders/issue/398	docs/knowledge-graph/_system/_issues/398-two-commands-write-the-same-promocodes-table-and-enforce-m.md
8orders/issue/399	docs/knowledge-graph/_system/_issues/399-all-23-identityserver-client-and-api-resource-secrets-are.md
8orders/issue/4	docs/knowledge-graph/_system/_issues/004-every-read-path-assumes-exactly-one-customercart-per-custo.md
8orders/issue/40	docs/knowledge-graph/_system/_issues/040-centrifugocontroller-s-inbound-webhook-api-centrifugo-publ.md
8orders/issue/400	docs/knowledge-graph/_system/_issues/400-any-caller-can-overwrite-any-customer-s-address-and-reassi.md
8orders/issue/401	docs/knowledge-graph/_system/_issues/401-apple-pay-payment-callback-is-accepted-with-no-authenticit.md
8orders/issue/402	docs/knowledge-graph/_system/_issues/402-webhook-api-key-list-endpoint-returns-every-key-in-plainte.md
8orders/issue/403	docs/knowledge-graph/_system/_issues/403-soft-delete-is-enforced-per-query-rather-than-globally-and.md
8orders/issue/404	docs/knowledge-graph/_system/_issues/404-client-supplied-id-silently-overrides-session-scope-becaus.md
8orders/issue/405	docs/knowledge-graph/_system/_issues/405-any-user-s-full-permission-list-can-be-read-without-authen.md
8orders/issue/406	docs/knowledge-graph/_system/_issues/406-three-implementations-of-is-this-menu-item-available-disag.md
8orders/issue/407	docs/knowledge-graph/_system/_issues/407-any-authenticated-admin-portal-user-of-any-role-can-read-a.md
8orders/issue/408	docs/knowledge-graph/_system/_issues/408-platform-s-internal-accounting-and-payment-provider-config.md
8orders/issue/409	docs/knowledge-graph/_system/_issues/409-busy-window-scheduled-for-later-shows-the-restaurant-as-bu.md
8orders/issue/41	docs/knowledge-graph/_system/_issues/041-restaurantnotificationcontroller-the-confirmed-correct-rel.md
8orders/issue/410	docs/knowledge-graph/_system/_issues/410-genuinely-active-offer-s-discount-can-be-silently-dropped.md
8orders/issue/411	docs/knowledge-graph/_system/_issues/411-upper-bound-of-the-bonus-window-does-nothing-so-orders-del.md
8orders/issue/412	docs/knowledge-graph/_system/_issues/412-any-delivery-man-s-gps-location-and-working-hours-are-read.md
8orders/issue/413	docs/knowledge-graph/_system/_issues/413-four-register-rows-contain-unescaped-characters-so-they-re.md
8orders/issue/414	docs/knowledge-graph/_system/_issues/414-granular-permission-check-on-a-customer-pii-endpoint-is-pr.md
8orders/issue/415	docs/knowledge-graph/_system/_issues/415-home-page-item-search-returns-an-empty-list-for-every-page.md
8orders/issue/416	docs/knowledge-graph/_system/_issues/416-nothing-in-this-codebase-shares-a-helper-for-is-now-inside.md
8orders/issue/417	docs/knowledge-graph/_system/_issues/417-merchant-cash-receipts-are-posted-with-no-amount-validatio.md
8orders/issue/418	docs/knowledge-graph/_system/_issues/418-two-ways-money-reaches-the-general-ledger-without-the-guar.md
8orders/issue/419	docs/knowledge-graph/_system/_issues/419-proof-of-delivery-evidence-is-deleted-before-its-replaceme.md
8orders/issue/42	docs/knowledge-graph/_system/_issues/042-two-write-capable-endpoints-marked-allowanonymous.md
8orders/issue/420	docs/knowledge-graph/_system/_issues/420-delivery-man-viewed-your-order-admin-notification-is-addre.md
8orders/issue/421	docs/knowledge-graph/_system/_issues/421-any-authenticated-customer-can-obtain-a-real-time-chat-tok.md
8orders/issue/422	docs/knowledge-graph/_system/_issues/422-discriminator-enum-is-used-as-a-numeric-recurrence-interva.md
8orders/issue/423	docs/knowledge-graph/_system/_issues/423-operator-in-the-audience-filter-builder-is-a-copy-paste-of.md
8orders/issue/424	docs/knowledge-graph/_system/_issues/424-back-in-stock-notification-stores-english-text-in-the-arab.md
8orders/issue/425	docs/knowledge-graph/_system/_issues/425-audience-targeting-subsystem-has-three-implementations-of.md
8orders/issue/426	docs/knowledge-graph/_system/_issues/426-order-delayed-notifications-call-the-new-registration-endp.md
8orders/issue/427	docs/knowledge-graph/_system/_issues/427-useranddeliveryauthorizationfilter-grants-access-when-it-c.md
8orders/issue/428	docs/knowledge-graph/_system/_issues/428-soft-deleting-a-delivery-man-reports-success-when-one-of-i.md
8orders/issue/429	docs/knowledge-graph/_system/_issues/429-empty-country-code-crashes-the-public-otp-endpoint-with-a.md
8orders/issue/43	docs/knowledge-graph/_system/_issues/043-two-pairs-of-near-duplicate-endpoints-where-one-sibling-en.md
8orders/issue/430	docs/knowledge-graph/_system/_issues/430-night-shift-delivery-men-are-never-recorded-as-attending-a.md
8orders/issue/431	docs/knowledge-graph/_system/_issues/431-notification-recipient-row-is-added-to-one-dbcontext-and-s.md
8orders/issue/432	docs/knowledge-graph/_system/_issues/432-night-shifts-are-storable-but-match-nothing-so-every-consu.md
8orders/issue/433	docs/knowledge-graph/_system/_issues/433-there-is-no-machine-checkable-link-between-an-agent-s-inbo.md
8orders/issue/434	docs/knowledge-graph/_system/_issues/434-hidden-menu-items-leak-through-the-v2-items-by-category-en.md
8orders/issue/435	docs/knowledge-graph/_system/_issues/435-missing-restaurant-returns-http-200-with-a-null-body-inste.md
8orders/issue/436	docs/knowledge-graph/_system/_issues/436-two-live-classes-share-the-name-getrestaurantuserinfoquery.md
8orders/issue/437	docs/knowledge-graph/_system/_issues/437-merchant-ad-card-endpoint-can-return-a-json-array-containi.md
8orders/issue/438	docs/knowledge-graph/_system/_issues/438-two-live-endpoints-answer-which-vouchers-does-this-custome.md
8orders/issue/439	docs/knowledge-graph/_system/_issues/439-complaintscontroller-carries-no-authorization-attribute-of.md
8orders/issue/44	docs/knowledge-graph/_system/_issues/044-optioncategorycontroller-optionscategoryfeature-is-gated-b.md
8orders/issue/440	docs/knowledge-graph/_system/_issues/440-live-api-key-is-returned-in-a-response-body-to-any-authent.md
8orders/issue/441	docs/knowledge-graph/_system/_issues/441-adminui-s-permission-model-is-applied-per-action-by-hand-a.md
8orders/issue/442	docs/knowledge-graph/_system/_issues/442-any-authenticated-caller-can-credit-any-amount-to-any-cust.md
8orders/issue/443	docs/knowledge-graph/_system/_issues/443-entire-public-api-controller-is-anonymous-because-its-auth.md
8orders/issue/444	docs/knowledge-graph/_system/_issues/444-any-authenticated-bearer-token-can-edit-any-delivery-man-i.md
8orders/issue/445	docs/knowledge-graph/_system/_issues/445-merchantadmin-of-one-restaurant-can-reset-passwords-delete.md
8orders/issue/446	docs/knowledge-graph/_system/_issues/446-six-controllers-carry-an-authorize-attribute-that-does-not.md
8orders/issue/447	docs/knowledge-graph/_system/_issues/447-role-management-itself-is-unprotected.md
8orders/issue/448	docs/knowledge-graph/_system/_issues/448-office-cash-handover-path-understates-a-driver-s-cash-limi.md
8orders/issue/449	docs/knowledge-graph/_system/_issues/449-shortcut-app-customers-lose-their-exemption-from-the-large.md
8orders/issue/45	docs/knowledge-graph/_system/_issues/045-notificationscontroller-route-api-restaurantnotification-a.md
8orders/issue/450	docs/knowledge-graph/_system/_issues/450-promo-code-restricted-to-specific-customers-or-audiences-i.md
8orders/issue/451	docs/knowledge-graph/_system/_issues/451-store-mart-stock-validation-is-skipped-entirely-for-any-ca.md
8orders/issue/452	docs/knowledge-graph/_system/_issues/452-customer-blocked-from-cash-on-delivery-can-still-place-a-c.md
8orders/issue/453	docs/knowledge-graph/_system/_issues/453-deactivating-or-deleting-a-customer-account-leaves-their-e.md
8orders/issue/454	docs/knowledge-graph/_system/_issues/454-nightly-job-forces-every-driver-in-the-company-offline-at.md
8orders/issue/455	docs/knowledge-graph/_system/_issues/455-one-google-maps-browser-key-is-hardcoded-in-at-least-two-c.md
8orders/issue/456	docs/knowledge-graph/_system/_issues/456-authguardguard-provides-no-meaningful-access-control-at-al.md
8orders/issue/457	docs/knowledge-graph/_system/_issues/457-across-both-portals-several-client-side-authorization-flag.md
8orders/issue/458	docs/knowledge-graph/_system/_issues/458-two-controls-in-the-external-customer-screen-exist-only-in.md
8orders/issue/459	docs/knowledge-graph/_system/_issues/459-instance-description-deliveryzoneareaid-deliveryzoneid-acc.md
8orders/issue/46	docs/knowledge-graph/_system/_issues/046-three-more-fully-allowanonymous-controllers-actions-with-r.md
8orders/issue/460	docs/knowledge-graph/_system/_issues/460-create-forces-ismart-true-when-specialmartcategory-is-offe.md
8orders/issue/461	docs/knowledge-graph/_system/_issues/461-offlineduration-filters-p-offlineto-value-timeofday-p-offl.md
8orders/issue/462	docs/knowledge-graph/_system/_issues/462-four-duration-properties-disagree-about-which-shift-detail.md
8orders/issue/463	docs/knowledge-graph/_system/_issues/463-instance-refuses-to-create-a-review-with-rate-3-and-no-rea.md
8orders/issue/464	docs/knowledge-graph/_system/_issues/464-typeof-deliverylowrateenum-list-firstordefault-x-x-id-reas.md
8orders/issue/465	docs/knowledge-graph/_system/_issues/465-updatedescription-string-description-assigns-restaurantnam.md
8orders/issue/466	docs/knowledge-graph/_system/_issues/466-setimage-assigns-this-image-and-returns-result-success-thi.md
8orders/issue/467	docs/knowledge-graph/_system/_issues/467-update-calls-subscriptions-clear-and-then-replaces-the-col.md
8orders/issue/468	docs/knowledge-graph/_system/_issues/468-contributionpct-is-bounded-by-neither-create-nor-update-no.md
8orders/issue/469	docs/knowledge-graph/_system/_issues/469-voucherexpirydays-is-taken-by-create-and-touched-by-no-mut.md
8orders/issue/47	docs/knowledge-graph/_system/_issues/047-wallettransactionrechargereasoncontroller-getbyid-is-route.md
8orders/issue/470	docs/knowledge-graph/_system/_issues/470-fourth-site-of-18-s-comma-separated-ids-in-a-string-patter.md
8orders/issue/471	docs/knowledge-graph/_system/_issues/471-instance-never-sets-expirationdate-a-non-nullable-datetime.md
8orders/issue/472	docs/knowledge-graph/_system/_issues/472-third-site-of-20-s-exact-guard-bug.md
8orders/issue/473	docs/knowledge-graph/_system/_issues/473-entity-carries-customerid-customer-and-unregisteredcustome.md
8orders/issue/474	docs/knowledge-graph/_system/_issues/474-rejectforavailability-distinguishes-availability-rejection.md
8orders/issue/475	docs/knowledge-graph/_system/_issues/475-create-is-internal-static-and-enforces-bonusvalue-0-and-mi.md
8orders/issue/476	docs/knowledge-graph/_system/_issues/476-two-models-hold-the-same-three-fields-for-the-same-concept.md
8orders/issue/477	docs/knowledge-graph/_system/_issues/477-optioncategorydescription-is-mapped-and-returned-to-the-ap.md
8orders/issue/478	docs/knowledge-graph/_system/_issues/478-categorydescription-is-configured-with-hasmaxlength-250-an.md
8orders/issue/479	docs/knowledge-graph/_system/_issues/479-deliverymanreviewmap-is-an-ientitytypeconfiguration-living.md
8orders/issue/48	docs/knowledge-graph/_system/_issues/048-adminui-controllers-featuremangamentcontroller-featuremang.md
8orders/issue/480	docs/knowledge-graph/_system/_issues/480-both-have-mapping-files-appear-in-the-authoritative-snapsh.md
8orders/issue/481	docs/knowledge-graph/_system/_issues/481-shared-talabatklogic-talabatkmodels-entitybase-cs-declares.md
8orders/issue/482	docs/knowledge-graph/_system/_issues/482-four-devexpress-report-layouts-bind-directly-to-stored-pro.md
8orders/issue/483	docs/knowledge-graph/_system/_issues/483-event-is-never-raised-zero-new-firstcustomerorderevent-acr.md
8orders/issue/484	docs/knowledge-graph/_system/_issues/484-declared-internal-the-only-non-public-event-of-56-and-neve.md
8orders/issue/485	docs/knowledge-graph/_system/_issues/485-never-raised-never-handled-referenced-nowhere-outside-its.md
8orders/issue/486	docs/knowledge-graph/_system/_issues/486-idsclienthandler-exists-in-five-copies.md
8orders/issue/487	docs/knowledge-graph/_system/_issues/487-egyptdatetime-converttoegyptdatetime-calls-timezoneinfo-co.md
8orders/issue/488	docs/knowledge-graph/_system/_issues/488-both-host-copies-of-globalization-pin-datetimeformat-calen.md
8orders/issue/489	docs/knowledge-graph/_system/_issues/489-custompermissionfilter-onauthorization-does-if-rolewithper.md
8orders/issue/49	docs/knowledge-graph/_system/_issues/049-reportscontroller-merchantdailyreport-inlines-a-hand-writt.md
8orders/issue/490	docs/knowledge-graph/_system/_issues/490-add-and-remove-both-lock-connections.md
8orders/issue/491	docs/knowledge-graph/_system/_issues/491-addorupdateevent-tevent-func-tevent-factory-has-no-else.md
8orders/issue/492	docs/knowledge-graph/_system/_issues/492-single-character-restaurant-search-issues-exactly-one-scor.md
8orders/issue/493	docs/knowledge-graph/_system/_issues/493-elasticsearchservices-cs-1338-repeats-492-byte-for-byte-wi.md
8orders/issue/494	docs/knowledge-graph/_system/_issues/494-searchscoring-md-s-per-key-prose-examples-quote-code-defau.md
8orders/issue/495	docs/knowledge-graph/_system/_issues/495-searchscoringoptions-cs-18-27-declares-minmerchantfinalsco.md
8orders/issue/496	docs/knowledge-graph/_system/_issues/496-documented-sort-order-lists-two-levels-availability-tier-t.md
8orders/issue/497	docs/knowledge-graph/_system/_issues/497-builderdirector-completeorderbuilder-declares-bool-skippay.md
8orders/issue/498	docs/knowledge-graph/_system/_issues/498-isshortcutapp-is-declared-at-builderdirector-cs-53-never-r.md
8orders/issue/499	docs/knowledge-graph/_system/_issues/499-orderwalletbuilder-assigns-thread-currentthread-currentuic.md
8orders/issue/5	docs/knowledge-graph/_system/_issues/005-restaurant-menu-descriptive-data-name-logo-tax-rate-is-sna.md
8orders/issue/50	docs/knowledge-graph/_system/_issues/050-createannouncementcomponent-generateannouncementcommand-se.md
8orders/issue/500	docs/knowledge-graph/_system/_issues/500-builderdirector-cs-96-selects-the-wallet-payment-row-by-pa.md
8orders/issue/501	docs/knowledge-graph/_system/_issues/501-orderdetailbuilder-orderdetailsbuild-dereferences-orderdet.md
8orders/issue/502	docs/knowledge-graph/_system/_issues/502-extradeliveryfees-restaurantcount-1-deliveryfeesconfigurat.md
8orders/issue/503	docs/knowledge-graph/_system/_issues/503-customerdata-await-firstordefaultasync-is-followed-immedia.md
8orders/issue/504	docs/knowledge-graph/_system/_issues/504-class-has-a-public-void-dispose-but-does-not-implement-idi.md
8orders/issue/505	docs/knowledge-graph/_system/_issues/505-customeradminchatmapper-fromrow-maps-a-null-created-at-to.md
8orders/issue/506	docs/knowledge-graph/_system/_issues/506-getoptionalint-is-a-bare-try-catch-returning-null-no-filte.md
8orders/issue/507	docs/knowledge-graph/_system/_issues/507-initializecassandra-catches-every-exception-from-initializ.md
8orders/issue/508	docs/knowledge-graph/_system/_issues/508-authoritative-schema-is-the-union-of-two-lists-that-overla.md
8orders/issue/509	docs/knowledge-graph/_system/_issues/509-post-api-deliverymen-resetpassword-is-allowanonymous-on-a.md
8orders/issue/51	docs/knowledge-graph/_system/_issues/051-angular-forms-mirror-rather-than-compensate-for-the-backen.md
8orders/issue/510	docs/knowledge-graph/_system/_issues/510-resetpassworddto-tostring-interpolates-newpassword-under-t.md
8orders/issue/511	docs/knowledge-graph/_system/_issues/511-verify-coverage-js-s-generatedclient-exclusion-required-a.md
8orders/issue/512	docs/knowledge-graph/_system/_issues/512-cachingbehaviour-gates-needcache-on-the-read-only-so-a-req.md
8orders/issue/513	docs/knowledge-graph/_system/_issues/513-getcountasync-returns-long-and-is-cast-int-currenttimeoutr.md
8orders/issue/514	docs/knowledge-graph/_system/_issues/514-for-int-i-0-i-numberofdeliverymanrequested-i-indexes-reque.md
8orders/issue/515	docs/knowledge-graph/_system/_issues/515-responsemapping-onactionexecuted-evaluates-typeof-cqrsresp.md
8orders/issue/516	docs/knowledge-graph/_system/_issues/516-customerusermanager-createasync-70-explicitly-runs-passwor.md
8orders/issue/517	docs/knowledge-graph/_system/_issues/517-layout-cshtml-does-inject-italabatkcontext-dbcontext-and-r.md
8orders/issue/518	docs/knowledge-graph/_system/_issues/518-23-line-inject-plus-permission-resolution-block-is-byte-id.md
8orders/issue/519	docs/knowledge-graph/_system/_issues/519-instance-and-update-accept-recurrencetype-weekly-monthly-y.md
8orders/issue/52	docs/knowledge-graph/_system/_issues/052-conflicts-md-13-backend-adddeliveryzone-has-no-validation.md
8orders/issue/520	docs/knowledge-graph/_system/_issues/520-changetransctionstatus-flips-paymentstatusid-to-captured-f.md
8orders/issue/521	docs/knowledge-graph/_system/_issues/521-instance-sets-username-and-email-independently-so-they-may.md
8orders/issue/522	docs/knowledge-graph/_system/_issues/522-busyminutes-is-computed-independently-in-endrestaurantbusy.md
8orders/issue/523	docs/knowledge-graph/_system/_issues/523-makecalcs-57-assigns-optionprice-menuitemoptions-optionpri.md
8orders/issue/524	docs/knowledge-graph/_system/_issues/524-assignagent-sets-agentviewedat-datetime-now-inside-the-dom.md
8orders/issue/525	docs/knowledge-graph/_system/_issues/525-eight-aggregates-deviate-from-the-injected-local-time-conv.md
8orders/issue/526	docs/knowledge-graph/_system/_issues/526-amount-is-a-string-and-instance-rejects-only-string-isnull.md
8orders/issue/527	docs/knowledge-graph/_system/_issues/527-create-41-returns-result-failure-display-order-cannot-be-n.md
8orders/issue/528	docs/knowledge-graph/_system/_issues/528-updateismoneysent-and-updateismoneyreceivedconfirmed-are-i.md
8orders/issue/529	docs/knowledge-graph/_system/_issues/529-accountentries-is-never-initialised-in-a-constructor-so-ac.md
8orders/issue/53	docs/knowledge-graph/_system/_issues/053-conflicts-md-24-backend-menuitemprice-instance-create-has.md
8orders/issue/530	docs/knowledge-graph/_system/_issues/530-instance-guards-targetid-0-and-nothing-else-so-a-point-tra.md
8orders/issue/531	docs/knowledge-graph/_system/_issues/531-instance-sets-ordercount-ordercount.md
8orders/issue/532	docs/knowledge-graph/_system/_issues/532-instance-does-workinghours-workinghours-24-24.md
8orders/issue/533	docs/knowledge-graph/_system/_issues/533-only-constructor-is-private-and-there-is-no-factory-so-not.md
8orders/issue/534	docs/knowledge-graph/_system/_issues/534-if-deliveryzone-is-null-argumentnullexception-throwifnull.md
8orders/issue/535	docs/knowledge-graph/_system/_issues/535-payment-capture-verification-constructs-a-raw-httpclient-i.md
8orders/issue/536	docs/knowledge-graph/_system/_issues/536-getbackgroundservicecommands-t-filters-out-interfaces-but.md
8orders/issue/537	docs/knowledge-graph/_system/_issues/537-class-comment-asserts-that-caching-cannot-change-a-result.md
8orders/issue/538	docs/knowledge-graph/_system/_issues/538-four-value-accesses-inside-the-indexing-projection-x-menui.md
8orders/issue/539	docs/knowledge-graph/_system/_issues/539-item-side-scores-are-summed-with-no-cap-and-no-per-item-de.md
8orders/issue/54	docs/knowledge-graph/_system/_issues/054-addsliderhomecommand-saves-the-sliderhome-imagebank-db-row.md
8orders/issue/540	docs/knowledge-graph/_system/_issues/540-cross-account-device-check-is-commented-out-in-place-with.md
8orders/issue/541	docs/knowledge-graph/_system/_issues/541-orderwalletbuilder-cs-20-24-computes-the-wallet-balance-as.md
8orders/issue/542	docs/knowledge-graph/_system/_issues/542-keyspace-is-created-with-networktopologystrategy-and-a-bar.md
8orders/issue/543	docs/knowledge-graph/_system/_issues/543-getrobocallorderstatusatcallasync-and-findrobocallrowbycal.md
8orders/issue/544	docs/knowledge-graph/_system/_issues/544-toinsertstatement-binds-chat-guidnumber-to-both-session-id.md
8orders/issue/545	docs/knowledge-graph/_system/_issues/545-verifychangephonenumbertokenasync-is-task-fromresult-user.md
8orders/issue/546	docs/knowledge-graph/_system/_issues/546-customeruservalidator-rejects-when-findbynameasync-user-us.md
8orders/issue/547	docs/knowledge-graph/_system/_issues/547-buildclientslist-defines-five-application-rows-with-hardco.md
8orders/issue/548	docs/knowledge-graph/_system/_issues/548-addtosetasync-sets-keyexpire-to-timespan-fromhours-config.md
8orders/issue/549	docs/knowledge-graph/_system/_issues/549-setattributes-wraps-return-hash-hashsetasync-in-a-try-catc.md
8orders/issue/55	docs/knowledge-graph/_system/_issues/055-addsliderhomecommandvalidator-s-single-guard-condition-che.md
8orders/issue/550	docs/knowledge-graph/_system/_issues/550-readqueuemembersasync-has-catch-system-exception-return-ar.md
8orders/issue/551	docs/knowledge-graph/_system/_issues/551-getitemquanaityasync-createrushorder-and-createsalesreturn.md
8orders/issue/552	docs/knowledge-graph/_system/_issues/552-authorize-only-action-returns-the-live-versioning-api-key.md
8orders/issue/553	docs/knowledge-graph/_system/_issues/553-allowanonymous-sits-on-a-data-returning-action-inside-a-co.md
8orders/issue/554	docs/knowledge-graph/_system/_issues/554-class-is-authorize-with-no-roles.md
8orders/issue/555	docs/knowledge-graph/_system/_issues/555-class-is-authorize-with-no-roles.md
8orders/issue/556	docs/knowledge-graph/_system/_issues/556-class-is-authorize-with-no-roles.md
8orders/issue/557	docs/knowledge-graph/_system/_issues/557-class-is-authorize-with-no-roles.md
8orders/issue/558	docs/knowledge-graph/_system/_issues/558-permission-suggestioncity-attribute-is-commented-out-in-so.md
8orders/issue/559	docs/knowledge-graph/_system/_issues/559-class-is-authorize-with-no-roles-and-zero-permission-attri.md
8orders/issue/56	docs/knowledge-graph/_system/_issues/056-addrestaurantanddeliveryreviewscommand-reports-a-failed-sa.md
8orders/issue/560	docs/knowledge-graph/_system/_issues/560-class-is-authorize-with-no-roles.md
8orders/issue/561	docs/knowledge-graph/_system/_issues/561-getareasforlookup-allarea-getallareas-getareabyid-getavali.md
8orders/issue/562	docs/knowledge-graph/_system/_issues/562-get-getcities-getcitybyid-int-id-getcitiesbycountryid-list.md
8orders/issue/563	docs/knowledge-graph/_system/_issues/563-getcountrieslist-int-skip-int-take-and-getallcountries-car.md
8orders/issue/564	docs/knowledge-graph/_system/_issues/564-seven-read-actions-getdeliveryzoneforlookup-citydeliveryzo.md
8orders/issue/565	docs/knowledge-graph/_system/_issues/565-neither-customreportdesignercontroller-nor-dynamicdashboar.md
8orders/issue/566	docs/knowledge-graph/_system/_issues/566-updaterole-addnewrole-and-deleterole-carry-no-permission-o.md
8orders/issue/567	docs/knowledge-graph/_system/_issues/567-class-declares-none-of-route-apicontroller-authorize.md
8orders/issue/568	docs/knowledge-graph/_system/_issues/568-class-is-authorize-only-17-19-no-roles.md
8orders/issue/569	docs/knowledge-graph/_system/_issues/569-same-class-level-roleless-authorize.md
8orders/issue/57	docs/knowledge-graph/_system/_issues/057-addstoretypecommand-saves-the-storetypes-imagebank-db-row.md
8orders/issue/570	docs/knowledge-graph/_system/_issues/570-authorize-the-attribute-is-present-but-commented-out-so-th.md
8orders/issue/571	docs/knowledge-graph/_system/_issues/571-class-carries-no-authorize-permission-and-services-configu.md
8orders/issue/572	docs/knowledge-graph/_system/_issues/572-no-authorize-permission-on-the-class-or-its-single-action.md
8orders/issue/573	docs/knowledge-graph/_system/_issues/573-editdeliveryman-lets-any-authenticated-bearer-principal-re.md
8orders/issue/574	docs/knowledge-graph/_system/_issues/574-account-deletion-has-the-same-missing-tenant-check-as-575.md
8orders/issue/575	docs/knowledge-graph/_system/_issues/575-dto-restaurantid-dto-restaurantids-and-dto-role-are-uncons.md
8orders/issue/576	docs/knowledge-graph/_system/_issues/576-partial-tenant-check-exists-but-does-not-gate-the-account.md
8orders/issue/577	docs/knowledge-graph/_system/_issues/577-no-authorize-permission-or-allowanonymous-anywhere-in-the.md
8orders/issue/578	docs/knowledge-graph/_system/_issues/578-shiftid-is-caller-supplied-and-never-compared-to-the-sessi.md
8orders/issue/579	docs/knowledge-graph/_system/_issues/579-three-controllers-one-pattern.md
8orders/issue/58	docs/knowledge-graph/_system/_issues/058-addusershiftcommand-looks-up-the-user-by-userid-with-first.md
8orders/issue/580	docs/knowledge-graph/_system/_issues/580-devexpress-web-document-viewer-controller-has-no-authorize.md
8orders/issue/581	docs/knowledge-graph/_system/_issues/581-class-has-authorize-with-no-roles-and-no-custompermissionf.md
8orders/issue/582	docs/knowledge-graph/_system/_issues/582-merchantdailyreportdetails-has-no-role-restriction-class-i.md
8orders/issue/583	docs/knowledge-graph/_system/_issues/583-getfinancialsummary-passes-caller-supplied-restaurantids-s.md
8orders/issue/584	docs/knowledge-graph/_system/_issues/584-merchanttotalreport-uses-the-session-value-only-as-a-defau.md
8orders/issue/585	docs/knowledge-graph/_system/_issues/585-startcookingv2-takes-restaurantid-from-the-caller-where-th.md
8orders/issue/586	docs/knowledge-graph/_system/_issues/586-getorderdetailsv2-takes-restaurantid-from-the-caller-where.md
8orders/issue/587	docs/knowledge-graph/_system/_issues/587-confirmorderv2-takes-restaurantid-from-the-caller-where-v1.md
8orders/issue/588	docs/knowledge-graph/_system/_issues/588-readytopickuporderv2-takes-restaurantid-from-the-caller-wh.md
8orders/issue/589	docs/knowledge-graph/_system/_issues/589-rejectsomeitemsrestaurantv2-takes-restaurantid-from-the-re.md
8orders/issue/59	docs/knowledge-graph/_system/_issues/059-addvouchercommand-handle-calls-trim-on-englishname-arabicn.md
8orders/issue/590	docs/knowledge-graph/_system/_issues/590-rejectrestaurantorderoverallv2-takes-restaurantid-from-the.md
8orders/issue/591	docs/knowledge-graph/_system/_issues/591-several-fromquery-list-int-restaurantids-get-endpoints-use.md
8orders/issue/592	docs/knowledge-graph/_system/_issues/592-fromquery-list-int-restaurantids-get-endpoints-default-to.md
8orders/issue/593	docs/knowledge-graph/_system/_issues/593-all-five-dashboard-actions-bind-the-entire-query-including.md
8orders/issue/594	docs/knowledge-graph/_system/_issues/594-getbyid-takes-id-unchecked-and-the-handler-has-zero-restau.md
8orders/issue/595	docs/knowledge-graph/_system/_issues/595-delete-takes-id-unchecked-and-the-handler-deletes-with-zer.md
8orders/issue/596	docs/knowledge-graph/_system/_issues/596-deleteitem-toggleitemstatus-and-duplicateitem-all-take-an.md
8orders/issue/597	docs/knowledge-graph/_system/_issues/597-create-list-and-getoptiongroupstree-use-the-session-restau.md
8orders/issue/598	docs/knowledge-graph/_system/_issues/598-changeavalibilty-takes-id-unchecked.md
8orders/issue/599	docs/knowledge-graph/_system/_issues/599-getmerchantmenuitemswithcategory-uses-the-session-restaura.md
8orders/issue/6	docs/knowledge-graph/_system/_issues/006-same-systemic-pattern-as-4.md
8orders/issue/60	docs/knowledge-graph/_system/_issues/060-cancelpaymentcommand-returns-success-true-on-both-its-reje.md
8orders/issue/600	docs/knowledge-graph/_system/_issues/600-deletemenuitemprice-takes-id-unchecked.md
8orders/issue/601	docs/knowledge-graph/_system/_issues/601-getitempriceid-edit-insert-and-changemerchantmenuitemavali.md
8orders/issue/602	docs/knowledge-graph/_system/_issues/602-getallitemswithoption-edititemoptions-delete-getitemsnameb.md
8orders/issue/603	docs/knowledge-graph/_system/_issues/603-reserve-binds-restaurantid-from-the-request-body-with-no-c.md
8orders/issue/604	docs/knowledge-graph/_system/_issues/604-deletestoreuser-forwards-the-request-with-no-restaurant-sc.md
8orders/issue/605	docs/knowledge-graph/_system/_issues/605-class-level-authorize-has-no-roles.md
8orders/issue/606	docs/knowledge-graph/_system/_issues/606-get-api-restaurant-workingdays-takes-restaurantid-from-the.md
8orders/issue/607	docs/knowledge-graph/_system/_issues/607-post-api-restaurant-mangeworkingdays-binds-the-whole-mange.md
8orders/issue/608	docs/knowledge-graph/_system/_issues/608-get-api-restaurant-getrestaurantreviewsbyids-takes-fromque.md
8orders/issue/609	docs/knowledge-graph/_system/_issues/609-get-api-deliverymen-simulatesendnewconfirmedordernotificat.md
8orders/issue/61	docs/knowledge-graph/_system/_issues/061-calculateitemsreplacementtotalcommand.md
8orders/issue/610	docs/knowledge-graph/_system/_issues/610-get-api-deliverymen-getdeliverymenqueues-is-allowanonymous.md
8orders/issue/611	docs/knowledge-graph/_system/_issues/611-510-recorded-password-in-log-for-the-delivery-man-controll.md
8orders/issue/612	docs/knowledge-graph/_system/_issues/612-account-lockout-is-configured-maxfailedaccessattempts-5-de.md
8orders/issue/613	docs/knowledge-graph/_system/_issues/613-inside-the-if-result-succeeded-branch-of-the-login-post-th.md
8orders/issue/614	docs/knowledge-graph/_system/_issues/614-put-api-features-changestate-forwards-a-feature-flag-rollo.md
8orders/issue/615	docs/knowledge-graph/_system/_issues/615-identity-host-exposes-operator-tooling-gated-only-by-being.md
8orders/issue/616	docs/knowledge-graph/_system/_issues/616-post-api-centrifugo-publish-carries-no-authorization-attri.md
8orders/issue/617	docs/knowledge-graph/_system/_issues/617-attributeauthorizationhandler-handlerequirementasync-resol.md
8orders/issue/618	docs/knowledge-graph/_system/_issues/618-same-handler-finds-the-controller-type-by-comparing-class.md
8orders/issue/619	docs/knowledge-graph/_system/_issues/619-cityrushtimeconfiguration-instance-validates-that-the-busy.md
8orders/issue/62	docs/knowledge-graph/_system/_issues/062-changecartitemquantitycommand-fetches-the-exact-inputs-men.md
8orders/issue/620	docs/knowledge-graph/_system/_issues/620-ordercomplaintaggregate-is-counted-as-one-of-the-four-real.md
8orders/issue/621	docs/knowledge-graph/_system/_issues/621-merchantkpiscoreconfiguration-update-returns-its-validatio.md
8orders/issue/622	docs/knowledge-graph/_system/_issues/622-adminui-controllers-order-ordercontroller-cs-carries-25-pe.md
8orders/issue/623	docs/knowledge-graph/_system/_issues/623-copy-paste-slip-assigns-the-same-variable-twice-so-the-end.md
8orders/issue/624	docs/knowledge-graph/_system/_issues/624-announcement-notification-schedules-are-keyed-on-the-area.md
8orders/issue/625	docs/knowledge-graph/_system/_issues/625-turning-an-announcement-s-hour-window-off-leaves-its-store.md
8orders/issue/626	docs/knowledge-graph/_system/_issues/626-add-and-edit-handlers-parse-the-same-submitted-date-string.md
8orders/issue/627	docs/knowledge-graph/_system/_issues/627-creating-an-announcement-deactivates-every-other-active-an.md
8orders/issue/628	docs/knowledge-graph/_system/_issues/628-chat-images-are-stored-under-a-whole-second-unix-timestamp.md
8orders/issue/629	docs/knowledge-graph/_system/_issues/629-restbreakmaxpercentage-0-means-no-limit-and-the-admin-scre.md
8orders/issue/63	docs/knowledge-graph/_system/_issues/063-changeorderstatustorestaurantpendingcommand-captures-the-s.md
8orders/issue/630	docs/knowledge-graph/_system/_issues/630-breaktype-is-required-stored-immutable-and-never-read.md
8orders/issue/631	docs/knowledge-graph/_system/_issues/631-refund-helper-compares-a-payment-status-column-against-a-p.md
8orders/issue/632	docs/knowledge-graph/_system/_issues/632-paymentmethod-is-a-database-reference-table-whose-primary.md
8orders/issue/633	docs/knowledge-graph/_system/_issues/633-two-legal-documents-a-customer-is-asked-to-accept-are-held.md
8orders/issue/634	docs/knowledge-graph/_system/_issues/634-robocall-instance-has-three-guards-and-two-of-them-return.md
8orders/issue/635	docs/knowledge-graph/_system/_issues/635-externalcustomeradress-instance-takes-a-deliveryzoneid-val.md
8orders/issue/636	docs/knowledge-graph/_system/_issues/636-resturantcontroller-carries-a-class-level-authorize-and-th.md
8orders/issue/637	docs/knowledge-graph/_system/_issues/637-patch-changepaymentonlinestatus-orderid-n-onlinepaymentsta.md
8orders/issue/638	docs/knowledge-graph/_system/_issues/638-get-api-report-gettransactions-binds-its-whole-query-objec.md
8orders/issue/639	docs/knowledge-graph/_system/_issues/639-entity-denominator-was-an-allow-list-so-225-of-the-529-fil.md
8orders/issue/64	docs/knowledge-graph/_system/_issues/064-changecustomercartaddresscommand-s-entire-handler-body-is.md
8orders/issue/640	docs/knowledge-graph/_system/_issues/640-first-draft-of-the-domain-behaviour-rows-pointed-14-of-the.md
8orders/issue/641	docs/knowledge-graph/_system/_issues/641-legacy-host-is-excluded-from-documentation-by-user-instruc.md
8orders/issue/642	docs/knowledge-graph/_system/_issues/642-base-class-of-54-adminui-controllers-takes-sessioninfo-in.md
8orders/issue/643	docs/knowledge-graph/_system/_issues/643-ziwo-robo-call-webhook-is-unauthenticated-and-unsigned-and.md
8orders/issue/644	docs/knowledge-graph/_system/_issues/644-registered-integration-described-at-one-fifth-of-its-actua.md
8orders/issue/645	docs/knowledge-graph/_system/_issues/645-accflex-general-ledger-back-reference-table-has-a-factory.md
8orders/issue/646	docs/knowledge-graph/_system/_issues/646-two-different-static-classes-are-both-called-enumextension.md
8orders/issue/647	docs/knowledge-graph/_system/_issues/647-bare-basename-citation-is-not-merely-unverified-it-is-unfa.md
8orders/issue/648	docs/knowledge-graph/_system/_issues/648-nine-register-rows-rendered-with-the-wrong-number-of-colum.md
8orders/issue/649	docs/knowledge-graph/_system/_issues/649-every-host-validates-that-a-token-was-minted-for-it-except.md
8orders/issue/65	docs/knowledge-graph/_system/_issues/065-changeorderstatustoonwaycommand-dereferences-order-deliver.md
8orders/issue/650	docs/knowledge-graph/_system/_issues/650-back-office-account-holding-nothing-but-users-page-access.md
8orders/issue/651	docs/knowledge-graph/_system/_issues/651-39-status-cells-cite-commit-hashes-that-exist-on-one-unmer.md
8orders/issue/652	docs/knowledge-graph/_system/_issues/652-both-verifiers-hashed-raw-bytes-on-a-repository-that-store.md
8orders/issue/66	docs/knowledge-graph/_system/_issues/066-changeorderstatuscommand-s-delivered-branch-dereferences-c.md
8orders/issue/67	docs/knowledge-graph/_system/_issues/067-confirmresturantreadytopickupordercommand-validateordersta.md
8orders/issue/68	docs/knowledge-graph/_system/_issues/068-copymenuitemcommand-no-null-check-on-menuitem-before-new-m.md
8orders/issue/69	docs/knowledge-graph/_system/_issues/069-confirmunreviseditemcommand-handleaddstatus-computes-issuc.md
8orders/issue/7	docs/knowledge-graph/_system/_issues/007-code-itself-conflates-promocode-and-voucher.md
8orders/issue/70	docs/knowledge-graph/_system/_issues/070-createelasticserachindiciescommand-s-entire-handler-body-i.md
8orders/issue/71	docs/knowledge-graph/_system/_issues/071-deleteadcardcommand-awaits-savechangesasyncwithresult-with.md
8orders/issue/72	docs/knowledge-graph/_system/_issues/072-following-63-68-69-71-s-pattern-a-repo-wide-grep-for-the-s.md
8orders/issue/73	docs/knowledge-graph/_system/_issues/073-deletecustomernotificationcommand-s-batch-delete-loop-bloc.md
8orders/issue/74	docs/knowledge-graph/_system/_issues/074-editadcommand-s-two-image-upload-calls-are-never-awaited-f.md
8orders/issue/75	docs/knowledge-graph/_system/_issues/075-editmenucategorycommand-saves-the-category-before-uploadin.md
8orders/issue/76	docs/knowledge-graph/_system/_issues/076-editcustomertagscommand-reimplements-customer-updatetags-s.md
8orders/issue/77	docs/knowledge-graph/_system/_issues/077-editmenuitemcommand-saves-changes-before-uploading-the-act.md
8orders/issue/78	docs/knowledge-graph/_system/_issues/078-editmenuitempricecommand-s-not-found-branch-returns-succes.md
8orders/issue/79	docs/knowledge-graph/_system/_issues/079-editrestaurantcommand.md
8orders/issue/8	docs/knowledge-graph/_system/_issues/008-auto-approve-pending-review-gate-condition-is-implemented.md
8orders/issue/80	docs/knowledge-graph/_system/_issues/080-editstoretypecommand-saves-before-uploading-its-image-icon.md
8orders/issue/81	docs/knowledge-graph/_system/_issues/081-editsliderhomecommand-saves-before-uploading-image-bytes-a.md
8orders/issue/82	docs/knowledge-graph/_system/_issues/082-createexternaldeliveryrequestcommand-getoutgoingrestaurant.md
8orders/issue/83	docs/knowledge-graph/_system/_issues/083-getordertimelinequery-s-orderdata-from-firstordefaultasync.md
8orders/issue/84	docs/knowledge-graph/_system/_issues/084-handleproxymessagescommand-handlemessages-s-catch-block-re.md
8orders/issue/85	docs/knowledge-graph/_system/_issues/085-importexcelcommand-throws-an-unguarded-nullreferenceexcept.md
8orders/issue/86	docs/knowledge-graph/_system/_issues/086-makeoutgoingdeliverycommand-getoutgoingrestaurantdata-a-sa.md
8orders/issue/87	docs/knowledge-graph/_system/_issues/087-manageoptiongroupsfromexcelcommand-addnewoptionstoexisting.md
8orders/issue/88	docs/knowledge-graph/_system/_issues/088-movemenuitemstoanothercategorycommand-awaits-savechangesas.md
8orders/issue/89	docs/knowledge-graph/_system/_issues/089-mangecatgoriesfromexcelsheetcommand-s-second-stage-categor.md
8orders/issue/9	docs/knowledge-graph/_system/_issues/009-entire-controller-with-only-a-constructor-either-dead-unfi.md
8orders/issue/90	docs/knowledge-graph/_system/_issues/090-mangerestaurantworkingdayscommand-buildopenworkingdays-cal.md
8orders/issue/91	docs/knowledge-graph/_system/_issues/091-notifycustomertoreplaceitemscommand-dereferences-3-separat.md
8orders/issue/92	docs/knowledge-graph/_system/_issues/092-notifycustomertoreplaceitemscommand-rejectorderforrestaura.md
8orders/issue/93	docs/knowledge-graph/_system/_issues/093-pickupordercommand-s-restlocation-local-dereferences.md
8orders/issue/94	docs/knowledge-graph/_system/_issues/094-proceedfirstcustomerordercommand-captures-savechangesasync.md
8orders/issue/95	docs/knowledge-graph/_system/_issues/095-regenerateurlcommand-s-expired-session-regeneration-branch.md
8orders/issue/96	docs/knowledge-graph/_system/_issues/096-both-rejectorderfromadmincommand-and.md
8orders/issue/97	docs/knowledge-graph/_system/_issues/097-rejectsomeitemsresturantcommand-s-reject-overall-branch-de.md
8orders/issue/98	docs/knowledge-graph/_system/_issues/098-removecustomerdevicesidscommand-ios-android-removedelivery.md
8orders/issue/99	docs/knowledge-graph/_system/_issues/099-reserveadcommand-1-both-datetime-tryparseexact-calls-for-s.md
8orders/restaurant-portal/context	docs/knowledge-graph/Restaurant Portal/_context.md
8orders/restaurant-portal/menu-and-order-management/knowledge-graph	docs/knowledge-graph/Restaurant Portal/Menu & Order Management/_knowledge-graph.md
8orders/restaurant-portal/menu-and-order-management/merchant-menu-and-orders-business	docs/knowledge-graph/Restaurant Portal/Menu & Order Management/Merchant-Menu-and-Orders.business.md
8orders/restaurant-portal/menu-and-order-management/merchant-menu-and-orders-technical	docs/knowledge-graph/Restaurant Portal/Menu & Order Management/Merchant-Menu-and-Orders.technical.md
8orders/restaurant-portal/menu-and-order-management/overview	docs/knowledge-graph/Restaurant Portal/Menu & Order Management/_overview.md
8orders/restaurant-portal/menu-and-order-management/scenarios	docs/knowledge-graph/Restaurant Portal/Menu & Order Management/_scenarios.md
8orders/restaurant-portal/merchant-account-and-access/knowledge-graph	docs/knowledge-graph/Restaurant Portal/Merchant Account & Access/_knowledge-graph.md
8orders/restaurant-portal/merchant-account-and-access/overview	docs/knowledge-graph/Restaurant Portal/Merchant Account & Access/_overview.md
8orders/restaurant-portal/merchant-account-and-access/scenarios	docs/knowledge-graph/Restaurant Portal/Merchant Account & Access/_scenarios.md
8orders/restaurant-portal/merchant-finance-and-reporting/knowledge-graph	docs/knowledge-graph/Restaurant Portal/Merchant Finance & Reporting/_knowledge-graph.md
8orders/restaurant-portal/merchant-finance-and-reporting/overview	docs/knowledge-graph/Restaurant Portal/Merchant Finance & Reporting/_overview.md
8orders/restaurant-portal/merchant-finance-and-reporting/scenarios	docs/knowledge-graph/Restaurant Portal/Merchant Finance & Reporting/_scenarios.md
8orders/restaurant-portal/ops-and-infra/knowledge-graph	docs/knowledge-graph/Restaurant Portal/Ops & Infra/_knowledge-graph.md
8orders/restaurant-portal/ops-and-infra/overview	docs/knowledge-graph/Restaurant Portal/Ops & Infra/_overview.md
8orders/restaurant-portal/ops-and-infra/scenarios	docs/knowledge-graph/Restaurant Portal/Ops & Infra/_scenarios.md
8orders/system/conflicts	docs/knowledge-graph/_system/_conflicts.md
8orders/system/entity-index	docs/knowledge-graph/_system/_entity-index.md
8orders/system/fix-650-review	docs/knowledge-graph/_system/FIX-650-REVIEW.md
8orders/system/gap-baseline	docs/knowledge-graph/_system/_gap-baseline.md
8orders/system/glossary	docs/knowledge-graph/_system/_glossary.md
8orders/system/idor-instances	docs/knowledge-graph/_system/_idor-instances.md
8orders/system/integrations	docs/knowledge-graph/_system/_integrations.md
8orders/system/issues-index	docs/knowledge-graph/_system/_issues/_index.md
8orders/system/master-plan	docs/knowledge-graph/_system/_master-plan.md
8orders/system/patha-work-order	docs/knowledge-graph/_system/_pathA-work-order.md
8orders/system/rebase-playbook	docs/knowledge-graph/_system/REBASE-PLAYBOOK.md
8orders/system/round4-delivery	docs/knowledge-graph/_system/_round4-delivery.md
8orders/system/system-index	docs/knowledge-graph/_system/_system-index.md
8orders/version-api/context	docs/knowledge-graph/Version API/_context.md
