# source_path	sha1_12	note_path
# Reverse index: "file X changed - which notes are stale?" is a lookup, not a grep over 136 notes.
# Machine-generated by verify-notes.js --generate. Do not hand-edit.
AdminUi/AdminUi.csproj	4cc6a450b57e	docs/knowledge-graph/_system/_conflicts.md
AdminUi/ClientApp/angular.json	738533ef1070	docs/knowledge-graph/_system/_conflicts.md
AdminUi/ClientApp/e2e/src/app.e2e-spec.ts	5d74d3602884	docs/knowledge-graph/_system/_conflicts.md
AdminUi/ClientApp/e2e/src/app.po.ts	006484a9e8be	docs/knowledge-graph/_system/_conflicts.md
AdminUi/ClientApp/e2e/tsconfig.e2e.json	cbf3a879d23f	docs/knowledge-graph/_system/_conflicts.md
AdminUi/ClientApp/src/app/Customer/edit-customer/edit-customer.component.ts	6d009f702261	docs/knowledge-graph/_system/_conflicts.md
AdminUi/ClientApp/src/app/DeliveryManDaily/delivery-man-payment/delivery-man-payment.component.ts	d26b44acab58	docs/knowledge-graph/_system/_conflicts.md
AdminUi/ClientApp/src/app/DeliveryManDaily/sales-daily/sales-daily.component.html	0108eca494d7	docs/knowledge-graph/_system/_conflicts.md
AdminUi/ClientApp/src/app/DeliveryManDaily/sales-daily/sales-daily.component.ts	8d111954b748	docs/knowledge-graph/_system/_conflicts.md
AdminUi/ClientApp/src/app/DeliverySupplier/all-delivery-suppliers/all-delivery-suppliers.component.ts	ebd0b2703c2f	docs/knowledge-graph/_system/_conflicts.md
AdminUi/ClientApp/src/app/Merchant-Payments/merchant-payments/merchant-payments.component.ts	ca4f4284faaa	docs/knowledge-graph/_system/_conflicts.md
AdminUi/ClientApp/src/app/Reports/reports/delivery-shift-report/delivery-shift-report.component.ts	173eeb694ea0	docs/knowledge-graph/_system/_conflicts.md
AdminUi/ClientApp/src/app/Reports/reports/merchant-daily/merchant-daily.component.html	0ccb536d6010	docs/knowledge-graph/_system/_conflicts.md
AdminUi/ClientApp/src/app/Reports/reports/merchant-rejected-order-report/merchant-rejected-order-report.component.ts	3f8dc8972419	docs/knowledge-graph/_system/_conflicts.md
AdminUi/ClientApp/src/app/Reports/reports/promo-code-details-report/promo-code-details-report.component.ts	7b69d41ddb30	docs/knowledge-graph/_system/_conflicts.md
AdminUi/ClientApp/src/app/Reports/reports/reports-routing.module.ts	4e3101f70f6e	docs/knowledge-graph/_system/_conflicts.md
AdminUi/ClientApp/src/app/Reports/reports/total-delivery-man-statement/total-delivery-man-statement.component.html	459e19c84b3b	docs/knowledge-graph/_system/_conflicts.md
AdminUi/ClientApp/src/app/Shared/Enums/OrderStatus.js	c7e37ba4527c	docs/knowledge-graph/_system/_pathA-work-order.md
AdminUi/ClientApp/src/app/Shared/components/main-navbar/navbar.component.ts	7b923044a6d0	docs/knowledge-graph/Identity & Access/Restaurant & Admin User Identity/Permission/Permission.technical.md
AdminUi/ClientApp/src/app/Shared/components/main-navbar/navbar.component.ts	7b923044a6d0	docs/knowledge-graph/_system/_conflicts.md
AdminUi/ClientApp/src/app/Shared/services/OrderDetails.service.ts	142db74b23f7	docs/knowledge-graph/_system/_conflicts.md
AdminUi/ClientApp/src/app/Shared/services/auth.service.ts	b7f588b4cded	docs/knowledge-graph/_system/_conflicts.md
AdminUi/ClientApp/src/app/Shared/services/filter_mapping .ts	cf55688437f7	docs/knowledge-graph/_system/_conflicts.md
AdminUi/ClientApp/src/app/Tiered-Discount/add-tiered/add-tiered.component.ts	043ba9fc322f	docs/knowledge-graph/Customer Ordering/Tiered Discount/TieredDiscount/TieredDiscount.technical.md
AdminUi/ClientApp/src/app/Tiered-Discount/add-tiered/add-tiered.component.ts	043ba9fc322f	docs/knowledge-graph/Customer Ordering/Tiered Discount/_scenarios.md
AdminUi/ClientApp/src/app/Tiered-Discount/add-tiered/add-tiered.component.ts	043ba9fc322f	docs/knowledge-graph/_system/_conflicts.md
AdminUi/ClientApp/src/app/Tiered-Discount/edit-tiered/edit-tiered.component.ts	90779be003c7	docs/knowledge-graph/_system/_conflicts.md
AdminUi/ClientApp/src/app/ad/ad-list/ad-list.component.html	4897634c9d76	docs/knowledge-graph/_system/_conflicts.md
AdminUi/ClientApp/src/app/ad/ad-list/ad-list.component.ts	f8631e03c274	docs/knowledge-graph/_system/_conflicts.md
AdminUi/ClientApp/src/app/add-address/add-address.component.html	efbba7f9604f	docs/knowledge-graph/_system/_conflicts.md
AdminUi/ClientApp/src/app/add-address/add-address.component.ts	b21ff5cf8e28	docs/knowledge-graph/_system/_conflicts.md
AdminUi/ClientApp/src/app/announcement/create-announcement/create-announcement.component.ts	7d9e4ca1919d	docs/knowledge-graph/Admin/Admin Back-Office/_knowledge-graph.md
AdminUi/ClientApp/src/app/announcement/create-announcement/create-announcement.component.ts	7d9e4ca1919d	docs/knowledge-graph/_system/_conflicts.md
AdminUi/ClientApp/src/app/announcement/edit-announcement/edit-announcement.component.ts	771f78d4fa25	docs/knowledge-graph/_system/_conflicts.md
AdminUi/ClientApp/src/app/app-routing.module.ts	d03912420fce	docs/knowledge-graph/Admin/Admin Back-Office/Admin-Access-and-Oversight.technical.md
AdminUi/ClientApp/src/app/app-routing.module.ts	d03912420fce	docs/knowledge-graph/Identity & Access/Restaurant & Admin User Identity/Permission/Permission.technical.md
AdminUi/ClientApp/src/app/app-routing.module.ts	d03912420fce	docs/knowledge-graph/_system/_conflicts.md
AdminUi/ClientApp/src/app/areas/area-list/area-list.component.html	80af8dd5d559	docs/knowledge-graph/_system/_conflicts.md
AdminUi/ClientApp/src/app/areas/area-list/area-list.component.ts	cc6930b2bc3d	docs/knowledge-graph/_system/_conflicts.md
AdminUi/ClientApp/src/app/auth-guard.guard.ts	692386091bea	docs/knowledge-graph/Admin/Admin Back-Office/Admin-Access-and-Oversight.technical.md
AdminUi/ClientApp/src/app/auth-guard.guard.ts	692386091bea	docs/knowledge-graph/Identity & Access/Restaurant & Admin User Identity/Permission/Permission.technical.md
AdminUi/ClientApp/src/app/auth-guard.guard.ts	692386091bea	docs/knowledge-graph/_system/_conflicts.md
AdminUi/ClientApp/src/app/auth-guard.guard.ts	692386091bea	docs/knowledge-graph/_system/_system-index.md
AdminUi/ClientApp/src/app/customer-ads/add-customer-ads/add-customer-ads.component.ts	d79685f8091a	docs/knowledge-graph/_system/_conflicts.md
AdminUi/ClientApp/src/app/customer-ads/customer-ads-list/customer-ads-list.component.ts	09715951f5ed	docs/knowledge-graph/_system/_conflicts.md
AdminUi/ClientApp/src/app/customer-ads/edit-customer-ads/edit-customer-ads.component.ts	4fbf3a846dfa	docs/knowledge-graph/_system/_conflicts.md
AdminUi/ClientApp/src/app/customer-notifications/customer-notification-home/customer-notification-home.component.ts	584c27ebbffa	docs/knowledge-graph/_system/_conflicts.md
AdminUi/ClientApp/src/app/customer-notifications/customer-notification/customer-notifications/customer-notifications.component.ts	3bb0af3028b3	docs/knowledge-graph/_system/_conflicts.md
AdminUi/ClientApp/src/app/customer-notifications/edit-customer-notification/edit-customer-notification.component.ts	28ccc799e989	docs/knowledge-graph/_system/_conflicts.md
AdminUi/ClientApp/src/app/customer-tag/customer-tag/customer-tag.component.ts	e90aaa6b6402	docs/knowledge-graph/_system/_conflicts.md
AdminUi/ClientApp/src/app/delivery-zone/add-delivery-zone/add-delivery-zone.component.ts	e30ead09429d	docs/knowledge-graph/_system/_conflicts.md
AdminUi/ClientApp/src/app/delivery-zone/delivery-zone-list/delivery-zone-list.component.html	78a4edd16596	docs/knowledge-graph/_system/_conflicts.md
AdminUi/ClientApp/src/app/delivery-zone/edit-delivery-zone/edit-delivery-zone.component.ts	a5c5a61cf510	docs/knowledge-graph/_system/_conflicts.md
AdminUi/ClientApp/src/app/deliveryman-wallet/deliveryman-transactions/deliveryman-transactions.component.ts	931051aeee08	docs/knowledge-graph/_system/_conflicts.md
AdminUi/ClientApp/src/app/food-types/edit-food-type/edit-food-type.component.ts	d116835affaa	docs/knowledge-graph/_system/_conflicts.md
AdminUi/ClientApp/src/app/heat-map/heat-map/heat-map.component.ts	37498d7b28f0	docs/knowledge-graph/_system/_conflicts.md
AdminUi/ClientApp/src/app/journal-sub/journal-sub-list/journal-sub-list.component.html	6afc54005eae	docs/knowledge-graph/_system/_conflicts.md
AdminUi/ClientApp/src/app/non-delivery-reasons/components/banned-clients-report/banned-clients-report.component.ts	d8004e7aa2bb	docs/knowledge-graph/Identity & Access/Restaurant & Admin User Identity/Permission/Permission.technical.md
AdminUi/ClientApp/src/app/order/all-orders/all-orders.component.ts	75c228ef0656	docs/knowledge-graph/Identity & Access/Restaurant & Admin User Identity/Permission/Permission.technical.md
AdminUi/ClientApp/src/app/order/all-orders/all-orders.component.ts	75c228ef0656	docs/knowledge-graph/_system/_conflicts.md
AdminUi/ClientApp/src/app/order/create-order/create-order.component.ts	9041c8f05328	docs/knowledge-graph/_system/_conflicts.md
AdminUi/ClientApp/src/app/order/order-details/order-details.component.html	38d89cd8ee03	docs/knowledge-graph/_system/_conflicts.md
AdminUi/ClientApp/src/app/order/order-details/order-details.component.ts	e301f0bd3b4d	docs/knowledge-graph/Identity & Access/Restaurant & Admin User Identity/Permission/Permission.technical.md
AdminUi/ClientApp/src/app/order/order-details/order-details.component.ts	e301f0bd3b4d	docs/knowledge-graph/_system/_conflicts.md
AdminUi/ClientApp/src/app/order/order-normal-mode/order-normal-mode.component.html	92dc79a1feae	docs/knowledge-graph/_system/_conflicts.md
AdminUi/ClientApp/src/app/order/order-normal-mode/order-normal-mode.component.ts	7e106b139275	docs/knowledge-graph/_system/_conflicts.md
AdminUi/ClientApp/src/app/permission/add-role/add-role.component.ts	aa949fe72c93	docs/knowledge-graph/Admin/Admin Back-Office/Admin-Access-and-Oversight.technical.md
AdminUi/ClientApp/src/app/permission/add-role/add-role.component.ts	aa949fe72c93	docs/knowledge-graph/Identity & Access/Restaurant & Admin User Identity/Permission/Permission.technical.md
AdminUi/ClientApp/src/app/permission/add-role/add-role.component.ts	aa949fe72c93	docs/knowledge-graph/_system/_conflicts.md
AdminUi/ClientApp/src/app/permission/permission-list/permission-list.component.html	d3c32afb0b9f	docs/knowledge-graph/Identity & Access/Restaurant & Admin User Identity/Permission/Permission.technical.md
AdminUi/ClientApp/src/app/permission/permission-list/permission-list.component.html	d3c32afb0b9f	docs/knowledge-graph/_system/_conflicts.md
AdminUi/ClientApp/src/app/restaurant-zone/restaurant-zone-list/restaurant-zone-list.component.html	2e9be3260c21	docs/knowledge-graph/_system/_conflicts.md
AdminUi/ClientApp/src/app/restaurants/addrestaurant/addrestaurant.component.ts	af7c46aa4db2	docs/knowledge-graph/_system/_conflicts.md
AdminUi/ClientApp/src/app/restaurants/offers/offers.component.html	6661398a49b5	docs/knowledge-graph/Identity & Access/Restaurant & Admin User Identity/Permission/Permission.technical.md
AdminUi/ClientApp/src/app/restaurants/offers/offers.component.ts	8d64a550bae6	docs/knowledge-graph/Identity & Access/Restaurant & Admin User Identity/Permission/Permission.technical.md
AdminUi/ClientApp/src/app/restaurants/restaurants.component.html	93407d09643e	docs/knowledge-graph/_system/_conflicts.md
AdminUi/ClientApp/src/app/restaurants/restaurants.component.ts	44e045110218	docs/knowledge-graph/Identity & Access/Restaurant & Admin User Identity/Permission/Permission.technical.md
AdminUi/ClientApp/src/app/restaurants/restaurants.component.ts	44e045110218	docs/knowledge-graph/_system/_conflicts.md
AdminUi/ClientApp/src/app/restaurants/un-revised-item-details/un-revised-item-details.component.html	1e0489c78212	docs/knowledge-graph/_system/_conflicts.md
AdminUi/ClientApp/src/app/scheduled-notifications/all-notifications/all-notifications.component.html	e5feae962dc1	docs/knowledge-graph/_system/_conflicts.md
AdminUi/ClientApp/src/app/store-type-service.service.ts	04b31751ea11	docs/knowledge-graph/_system/_conflicts.md
AdminUi/ClientApp/src/app/system-configuration/accounting-configuration/accounting-configuration.component.ts	53ccb17496ad	docs/knowledge-graph/_system/_conflicts.md
AdminUi/ClientApp/src/app/system-configuration/close-service-app/close-service-app.component.html	b54b2a4da03c	docs/knowledge-graph/_system/_conflicts.md
AdminUi/ClientApp/src/app/system-configuration/delivery-configuration/delivery-configuration.component.ts	560fa1c80ad5	docs/knowledge-graph/_system/_conflicts.md
AdminUi/ClientApp/src/app/system-configuration/operation-configuration/operation-configuration.component.ts	d09ae3697b5c	docs/knowledge-graph/_system/_conflicts.md
AdminUi/ClientApp/src/app/system-configuration/review-configuration/review-configuration.component.ts	9a5e0f9c8c4b	docs/knowledge-graph/_system/_conflicts.md
AdminUi/ClientApp/src/app/system-configuration/robocall-configuration/robocall-configuration.component.ts	47bb5729590b	docs/knowledge-graph/_system/_conflicts.md
AdminUi/ClientApp/src/app/system-configuration/stores-user-manual/stores-user-manual.component.ts	d4a5b5fbaad4	docs/knowledge-graph/_system/_conflicts.md
AdminUi/ClientApp/src/app/vouchers/edit-voucher/edit-voucher.component.ts	7503b1b62692	docs/knowledge-graph/_system/_conflicts.md
AdminUi/ClientApp/src/app/vouchers/vouchers-home/vouchers-home.component.html	5917892e2d4d	docs/knowledge-graph/_system/_conflicts.md
AdminUi/ClientApp/src/app/wallet-transaction/wallet-transaction/wallet-transaction.component.ts	ca82042a771e	docs/knowledge-graph/Identity & Access/Restaurant & Admin User Identity/Permission/Permission.technical.md
AdminUi/ClientApp/src/app/wallet-transaction/wallet-transaction/wallet-transaction.component.ts	ca82042a771e	docs/knowledge-graph/_system/_conflicts.md
AdminUi/ClientApp/src/app/work-us-delivery-kanban/work-us-delivery-status-management/work-us-delivery-status-management.component.html	e4e5ac7d6d37	docs/knowledge-graph/_system/_conflicts.md
AdminUi/ClientApp/src/environments/environment.prod.ts	2dcc97a7108d	docs/knowledge-graph/_system/_conflicts.md
AdminUi/Controllers/Ad/AdController.cs	07128ada807e	docs/knowledge-graph/Admin/Catalog & Content Administration/_knowledge-graph.md
AdminUi/Controllers/Ad/AdController.cs	07128ada807e	docs/knowledge-graph/Admin/Catalog & Content Administration/_scenarios.md
AdminUi/Controllers/AdCards/AdCardsController.cs	f7c862205dca	docs/knowledge-graph/Admin/Catalog & Content Administration/_knowledge-graph.md
AdminUi/Controllers/AdCards/AdCardsController.cs	f7c862205dca	docs/knowledge-graph/Admin/Catalog & Content Administration/_scenarios.md
AdminUi/Controllers/AiThirdPartyController/AiThirdPartyController.cs	812d747ab027	docs/knowledge-graph/Admin/ERP & Integrations/_knowledge-graph.md
AdminUi/Controllers/AiThirdPartyController/AiThirdPartyController.cs	812d747ab027	docs/knowledge-graph/_system/_integrations.md
AdminUi/Controllers/Announcement/AnnouncementController.cs	4b3557722152	docs/knowledge-graph/Admin/Catalog & Content Administration/_knowledge-graph.md
AdminUi/Controllers/Announcement/AnnouncementController.cs	4b3557722152	docs/knowledge-graph/_system/_conflicts.md
AdminUi/Controllers/Area/AreaController.cs	44de560d477e	docs/knowledge-graph/_system/_conflicts.md
AdminUi/Controllers/AudianceController/AudianceController.cs	32cecf91a6be	docs/knowledge-graph/Admin/Catalog & Content Administration/_knowledge-graph.md
AdminUi/Controllers/AudianceController/AudianceController.cs	32cecf91a6be	docs/knowledge-graph/Admin/Catalog & Content Administration/_scenarios.md
AdminUi/Controllers/AudianceController/AudianceController.cs	32cecf91a6be	docs/knowledge-graph/_system/_conflicts.md
AdminUi/Controllers/AutoCompensationSettings/AutoCompensationSettingsController.cs	cc40284203c2	docs/knowledge-graph/Admin/Delivery Administration/_knowledge-graph.md
AdminUi/Controllers/Brand/BrandController.cs	fc4a7b94fdce	docs/knowledge-graph/Admin/Catalog & Content Administration/_knowledge-graph.md
AdminUi/Controllers/Brand/BrandController.cs	fc4a7b94fdce	docs/knowledge-graph/Admin/Catalog & Content Administration/_scenarios.md
AdminUi/Controllers/Brand/BrandController.cs	fc4a7b94fdce	docs/knowledge-graph/_system/_conflicts.md
AdminUi/Controllers/ChatDashboard/ChatDashboardController.cs	14ee1506ee9f	docs/knowledge-graph/Admin/Chat Administration/_knowledge-graph.md
AdminUi/Controllers/ChatDashboard/ChatDashboardController.cs	14ee1506ee9f	docs/knowledge-graph/Admin/Chat Administration/_scenarios.md
AdminUi/Controllers/ChatHistory/ChatHistoryController.cs	de95e1515ce6	docs/knowledge-graph/Admin/Chat Administration/_knowledge-graph.md
AdminUi/Controllers/ChatHistory/ChatHistoryController.cs	de95e1515ce6	docs/knowledge-graph/_system/_conflicts.md
AdminUi/Controllers/ChatRateController/ChatRateController.cs	655df7ed7073	docs/knowledge-graph/Admin/Chat Administration/_knowledge-graph.md
AdminUi/Controllers/ChatReports/ChatReportsController.cs	0a5c8e0fd27c	docs/knowledge-graph/Admin/Chat Administration/_knowledge-graph.md
AdminUi/Controllers/ChatReports/ChatReportsController.cs	0a5c8e0fd27c	docs/knowledge-graph/Admin/Chat Administration/_scenarios.md
AdminUi/Controllers/ChatSettings/ChatSettingsController.cs	37c0eafef948	docs/knowledge-graph/Admin/Chat Administration/_knowledge-graph.md
AdminUi/Controllers/ChatSettings/ChatSettingsController.cs	37c0eafef948	docs/knowledge-graph/Admin/Chat Administration/_scenarios.md
AdminUi/Controllers/CityBreakConfigurationController/CityBreakConfigurationController.cs	8cfe7d7fc51e	docs/knowledge-graph/Admin/City & Geography Administration/CityBreakConfiguration.md
AdminUi/Controllers/CityController.cs	ca64d42b751f	docs/knowledge-graph/_system/_conflicts.md
AdminUi/Controllers/CityRushTimeConfigurationController/CityRushTimeConfigurationController.cs	968d4a6acc60	docs/knowledge-graph/Admin/City & Geography Administration/_knowledge-graph.md
AdminUi/Controllers/CityRushTimeConfigurationController/CityRushTimeConfigurationController.cs	968d4a6acc60	docs/knowledge-graph/_system/_conflicts.md
AdminUi/Controllers/CitySuggestionsController/CitySuggestionsController.cs	5439d773cd3e	docs/knowledge-graph/_system/_conflicts.md
AdminUi/Controllers/CitySuggestionsController/CitySuggestionsController.cs	5439d773cd3e	docs/knowledge-graph/_system/_idor-instances.md
AdminUi/Controllers/Compensation/CompensationController.cs	800d6a471b5b	docs/knowledge-graph/Admin/Delivery Administration/_knowledge-graph.md
AdminUi/Controllers/Compensation/CompensationController.cs	800d6a471b5b	docs/knowledge-graph/Admin/Delivery Administration/_scenarios.md
AdminUi/Controllers/Compensation/CompensationController.cs	800d6a471b5b	docs/knowledge-graph/_system/_conflicts.md
AdminUi/Controllers/Complaints/ComplaintsController.cs	b7b732003697	docs/knowledge-graph/Admin/Merchant Administration/_knowledge-graph.md
AdminUi/Controllers/Complaints/ComplaintsController.cs	b7b732003697	docs/knowledge-graph/Admin/Merchant Administration/_scenarios.md
AdminUi/Controllers/Complaints/ComplaintsController.cs	b7b732003697	docs/knowledge-graph/Customer Ordering/Support & Chat/Support-and-Chat.technical.md
AdminUi/Controllers/Complaints/ComplaintsController.cs	b7b732003697	docs/knowledge-graph/_system/_conflicts.md
AdminUi/Controllers/Configuration/ConfigurationController.cs	5649b853ff01	docs/knowledge-graph/Admin/Admin Back-Office/Admin-Access-and-Oversight.technical.md
AdminUi/Controllers/Configuration/ConfigurationController.cs	5649b853ff01	docs/knowledge-graph/Admin/Admin Back-Office/_scenarios.md
AdminUi/Controllers/Configuration/ConfigurationController.cs	5649b853ff01	docs/knowledge-graph/_system/_conflicts.md
AdminUi/Controllers/ContactUsAdmin/ContactUsController.cs	00b275e296fb	docs/knowledge-graph/Admin/Chat Administration/_knowledge-graph.md
AdminUi/Controllers/CookingTimeCategoryController/CookingTimeCategoryController.cs	fc4ab771a9ce	docs/knowledge-graph/Admin/Catalog & Content Administration/_knowledge-graph.md
AdminUi/Controllers/CookingTimeCategoryController/CookingTimeCategoryController.cs	fc4ab771a9ce	docs/knowledge-graph/_system/_conflicts.md
AdminUi/Controllers/Country/CountryController.cs	6a2e05d9679a	docs/knowledge-graph/_system/_conflicts.md
AdminUi/Controllers/CustomReportDesignerController.cs	0c7a7fadd547	docs/knowledge-graph/_system/_conflicts.md
AdminUi/Controllers/CustomerAdminChat/CustomerAdminChatController.cs	517e95099d3b	docs/knowledge-graph/Admin/Chat Administration/_knowledge-graph.md
AdminUi/Controllers/CustomerAdminChat/CustomerAdminChatController.cs	517e95099d3b	docs/knowledge-graph/_system/_integrations.md
AdminUi/Controllers/CustomerAds/InAppMessagingController.cs	2f72f449fd56	docs/knowledge-graph/Admin/Catalog & Content Administration/_knowledge-graph.md
AdminUi/Controllers/CustomerAds/InAppMessagingController.cs	2f72f449fd56	docs/knowledge-graph/_system/_conflicts.md
AdminUi/Controllers/CustomerController/CustomerController.cs	54a6cd2065b5	docs/knowledge-graph/Admin/Order & Customer Administration/_knowledge-graph.md
AdminUi/Controllers/CustomerController/CustomerController.cs	54a6cd2065b5	docs/knowledge-graph/Admin/Order & Customer Administration/_scenarios.md
AdminUi/Controllers/CustomerController/CustomerController.cs	54a6cd2065b5	docs/knowledge-graph/Identity & Access/Customer Identity/Customer-Account-Lifecycle.technical.md
AdminUi/Controllers/CustomerController/CustomerController.cs	54a6cd2065b5	docs/knowledge-graph/Identity & Access/Customer Identity/Customer/Customer.technical.md
AdminUi/Controllers/CustomerController/CustomerController.cs	54a6cd2065b5	docs/knowledge-graph/Identity & Access/Customer Identity/CustomerAddress/CustomerAddress.technical.md
AdminUi/Controllers/CustomerController/CustomerController.cs	54a6cd2065b5	docs/knowledge-graph/_system/_conflicts.md
AdminUi/Controllers/CustomerNotifications/CustomerNotificationsController.cs	6a32212373ff	docs/knowledge-graph/Admin/Catalog & Content Administration/_knowledge-graph.md
AdminUi/Controllers/DashboardController/DynamicDashboardController.cs	8666def124d3	docs/knowledge-graph/Admin/Admin Back-Office/Admin-Access-and-Oversight.technical.md
AdminUi/Controllers/DashboardController/DynamicDashboardController.cs	8666def124d3	docs/knowledge-graph/_system/_conflicts.md
AdminUi/Controllers/DelivaryZoneController/DeliveryZoneController.cs	510c807d3b75	docs/knowledge-graph/_system/_conflicts.md
AdminUi/Controllers/DeliveryAnnouncementController/DeliveryAnnouncementController.cs	3a74b206d28d	docs/knowledge-graph/Admin/Delivery Administration/_knowledge-graph.md
AdminUi/Controllers/DeliveryAnnouncementController/DeliveryAnnouncementController.cs	3a74b206d28d	docs/knowledge-graph/Admin/Delivery Administration/_scenarios.md
AdminUi/Controllers/DeliveryAnnouncementController/DeliveryAnnouncementController.cs	3a74b206d28d	docs/knowledge-graph/_system/_conflicts.md
AdminUi/Controllers/DeliveryBouns/DeliveryBounsController.cs	18070a9413b8	docs/knowledge-graph/Admin/Delivery Administration/_knowledge-graph.md
AdminUi/Controllers/DeliveryBouns/DeliveryBounsController.cs	18070a9413b8	docs/knowledge-graph/_system/_idor-instances.md
AdminUi/Controllers/DeliveryInstructionsController/DeliveryInstructionsController.cs	acd74bbdb17d	docs/knowledge-graph/Admin/Delivery Administration/_knowledge-graph.md
AdminUi/Controllers/DeliveryInstructionsController/DeliveryInstructionsController.cs	acd74bbdb17d	docs/knowledge-graph/_system/_idor-instances.md
AdminUi/Controllers/DeliveryManChat/DeliveryManChatController.cs	a84c7664040f	docs/knowledge-graph/Admin/Chat Administration/_knowledge-graph.md
AdminUi/Controllers/DeliveryManChat/DeliveryManChatController.cs	a84c7664040f	docs/knowledge-graph/_system/_integrations.md
AdminUi/Controllers/DeliveryManNotificationController/DeliveryManNotificationController.cs	7a1db815c1af	docs/knowledge-graph/Admin/Delivery Administration/_knowledge-graph.md
AdminUi/Controllers/DeliveryMenController.cs	0c16e85a7b86	docs/knowledge-graph/Admin/Delivery Administration/_knowledge-graph.md
AdminUi/Controllers/DeliveryMenController.cs	0c16e85a7b86	docs/knowledge-graph/Admin/Delivery Administration/_scenarios.md
AdminUi/Controllers/DeliveryMenController.cs	0c16e85a7b86	docs/knowledge-graph/_system/_conflicts.md
AdminUi/Controllers/DeliverySupplier/DeliverySupplierController.cs	076715358c3f	docs/knowledge-graph/Admin/Delivery Administration/_knowledge-graph.md
AdminUi/Controllers/DeliverySupplier/DeliverySupplierController.cs	076715358c3f	docs/knowledge-graph/_system/_conflicts.md
AdminUi/Controllers/DeliverymanWallet/DeliverymanWalletController.cs	9714e0642f79	docs/knowledge-graph/Admin/Delivery Administration/_knowledge-graph.md
AdminUi/Controllers/DeliverymanWallet/DeliverymanWalletController.cs	9714e0642f79	docs/knowledge-graph/Admin/Delivery Administration/_scenarios.md
AdminUi/Controllers/DeliverymanWallet/DeliverymanWalletController.cs	9714e0642f79	docs/knowledge-graph/Delivery/Driver Cash & Compensation/Driver-Cash-Cycle.technical.md
AdminUi/Controllers/DeliverymanWallet/DeliverymanWalletController.cs	9714e0642f79	docs/knowledge-graph/_system/_conflicts.md
AdminUi/Controllers/ElasticSerach/ElasticSerachController.cs	78fd0dfb607e	docs/knowledge-graph/Admin/ERP & Integrations/_knowledge-graph.md
AdminUi/Controllers/ElasticSerach/ElasticSerachController.cs	78fd0dfb607e	docs/knowledge-graph/Admin/ERP & Integrations/_knowledge-graph.md
AdminUi/Controllers/ElasticSerach/ElasticSerachController.cs	78fd0dfb607e	docs/knowledge-graph/Admin/ERP & Integrations/_scenarios.md
AdminUi/Controllers/ElasticSerach/ElasticSerachController.cs	78fd0dfb607e	docs/knowledge-graph/Customer Ordering/Restaurant & Menu Discovery/Search/Search.technical.md
AdminUi/Controllers/ElasticSerach/ElasticSerachController.cs	78fd0dfb607e	docs/knowledge-graph/_system/_conflicts.md
AdminUi/Controllers/ErpController/ERPController.cs	4bbd53e5672e	docs/knowledge-graph/Admin/ERP & Integrations/_knowledge-graph.md
AdminUi/Controllers/ErpController/ERPController.cs	4bbd53e5672e	docs/knowledge-graph/Admin/ERP & Integrations/_knowledge-graph.md
AdminUi/Controllers/ErpController/ERPController.cs	4bbd53e5672e	docs/knowledge-graph/Admin/ERP & Integrations/_scenarios.md
AdminUi/Controllers/ErpController/ERPController.cs	4bbd53e5672e	docs/knowledge-graph/_system/_integrations.md
AdminUi/Controllers/ErpIntegrationTrackingController.cs	41e729f28214	docs/knowledge-graph/Admin/ERP & Integrations/_knowledge-graph.md
AdminUi/Controllers/ErpIntegrationTrackingController.cs	41e729f28214	docs/knowledge-graph/Admin/ERP & Integrations/_knowledge-graph.md
AdminUi/Controllers/ErpIntegrationTrackingController.cs	41e729f28214	docs/knowledge-graph/Admin/ERP & Integrations/_scenarios.md
AdminUi/Controllers/ErpIntegrationTrackingController.cs	41e729f28214	docs/knowledge-graph/_system/_idor-instances.md
AdminUi/Controllers/FAQController/FAQItemsController.cs	9274399b061b	docs/knowledge-graph/Admin/Catalog & Content Administration/_knowledge-graph.md
AdminUi/Controllers/FeatureMangamentController/FeatureMangamentController.cs	d7f0a0673746	docs/knowledge-graph/_system/_conflicts.md
AdminUi/Controllers/FeaturesManagementController.cs	5a07a4ab6678	docs/knowledge-graph/Admin/Admin Back-Office/Admin-Access-and-Oversight.technical.md
AdminUi/Controllers/FeaturesManagementController.cs	5a07a4ab6678	docs/knowledge-graph/_system/_conflicts.md
AdminUi/Controllers/FoodTypeController.cs	c292a5022b21	docs/knowledge-graph/Admin/Catalog & Content Administration/_knowledge-graph.md
AdminUi/Controllers/FoodTypesController/FoodTypesController.cs	3df73fd656ff	docs/knowledge-graph/Admin/Catalog & Content Administration/_knowledge-graph.md
AdminUi/Controllers/FoodTypesController/FoodTypesController.cs	3df73fd656ff	docs/knowledge-graph/_system/_conflicts.md
AdminUi/Controllers/HealthController/HealthController .cs	e8dd2d13f525	docs/knowledge-graph/_system/_conflicts.md
AdminUi/Controllers/ItemController/ItemController.cs	e25995baf83e	docs/knowledge-graph/Admin/Catalog & Content Administration/_knowledge-graph.md
AdminUi/Controllers/ItemController/ItemController.cs	e25995baf83e	docs/knowledge-graph/_system/_conflicts.md
AdminUi/Controllers/JournalSubscriptionController/JournalSubscriptionController.cs	fcc7a0a45560	docs/knowledge-graph/Admin/ERP & Integrations/_knowledge-graph.md
AdminUi/Controllers/JournalSubscriptionController/JournalSubscriptionController.cs	fcc7a0a45560	docs/knowledge-graph/_system/_conflicts.md
AdminUi/Controllers/Langauge/LangaugeController.cs	f154fbe32c36	docs/knowledge-graph/Admin/Catalog & Content Administration/_knowledge-graph.md
AdminUi/Controllers/MartCategory/MartCategoryController.cs	a5942025d000	docs/knowledge-graph/Admin/Catalog & Content Administration/_knowledge-graph.md
AdminUi/Controllers/MartCategory/MartCategoryController.cs	a5942025d000	docs/knowledge-graph/Admin/Catalog & Content Administration/_scenarios.md
AdminUi/Controllers/MartCategory/MartCategoryController.cs	a5942025d000	docs/knowledge-graph/_system/_conflicts.md
AdminUi/Controllers/MartCategory/SpecialMartCategoryController.cs	94c892ee6c27	docs/knowledge-graph/Admin/Catalog & Content Administration/_knowledge-graph.md
AdminUi/Controllers/MenuItemActivationTrackingController.cs	?	docs/knowledge-graph/Customer Ordering/Restaurant & Menu Discovery/MenuItem/MenuItem.technical.md
AdminUi/Controllers/MerchantController/MerchantController.cs	bd49e82a3347	docs/knowledge-graph/Admin/Merchant Administration/_knowledge-graph.md
AdminUi/Controllers/MerchantController/MerchantController.cs	bd49e82a3347	docs/knowledge-graph/Admin/Merchant Administration/_scenarios.md
AdminUi/Controllers/MerchantController/MerchantController.cs	bd49e82a3347	docs/knowledge-graph/Customer Ordering/Payments/Money-Path.technical.md
AdminUi/Controllers/MerchantController/MerchantController.cs	bd49e82a3347	docs/knowledge-graph/_system/_idor-instances.md
AdminUi/Controllers/NonDeliveryReasonsController.cs	ac59ac79f7e1	docs/knowledge-graph/Admin/Delivery Administration/_knowledge-graph.md
AdminUi/Controllers/NotificationsController/NotificationsController.cs	842bbcbc70c9	docs/knowledge-graph/Admin/Admin Back-Office/_knowledge-graph.md
AdminUi/Controllers/NotificationsController/NotificationsController.cs	842bbcbc70c9	docs/knowledge-graph/Admin/Catalog & Content Administration/_knowledge-graph.md
AdminUi/Controllers/NotificationsController/NotificationsController.cs	842bbcbc70c9	docs/knowledge-graph/_system/_conflicts.md
AdminUi/Controllers/Order/OrderController.cs	934f4250495d	docs/knowledge-graph/Admin/Admin Back-Office/_knowledge-graph.md
AdminUi/Controllers/Order/OrderController.cs	934f4250495d	docs/knowledge-graph/Admin/Order & Customer Administration/_knowledge-graph.md
AdminUi/Controllers/Order/OrderController.cs	934f4250495d	docs/knowledge-graph/Admin/Order & Customer Administration/_scenarios.md
AdminUi/Controllers/Order/OrderController.cs	934f4250495d	docs/knowledge-graph/Customer Ordering/Order & Fulfilment/Cancellation-and-Refund.technical.md
AdminUi/Controllers/Order/OrderController.cs	934f4250495d	docs/knowledge-graph/Customer Ordering/Payments/Money-Path.technical.md
AdminUi/Controllers/Order/OrderController.cs	934f4250495d	docs/knowledge-graph/Customer Ordering/Payments/PayMob/PayMob.technical.md
AdminUi/Controllers/Order/OrderController.cs	934f4250495d	docs/knowledge-graph/_system/_conflicts.md
AdminUi/Controllers/Order/OrderController.cs	934f4250495d	docs/knowledge-graph/_system/_idor-instances.md
AdminUi/Controllers/PaymentMethodController/PaymentMethodController.cs	fe2ce05c3dbd	docs/knowledge-graph/Admin/Order & Customer Administration/PaymentMethod.md
AdminUi/Controllers/PaymentMethodController/PaymentMethodController.cs	fe2ce05c3dbd	docs/knowledge-graph/Admin/Order & Customer Administration/_knowledge-graph.md
AdminUi/Controllers/Permission/PermissionController.cs	b66fad8da160	docs/knowledge-graph/Admin/Admin Back-Office/Admin-Access-and-Oversight.technical.md
AdminUi/Controllers/Permission/PermissionController.cs	b66fad8da160	docs/knowledge-graph/Admin/Admin Back-Office/_scenarios.md
AdminUi/Controllers/Permission/PermissionController.cs	b66fad8da160	docs/knowledge-graph/Identity & Access/Restaurant & Admin User Identity/Permission/Permission.technical.md
AdminUi/Controllers/Permission/PermissionController.cs	b66fad8da160	docs/knowledge-graph/_system/_conflicts.md
AdminUi/Controllers/PrivacyPolicyController/PrivacyPolicyController.cs	d31cb8b19248	docs/knowledge-graph/Admin/Catalog & Content Administration/_knowledge-graph.md
AdminUi/Controllers/PromoCodeController/PromoCodeController.cs	af582ae3ea2c	docs/knowledge-graph/Admin/Order & Customer Administration/_knowledge-graph.md
AdminUi/Controllers/PromoCodeController/PromoCodeController.cs	af582ae3ea2c	docs/knowledge-graph/Admin/Order & Customer Administration/_scenarios.md
AdminUi/Controllers/ReportController.cs	4cd167192dd8	docs/knowledge-graph/_system/_conflicts.md
AdminUi/Controllers/ReportsController/ReportsController.cs	8734adcd543e	docs/knowledge-graph/Admin/Admin Back-Office/Admin-Access-and-Oversight.technical.md
AdminUi/Controllers/ReportsController/ReportsController.cs	8734adcd543e	docs/knowledge-graph/Customer Ordering/Payments/Fawry/Fawry.technical.md
AdminUi/Controllers/ReportsController/ReportsController.cs	8734adcd543e	docs/knowledge-graph/_system/_conflicts.md
AdminUi/Controllers/RestaurantController/RestaurantController.cs	0a5804e4d272	docs/knowledge-graph/Admin/Admin Back-Office/_knowledge-graph.md
AdminUi/Controllers/RestaurantController/RestaurantController.cs	0a5804e4d272	docs/knowledge-graph/Admin/Merchant Administration/_knowledge-graph.md
AdminUi/Controllers/RestaurantController/RestaurantController.cs	0a5804e4d272	docs/knowledge-graph/Admin/Merchant Administration/_scenarios.md
AdminUi/Controllers/RestaurantReport/ReportListController.cs	91631077da03	docs/knowledge-graph/_system/_conflicts.md
AdminUi/Controllers/RoboCall/RoboCallController.cs	d4d3e78d27e1	docs/knowledge-graph/Admin/Delivery Administration/_knowledge-graph.md
AdminUi/Controllers/ScheduledNotificationController/ScheduledNotificationController.cs	ddfb890c7cef	docs/knowledge-graph/Admin/Catalog & Content Administration/_knowledge-graph.md
AdminUi/Controllers/ScheduledNotificationController/ScheduledNotificationController.cs	ddfb890c7cef	docs/knowledge-graph/Admin/Catalog & Content Administration/_scenarios.md
AdminUi/Controllers/ScheduledNotificationController/ScheduledNotificationController.cs	ddfb890c7cef	docs/knowledge-graph/_system/_conflicts.md
AdminUi/Controllers/Slider/Slider.cs	88451a0470c7	docs/knowledge-graph/Admin/Catalog & Content Administration/_knowledge-graph.md
AdminUi/Controllers/Slider/Slider.cs	88451a0470c7	docs/knowledge-graph/_system/_conflicts.md
AdminUi/Controllers/StoreType/StoreTypeController.cs	b10eb72761ad	docs/knowledge-graph/Admin/Catalog & Content Administration/_knowledge-graph.md
AdminUi/Controllers/StoreType/StoreTypeController.cs	b10eb72761ad	docs/knowledge-graph/_system/_conflicts.md
AdminUi/Controllers/StoreTypesController.cs	c74270e35091	docs/knowledge-graph/Admin/Catalog & Content Administration/_knowledge-graph.md
AdminUi/Controllers/StoreTypesController.cs	c74270e35091	docs/knowledge-graph/_system/_conflicts.md
AdminUi/Controllers/TawkTo/TawkToController.cs	82e38a76d86d	docs/knowledge-graph/Admin/ERP & Integrations/_knowledge-graph.md
AdminUi/Controllers/TermsAndConditions/TermsAndConditionsController.cs	6105cbd8ced4	docs/knowledge-graph/Admin/Catalog & Content Administration/_knowledge-graph.md
AdminUi/Controllers/TieredDiscountController/TieredDiscountController.cs	62614ed5fb65	docs/knowledge-graph/Customer Ordering/Tiered Discount/TieredDiscount/TieredDiscount.technical.md
AdminUi/Controllers/TieredDiscountController/TieredDiscountController.cs	62614ed5fb65	docs/knowledge-graph/Customer Ordering/Tiered Discount/_knowledge-graph.md
AdminUi/Controllers/TieredDiscountController/TieredDiscountController.cs	62614ed5fb65	docs/knowledge-graph/_system/_integrations.md
AdminUi/Controllers/UnbanReasonsController.cs	f5e22b39baa6	docs/knowledge-graph/Admin/Delivery Administration/_knowledge-graph.md
AdminUi/Controllers/UnbanReasonsController.cs	f5e22b39baa6	docs/knowledge-graph/_system/_idor-instances.md
AdminUi/Controllers/UserShiftController/UserShiftController.cs	4646cb8ddfe4	docs/knowledge-graph/Admin/Delivery Administration/_knowledge-graph.md
AdminUi/Controllers/UserShiftController/UserShiftController.cs	4646cb8ddfe4	docs/knowledge-graph/_system/_conflicts.md
AdminUi/Controllers/VoucherController/VoucherController.cs	5baa40ef4fde	docs/knowledge-graph/Admin/Order & Customer Administration/_knowledge-graph.md
AdminUi/Controllers/VoucherController/VoucherController.cs	5baa40ef4fde	docs/knowledge-graph/Admin/Order & Customer Administration/_scenarios.md
AdminUi/Controllers/WalletTransactionRechargeReasonController/WalletTransactionRechargeReasonController.cs	19bcae1c419c	docs/knowledge-graph/_system/_conflicts.md
AdminUi/Controllers/Webhook/WebhookController.cs	a029042a6a7f	docs/knowledge-graph/Admin/Admin Back-Office/Configuration/Configuration.technical.md
AdminUi/Controllers/Webhook/WebhookController.cs	a029042a6a7f	docs/knowledge-graph/Admin/ERP & Integrations/_knowledge-graph.md
AdminUi/Controllers/Webhook/WebhookController.cs	a029042a6a7f	docs/knowledge-graph/_system/_idor-instances.md
AdminUi/Controllers/WorkUsDeliveryController.cs	1feda4c46733	docs/knowledge-graph/Admin/Delivery Administration/_knowledge-graph.md
AdminUi/Helper/AnnouncementAndroidGCMPushNotification.cs	3e3c3144432b	docs/knowledge-graph/_system/_conflicts.md
AdminUi/Helper/AuthorizationHelpers/AttributeAuthorizationHandler.cs	37403187a3ea	docs/knowledge-graph/Admin/Admin Back-Office/Admin-Access-and-Oversight.technical.md
AdminUi/Helper/AuthorizationHelpers/AttributeAuthorizationHandler.cs	37403187a3ea	docs/knowledge-graph/Admin/Admin Back-Office/_scenarios.md
AdminUi/Helper/AuthorizationHelpers/AttributeAuthorizationHandler.cs	37403187a3ea	docs/knowledge-graph/Identity & Access/Restaurant & Admin User Identity/Permission/Permission.technical.md
AdminUi/Helper/AuthorizationHelpers/PermissionAttribute.cs	f0e5e60a8982	docs/knowledge-graph/Admin/Admin Back-Office/Admin-Access-and-Oversight.technical.md
AdminUi/Helper/AuthorizationHelpers/PermissionAttribute.cs	f0e5e60a8982	docs/knowledge-graph/Admin/Admin Back-Office/_scenarios.md
AdminUi/Helper/AuthorizationHelpers/PermissionAttribute.cs	f0e5e60a8982	docs/knowledge-graph/Identity & Access/Restaurant & Admin User Identity/Permission/Permission.technical.md
AdminUi/Helper/AuthorizationHelpers/PermissionAuthorizationHandler.cs	5f005f84a432	docs/knowledge-graph/Admin/Admin Back-Office/Admin-Access-and-Oversight.technical.md
AdminUi/Helper/AuthorizationHelpers/PermissionAuthorizationHandler.cs	5f005f84a432	docs/knowledge-graph/Identity & Access/Restaurant & Admin User Identity/Permission/Permission.technical.md
AdminUi/Helper/AuthorizationHelpers/PermissionAuthorizationHandler.cs	5f005f84a432	docs/knowledge-graph/_system/_conflicts.md
AdminUi/Helper/BaseController.cs	68458c9125a2	docs/knowledge-graph/Admin/Admin Back-Office/_scenarios.md
AdminUi/Helper/BaseController.cs	68458c9125a2	docs/knowledge-graph/_system/_conflicts.md
AdminUi/Helper/ChatNotificationService/ChatNotificationService.cs	27d42cae050b	docs/knowledge-graph/_system/_conflicts.md
AdminUi/Helper/ERPIntegration/AccflexERPConfigurations.cs	51cfe329fb93	docs/knowledge-graph/Admin/ERP & Integrations/_knowledge-graph.md
AdminUi/Helper/ERPIntegration/AccflexERPConfigurations.cs	51cfe329fb93	docs/knowledge-graph/_system/_integrations.md
AdminUi/Helper/ERPIntegration/CashControllApiServices/CashControllApiServices.cs	a6668ea790a5	docs/knowledge-graph/Customer Ordering/Payments/Money-Path.technical.md
AdminUi/Helper/ERPIntegration/CashControllApiServices/CashControllApiServices.cs	a6668ea790a5	docs/knowledge-graph/Delivery/Driver Cash & Compensation/Driver-Cash-Cycle.technical.md
AdminUi/Helper/ERPIntegration/CashControllApiServices/CashControllApiServices.cs	a6668ea790a5	docs/knowledge-graph/_system/_conflicts.md
AdminUi/Helper/ERPIntegration/CashControllApiServices/CashReceiptValidator.cs	fc8fbdfb8ee5	docs/knowledge-graph/Delivery/Driver Cash & Compensation/Driver-Cash-Cycle.technical.md
AdminUi/Helper/ERPIntegration/CashControllApiServices/CashReceiptValidator.cs	fc8fbdfb8ee5	docs/knowledge-graph/_system/_conflicts.md
AdminUi/Helper/ERPIntegration/DailyTransactions/Extensions/CompensationJournalDtoBuilder.cs	d05cbf48d7ec	docs/knowledge-graph/_system/_conflicts.md
AdminUi/Helper/ERPIntegration/GlApiServices/DTOs/GlApiService.RejectedOrderPenality.cs	75ddaf0f1617	docs/knowledge-graph/_system/_conflicts.md
AdminUi/Helper/ERPIntegration/GlApiServices/GlApiService.CompensationsJournal.cs	d28ef8e0cca9	docs/knowledge-graph/_system/_conflicts.md
AdminUi/Helper/ERPIntegration/GlApiServices/GlApiService.FawryJournal.cs	2c25f6af98b8	docs/knowledge-graph/Customer Ordering/Payments/Fawry/Fawry.technical.md
AdminUi/Helper/ERPIntegration/GlApiServices/GlApiService.OnlinePaymentsReceivement.cs	d2e33cfd4b3c	docs/knowledge-graph/Customer Ordering/Payments/Money-Path.technical.md
AdminUi/Helper/ERPIntegration/GlApiServices/GlApiService.RestaurantsAccrualsJournal.cs	dceea39c50b9	docs/knowledge-graph/Customer Ordering/Payments/Money-Path.technical.md
AdminUi/Helper/ERPIntegration/GlApiServices/GlApiService.RestaurantsAccrualsJournal.cs	dceea39c50b9	docs/knowledge-graph/_system/_conflicts.md
AdminUi/Helper/ERPIntegration/GlApiServices/GlApiService.SendManualMerchantsTranasctionsJournals.cs	8f6d8dc01f82	docs/knowledge-graph/Customer Ordering/Payments/Money-Path.technical.md
AdminUi/Helper/ERPIntegration/GlApiServices/GlApiService.SendManualMerchantsTranasctionsJournals.cs	8f6d8dc01f82	docs/knowledge-graph/_system/_conflicts.md
AdminUi/Helper/ERPIntegration/GlApiServices/GlApiService.cs	cf3d51af02ae	docs/knowledge-graph/Admin/ERP & Integrations/_knowledge-graph.md
AdminUi/Helper/ERPIntegration/GlApiServices/GlApiService.cs	cf3d51af02ae	docs/knowledge-graph/Admin/ERP & Integrations/_scenarios.md
AdminUi/Helper/ERPIntegration/GlApiServices/GlApiService.cs	cf3d51af02ae	docs/knowledge-graph/Customer Ordering/Payments/Money-Path.technical.md
AdminUi/Helper/Filters/ApiKeyAuthorizeAttribute.cs	f687fb4e952a	docs/knowledge-graph/_system/_conflicts.md
AdminUi/Helper/HangFire/Jobs/AutoBusyResturantJob.cs	39f00f6aa4ba	docs/knowledge-graph/Restaurant Portal/Menu & Order Management/Merchant-Menu-and-Orders.technical.md
AdminUi/Helper/HangFire/Jobs/AutoBusyResturantJob.cs	39f00f6aa4ba	docs/knowledge-graph/_system/_conflicts.md
AdminUi/Helper/HangFire/Jobs/BuildingAudianceCustomerJob.cs	a93b2546472a	docs/knowledge-graph/_system/_conflicts.md
AdminUi/Helper/Notifications/OrdersSameStatusNotifier.cs	8004e8d487b0	docs/knowledge-graph/_system/_conflicts.md
AdminUi/Helper/Permissions.cs	45e36d79f3f0	docs/knowledge-graph/Identity & Access/Restaurant & Admin User Identity/Permission/Permission.technical.md
AdminUi/Helper/VersioningAPIAndroidGCMPushNotification.cs	90064d89e066	docs/knowledge-graph/_system/_conflicts.md
AdminUi/OfflineDeliverymenChecker.cs	b3fba0a28c71	docs/knowledge-graph/_system/_conflicts.md
AdminUi/Startup.cs	9b3cc183bae1	docs/knowledge-graph/Customer Ordering/Marketing & Content/Notification-Delivery.technical.md
AdminUi/Startup.cs	9b3cc183bae1	docs/knowledge-graph/Customer Ordering/Support & Chat/Support-and-Chat.technical.md
AdminUi/Startup.cs	9b3cc183bae1	docs/knowledge-graph/Identity & Access/Restaurant & Admin User Identity/Permission/Permission.technical.md
AdminUi/Startup.cs	9b3cc183bae1	docs/knowledge-graph/_system/_conflicts.md
AdminUi/appsettings.json	8510ab3fc024	docs/knowledge-graph/Customer Ordering/Payments/PayMob/PayMob.technical.md
AdminUi/appsettings.json	8510ab3fc024	docs/knowledge-graph/Identity & Access/Authentication & Tokens/Identity/Identity.technical.md
AdminUi/appsettings.json	8510ab3fc024	docs/knowledge-graph/_system/_conflicts.md
GeneratedClient/TalabatkAPIs.Client.generated.cs	ec38423f46c0	docs/knowledge-graph/_system/_conflicts.md
Shared/SharedWeb/Helpers/DateTimeProvider/EgyptDateTime.cs	5d35bdcf5d73	docs/knowledge-graph/_system/_conflicts.md
Shared/SharedWeb/Helpers/Extenstions/DataBaseServices.cs	101669d0a0d9	docs/knowledge-graph/Customer Ordering/Marketing & Content/Notification-Delivery.technical.md
Shared/SharedWeb/Helpers/Extenstions/DataBaseServices.cs	101669d0a0d9	docs/knowledge-graph/_system/_idor-instances.md
Shared/SharedWeb/Helpers/Extenstions/IdentityProvider.cs	fba0a620c391	docs/knowledge-graph/_system/_conflicts.md
Shared/SharedWeb/Helpers/Extenstions/IdentityProvider.cs	fba0a620c391	docs/knowledge-graph/_system/_integrations.md
Shared/SharedWeb/Helpers/Globalization.cs	d6593497b926	docs/knowledge-graph/_system/_conflicts.md
Shared/SharedWeb/Helpers/IDSClientHandler.cs	0f6745b00357	docs/knowledge-graph/_system/_conflicts.md
Shared/SharedWeb/Helpers/OrderHelper/CheckAndCaptureOnlinePayment.cs	583af6c641f4	docs/knowledge-graph/Customer Ordering/Order & Fulfilment/Cancellation-and-Refund.technical.md
Shared/SharedWeb/Helpers/OrderHelper/CheckAndCaptureOnlinePayment.cs	583af6c641f4	docs/knowledge-graph/_system/_conflicts.md
Shared/SharedWeb/Helpers/OrderHelper/CheckoutCreateSession.cs	6f29a63ab44d	docs/knowledge-graph/_system/_conflicts.md
Shared/SharedWeb/Helpers/UploadImages/UploadImage.cs	096208f448d6	docs/knowledge-graph/Customer Ordering/Support & Chat/_scenarios.md
Shared/SharedWeb/Resources/LocService.cs	54bd22bac3db	docs/knowledge-graph/_system/_conflicts.md
Shared/TalabatkApplication/ChatErrorKeys.cs	74159f4ecb45	docs/knowledge-graph/Admin/Chat Administration/_knowledge-graph.md
Shared/TalabatkApplication/Commands/AcceptAutoAssignRequestCommand/AcceptAutoAssignRequestCommand.cs	d87f0060da64	docs/knowledge-graph/Delivery/Delivery Man Operations/Delivery-Fee-and-Assignment.technical.md
Shared/TalabatkApplication/Commands/AddAnnouncementCommand/AddAnnouncementCommand.cs	b78f0b666edc	docs/knowledge-graph/Customer Ordering/Marketing & Content/_knowledge-graph.md
Shared/TalabatkApplication/Commands/AddAnnouncementCommand/AddAnnouncementCommand.cs	b78f0b666edc	docs/knowledge-graph/Customer Ordering/Marketing & Content/_scenarios.md
Shared/TalabatkApplication/Commands/AddAnnouncementCommand/AddAnnouncementCommand.cs	b78f0b666edc	docs/knowledge-graph/_system/_conflicts.md
Shared/TalabatkApplication/Commands/AddCityBreakConfigurationCommand/AddCityBreakConfigurationCommand.cs	c0f180f86d46	docs/knowledge-graph/Admin/City & Geography Administration/CityBreakConfiguration.md
Shared/TalabatkApplication/Commands/AddCustomerWalletFromIRecycleRedeemsCommand/AddCustomerWalletFromIRecycleRedeemsCommand.cs	25ad3521aa17	docs/knowledge-graph/Identity & Access/Customer Identity/Customer-Account-Lifecycle.technical.md
Shared/TalabatkApplication/Commands/AddCustomerWalletFromIRecycleRedeemsCommand/AddCustomerWalletFromIRecycleRedeemsCommand.cs	25ad3521aa17	docs/knowledge-graph/_system/_conflicts.md
Shared/TalabatkApplication/Commands/AddDeliveryManLocationCommand/AddDeliveryManLocationCommand.cs	992c91417d4e	docs/knowledge-graph/Delivery/Delivery Man Operations/Driver-Operations.technical.md
Shared/TalabatkApplication/Commands/AddDeliveryManLocationCommand/AddDeliveryManLocationCommand_V1.cs	6b6fe74b43d1	docs/knowledge-graph/Delivery/Delivery Man Operations/Driver-Operations.technical.md
Shared/TalabatkApplication/Commands/AddDeliveryManLocationCommand/AddDeliveryManLocationCommand_V1.cs	6b6fe74b43d1	docs/knowledge-graph/_system/_conflicts.md
Shared/TalabatkApplication/Commands/AddDeliverymanWalletTransactionCommand/AddDeliverymanWalletTransactionCommand.cs	e20ba0617d0b	docs/knowledge-graph/Delivery/Driver Cash & Compensation/Driver-Cash-Cycle.technical.md
Shared/TalabatkApplication/Commands/AddDeliverymanWalletTransactionCommand/AddDeliverymanWalletTransactionCommand.cs	e20ba0617d0b	docs/knowledge-graph/_system/_conflicts.md
Shared/TalabatkApplication/Commands/AddFawryTransactionCommand/AddFawryTransactionCommand.cs	ecafc93dc442	docs/knowledge-graph/Customer Ordering/Payments/Fawry/Fawry.technical.md
Shared/TalabatkApplication/Commands/AddMerchantTransactionCommand/AddMerchantTransactionCommand.cs	b3bf9a51e2c9	docs/knowledge-graph/Customer Ordering/Payments/Money-Path.technical.md
Shared/TalabatkApplication/Commands/AddNewAddCommand/AddNewAdCommand.cs	642306e7afcf	docs/knowledge-graph/_system/_conflicts.md
Shared/TalabatkApplication/Commands/AddNewAdressCommand/AddNewAddressCommand.cs	d84e3b6defaf	docs/knowledge-graph/Identity & Access/Customer Identity/CustomerAddress/CustomerAddress.technical.md
Shared/TalabatkApplication/Commands/AddNewAdressCommand/AddNewAddressCommand.cs	d84e3b6defaf	docs/knowledge-graph/_system/_conflicts.md
Shared/TalabatkApplication/Commands/AddNewBrandCommand/AddNewBrandCommand.cs	6c7ecbf863cc	docs/knowledge-graph/_system/_conflicts.md
Shared/TalabatkApplication/Commands/AddNewCartItemCommand/AddNewCartItemCommand.cs	c3cb69f77a84	docs/knowledge-graph/Identity & Access/Customer Identity/CustomerAddress/CustomerAddress.technical.md
Shared/TalabatkApplication/Commands/AddNewCartItemCommand/AddNewCartItemCommand.cs	c3cb69f77a84	docs/knowledge-graph/Restaurant Portal/Menu & Order Management/Merchant-Menu-and-Orders.technical.md
Shared/TalabatkApplication/Commands/AddNewCartItemCommand/AddNewCartItemCommand.cs	c3cb69f77a84	docs/knowledge-graph/_system/_conflicts.md
Shared/TalabatkApplication/Commands/AddNewCartItemCommand/AddNewCartItemCommand_V1.cs	48c497cb1c32	docs/knowledge-graph/Customer Ordering/Cart & Checkout/Cart-and-Checkout-Validation.technical.md
Shared/TalabatkApplication/Commands/AddNewCartItemCommand/AddNewCartItemCommand_V1.cs	48c497cb1c32	docs/knowledge-graph/Identity & Access/Customer Identity/Customer-Account-Lifecycle.technical.md
Shared/TalabatkApplication/Commands/AddNewCartItemCommand/AddNewCartItemCommand_V1.cs	48c497cb1c32	docs/knowledge-graph/Restaurant Portal/Menu & Order Management/Merchant-Menu-and-Orders.technical.md
Shared/TalabatkApplication/Commands/AddNewCartItemCommand/AddNewCartItemCommand_V1.cs	48c497cb1c32	docs/knowledge-graph/_system/_conflicts.md
Shared/TalabatkApplication/Commands/AddNewCartItemCommand/ValidateItemOptionsCommand.cs	c72c2ed43edc	docs/knowledge-graph/Customer Ordering/Cart & Checkout/Cart-and-Checkout-Validation.technical.md
Shared/TalabatkApplication/Commands/AddNewCartItemCommand/ValidateItemOptionsCommand.cs	c72c2ed43edc	docs/knowledge-graph/Identity & Access/Customer Identity/CustomerAddress/CustomerAddress.technical.md
Shared/TalabatkApplication/Commands/AddNewCartItemCommand/ValidateItemOptionsCommand.cs	c72c2ed43edc	docs/knowledge-graph/_system/_conflicts.md
Shared/TalabatkApplication/Commands/AddNewCompensationCommand/AddNewCompensationCommand.cs	004a38a778bc	docs/knowledge-graph/Admin/Order & Customer Administration/PaymentMethod.md
Shared/TalabatkApplication/Commands/AddNewCompensationCommand/AddNewCompensationCommand.cs	004a38a778bc	docs/knowledge-graph/Customer Ordering/Order & Fulfilment/Cancellation-and-Refund.technical.md
Shared/TalabatkApplication/Commands/AddNewCompensationCommand/AddNewCompensationCommand.cs	004a38a778bc	docs/knowledge-graph/Identity & Access/Customer Identity/Customer-Account-Lifecycle.technical.md
Shared/TalabatkApplication/Commands/AddNewRoleCommand/AddNewRoleCommand.cs	df451fd4691f	docs/knowledge-graph/Admin/Admin Back-Office/Admin-Access-and-Oversight.technical.md
Shared/TalabatkApplication/Commands/AddPromoCodeCommand/AddPromoCodeCommand.cs	42995d8422c6	docs/knowledge-graph/_system/_conflicts.md
Shared/TalabatkApplication/Commands/AddRestaurantAndDeliveryReviewsCommand/AddRestaurantAndDeliveryReviewsCommand.cs	ec6f331336ee	docs/knowledge-graph/Customer Ordering/Restaurant & Menu Discovery/RestaurantReview.md
Shared/TalabatkApplication/Commands/AddRestaurantAndDeliveryReviewsCommand/AddRestaurantAndDeliveryReviewsCommand.cs	ec6f331336ee	docs/knowledge-graph/_system/_conflicts.md
Shared/TalabatkApplication/Commands/AddRestaurantBusyCommand/AddRestaurantBusyCommand.cs	60ad49668a1d	docs/knowledge-graph/Restaurant Portal/Menu & Order Management/Merchant-Menu-and-Orders.technical.md
Shared/TalabatkApplication/Commands/AddRestaurantReviewCommand/AddRestaurantReviewCommand.cs	f39a985c61c9	docs/knowledge-graph/Customer Ordering/Restaurant & Menu Discovery/RestaurantReview.md
Shared/TalabatkApplication/Commands/AddScheduledNotificationCommand/AddScheduledNotificationCommand.cs	aaea42a1b782	docs/knowledge-graph/Admin/Admin Back-Office/_knowledge-graph.md
Shared/TalabatkApplication/Commands/AddSliderHomeCommand/AddSliderHomeCommand.cs	9c61c6b7b978	docs/knowledge-graph/Admin/Admin Back-Office/_knowledge-graph.md
Shared/TalabatkApplication/Commands/AddSliderHomeCommand/AddSliderHomeCommand.cs	9c61c6b7b978	docs/knowledge-graph/_system/_conflicts.md
Shared/TalabatkApplication/Commands/AddSliderHomeCommand/AddSliderHomeCommandValidator.cs	724b9626c030	docs/knowledge-graph/Admin/Admin Back-Office/_knowledge-graph.md
Shared/TalabatkApplication/Commands/AddSliderHomeCommand/AddSliderHomeCommandValidator.cs	724b9626c030	docs/knowledge-graph/_system/_conflicts.md
Shared/TalabatkApplication/Commands/AddStoreTypeCommand/AddstoreTypeCommand.cs	81610dffa6ef	docs/knowledge-graph/Admin/Catalog & Content Administration/StoreTypes/StoreTypes.technical.md
Shared/TalabatkApplication/Commands/AddStoreTypeCommand/AddstoreTypeCommand.cs	81610dffa6ef	docs/knowledge-graph/_system/_conflicts.md
Shared/TalabatkApplication/Commands/AddUserShiftCommand/AddUserShiftCommand.cs	f50107eaaa72	docs/knowledge-graph/_system/_conflicts.md
Shared/TalabatkApplication/Commands/AddVoucherCommand/AddVoucherCommand.cs	ea70b0433034	docs/knowledge-graph/Customer Ordering/Discounts & Coupons/PromoCodes/PromoCodes.technical.md
Shared/TalabatkApplication/Commands/AddVoucherCommand/AddVoucherCommand.cs	ea70b0433034	docs/knowledge-graph/_system/_conflicts.md
Shared/TalabatkApplication/Commands/AssignDeliveryManToDeliveryRequestCommand/AssignDeliveryManToDeliveryRequestCommand.cs	c164400fb4a6	docs/knowledge-graph/Delivery/Delivery Man Operations/Delivery-Fee-and-Assignment.technical.md
Shared/TalabatkApplication/Commands/AssignDeliveryManToDeliveryRequestCommand/AssignDeliveryManToDeliveryRequestCommand.cs	c164400fb4a6	docs/knowledge-graph/_system/_conflicts.md
Shared/TalabatkApplication/Commands/AssignOrderDeliveryToDeliveryManFromMapCommand/AssignOrderDeliveryToDeliveryManFromMapCommand.cs	272f6783bf1f	docs/knowledge-graph/Delivery/Delivery Man Operations/Delivery-Fee-and-Assignment.technical.md
Shared/TalabatkApplication/Commands/AssignOrdertoDeliveryManCommand/AssignOrdertoDeliveryManCommand.cs	90ce68a43a2d	docs/knowledge-graph/Delivery/Delivery Man Operations/Delivery-Fee-and-Assignment.technical.md
Shared/TalabatkApplication/Commands/AssignOrdertoDeliveryManCommand/AssignOrdertoDeliveryManCommand.cs	90ce68a43a2d	docs/knowledge-graph/_system/_conflicts.md
Shared/TalabatkApplication/Commands/AssigneOrderToDeliveryManCommand/AssignOrderToDeliveryManByHimselfCommand.cs	67da09da960e	docs/knowledge-graph/Delivery/Delivery Man Operations/Delivery-Fee-and-Assignment.technical.md
Shared/TalabatkApplication/Commands/AssigneOrderToDeliveryManCommand/AssignOrderToDeliveryManByHimselfCommand.cs	67da09da960e	docs/knowledge-graph/_system/_conflicts.md
Shared/TalabatkApplication/Commands/CalculateItemsReplacementTotalCommand/CalculateItemsReplacementTotalCommand.cs	094bc548ce3c	docs/knowledge-graph/Customer Ordering/Order & Fulfilment/Order/Order.technical.md
Shared/TalabatkApplication/Commands/CalculateItemsReplacementTotalCommand/CalculateItemsReplacementTotalCommand.cs	094bc548ce3c	docs/knowledge-graph/Identity & Access/Customer Identity/CustomerAddress/CustomerAddress.technical.md
Shared/TalabatkApplication/Commands/CalculateItemsReplacementTotalCommand/CalculateItemsReplacementTotalCommand.cs	094bc548ce3c	docs/knowledge-graph/_system/_conflicts.md
Shared/TalabatkApplication/Commands/CancelOrderCommand/CancelOrderCommand.cs	1959b7a4f8c3	docs/knowledge-graph/Customer Ordering/Order & Fulfilment/Cancellation-and-Refund.technical.md
Shared/TalabatkApplication/Commands/CancelOrderCommand/CancelOrderCommand.cs	1959b7a4f8c3	docs/knowledge-graph/Customer Ordering/Order & Fulfilment/Order/Order.technical.md
Shared/TalabatkApplication/Commands/CancelOrderCommand/CancelOrderCommand.cs	1959b7a4f8c3	docs/knowledge-graph/Customer Ordering/Order & Fulfilment/_scenarios.md
Shared/TalabatkApplication/Commands/CancelPaymentCommand/CancelPaymentCommand.cs	06466fbeb424	docs/knowledge-graph/Admin/Order & Customer Administration/PaymentMethod.md
Shared/TalabatkApplication/Commands/CancelPaymentCommand/CancelPaymentCommand.cs	06466fbeb424	docs/knowledge-graph/Customer Ordering/Order & Fulfilment/Cancellation-and-Refund.technical.md
Shared/TalabatkApplication/Commands/CancelPaymentCommand/CancelPaymentCommand.cs	06466fbeb424	docs/knowledge-graph/Customer Ordering/Order & Fulfilment/Order/Order.technical.md
Shared/TalabatkApplication/Commands/CancelPaymentCommand/CancelPaymentCommand.cs	06466fbeb424	docs/knowledge-graph/_system/_conflicts.md
Shared/TalabatkApplication/Commands/CancelPaymentCommand/CancelPaymentCommand.cs	06466fbeb424	docs/knowledge-graph/_system/_idor-instances.md
Shared/TalabatkApplication/Commands/ChageOrderStatustToResturantPendingCommand/ChageOrderStatustToResturantPendingCommand.cs	cd21d4488c1b	docs/knowledge-graph/Customer Ordering/Order & Fulfilment/Order-Lifecycle.technical.md
Shared/TalabatkApplication/Commands/ChageOrderStatustToResturantPendingCommand/ChageOrderStatustToResturantPendingCommand.cs	cd21d4488c1b	docs/knowledge-graph/Customer Ordering/Order & Fulfilment/Order/Order.technical.md
Shared/TalabatkApplication/Commands/ChageOrderStatustToResturantPendingCommand/ChageOrderStatustToResturantPendingCommand.cs	cd21d4488c1b	docs/knowledge-graph/_system/_conflicts.md
Shared/TalabatkApplication/Commands/ChangeAddressByCustomer/ChangeAddressByCustomerCommand.cs	9312a13d0710	docs/knowledge-graph/Identity & Access/Customer Identity/CustomerAddress/CustomerAddress.technical.md
Shared/TalabatkApplication/Commands/ChangeCartItemQuantityCommand/ChangeCartItemQuantityCommand.cs	872b006b0f20	docs/knowledge-graph/Customer Ordering/Cart & Checkout/CustomerCart/CustomerCart.technical.md
Shared/TalabatkApplication/Commands/ChangeCartItemQuantityCommand/ChangeCartItemQuantityCommand.cs	872b006b0f20	docs/knowledge-graph/Identity & Access/Customer Identity/Customer-Account-Lifecycle.technical.md
Shared/TalabatkApplication/Commands/ChangeCartItemQuantityCommand/ChangeCartItemQuantityCommand.cs	872b006b0f20	docs/knowledge-graph/_system/_conflicts.md
Shared/TalabatkApplication/Commands/ChangeCustomerCartAddressCommand/ChangeCustomerCartAddressCommand.cs	d5809b9874a0	docs/knowledge-graph/Customer Ordering/Cart & Checkout/CustomerCart/CustomerCart.technical.md
Shared/TalabatkApplication/Commands/ChangeCustomerCartAddressCommand/ChangeCustomerCartAddressCommand.cs	d5809b9874a0	docs/knowledge-graph/Identity & Access/Customer Identity/CustomerAddress/CustomerAddress.technical.md
Shared/TalabatkApplication/Commands/ChangeCustomerCartAddressCommand/ChangeCustomerCartAddressCommand.cs	d5809b9874a0	docs/knowledge-graph/_system/_conflicts.md
Shared/TalabatkApplication/Commands/ChangeDeliveryManActivationCommand.cs	50997f8b8f8c	docs/knowledge-graph/Delivery/Delivery Man Operations/DeliveryMan-Attendance.md
Shared/TalabatkApplication/Commands/ChangeDeliveryManActivationCommand.cs	50997f8b8f8c	docs/knowledge-graph/Delivery/Delivery Man Operations/Driver-Operations.technical.md
Shared/TalabatkApplication/Commands/ChangeDeliveryManActivationCommand.cs	50997f8b8f8c	docs/knowledge-graph/Identity & Access/Delivery Man Identity/DeliveryMen/DeliveryMen.technical.md
Shared/TalabatkApplication/Commands/ChangeDeliveryManActivationCommand.cs	50997f8b8f8c	docs/knowledge-graph/_system/_conflicts.md
Shared/TalabatkApplication/Commands/ChangeDeliveryManOrderStatusToDeliveredCommand/ChangeDeliveryManOrderStatusToDeliveredCommand.cs	6cea3a9d721c	docs/knowledge-graph/Customer Ordering/Order & Fulfilment/Order-Lifecycle.technical.md
Shared/TalabatkApplication/Commands/ChangeDeliveryManOrderStatusToDeliveredCommand/ChangeDeliveryManOrderStatusToDeliveredCommand.cs	6cea3a9d721c	docs/knowledge-graph/_system/_conflicts.md
Shared/TalabatkApplication/Commands/ChangeIsOnlineValueForDeliverChatCommand/ChangeIsOnlineValueForDeliverChatCommand.cs	e86786e63391	docs/knowledge-graph/_system/_idor-instances.md
Shared/TalabatkApplication/Commands/ChangeOrderDeliveryStatusToOnWayCommand/ChangeOrderDeliveryStatusToOnWayCommand.cs	3b1c2546410f	docs/knowledge-graph/_system/_conflicts.md
Shared/TalabatkApplication/Commands/ChangeOrderStatusCommand/ChangeOrderStatusCommand.cs	b4af2a155a81	docs/knowledge-graph/Customer Ordering/Order & Fulfilment/Order/Order.technical.md
Shared/TalabatkApplication/Commands/ChangeOrderStatusCommand/ChangeOrderStatusCommand.cs	b4af2a155a81	docs/knowledge-graph/_system/_conflicts.md
Shared/TalabatkApplication/Commands/ChangeOrderStatusToOnWayCommand/ChangeOrderStatusToOnWayCommand.cs	d595277da986	docs/knowledge-graph/Customer Ordering/Order & Fulfilment/Order/Order.technical.md
Shared/TalabatkApplication/Commands/ChangeOrderStatusToOnWayCommand/ChangeOrderStatusToOnWayCommand.cs	d595277da986	docs/knowledge-graph/_system/_conflicts.md
Shared/TalabatkApplication/Commands/ChangeOrderToCashCommand/ChangeOrderToCashCommand.cs	d771a058a231	docs/knowledge-graph/Restaurant Portal/Menu & Order Management/Merchant-Menu-and-Orders.technical.md
Shared/TalabatkApplication/Commands/ChangePaymentOnlineStatusCommand/CaptureOnlinePaymentAfterPaidatBank.cs	e3978ed3a3dc	docs/knowledge-graph/Customer Ordering/Payments/PayMob/PayMob.technical.md
Shared/TalabatkApplication/Commands/ChangePaymentOnlineStatusCommand/CaptureOnlinePaymentAfterPaidatBank.cs	e3978ed3a3dc	docs/knowledge-graph/Restaurant Portal/Menu & Order Management/Merchant-Menu-and-Orders.technical.md
Shared/TalabatkApplication/Commands/ChangePaymentOnlineStatusCommand/CaptureOnlinePaymentAfterPaidatBank.cs	e3978ed3a3dc	docs/knowledge-graph/_system/_conflicts.md
Shared/TalabatkApplication/Commands/ClearCustomerCartCommand/ClearCustomerCartCommand.cs	f22901f0e395	docs/knowledge-graph/Identity & Access/Customer Identity/Customer-Account-Lifecycle.technical.md
Shared/TalabatkApplication/Commands/ConfirmRestuarntReadyToPickupOrderCommand/ConfirmResturantReadyToPickupOrderCommand.cs	dee037584de6	docs/knowledge-graph/Customer Ordering/Order & Fulfilment/Order/Order.technical.md
Shared/TalabatkApplication/Commands/ConfirmRestuarntReadyToPickupOrderCommand/ConfirmResturantReadyToPickupOrderCommand.cs	dee037584de6	docs/knowledge-graph/_system/_conflicts.md
Shared/TalabatkApplication/Commands/ConfirmUnRevisedItemCommand/ConfirmUnRevisedItemCommand.cs	ab9e4d76c24b	docs/knowledge-graph/Customer Ordering/Restaurant & Menu Discovery/MenuItem/MenuItem.technical.md
Shared/TalabatkApplication/Commands/ConfirmUnRevisedItemCommand/ConfirmUnRevisedItemCommand.cs	ab9e4d76c24b	docs/knowledge-graph/_system/_conflicts.md
Shared/TalabatkApplication/Commands/CopyMenuItemCommand/CopyMenuItemCommand.cs	b0fcffb0f6e2	docs/knowledge-graph/Customer Ordering/Restaurant & Menu Discovery/MenuItem/MenuItem.technical.md
Shared/TalabatkApplication/Commands/CopyMenuItemCommand/CopyMenuItemCommand.cs	b0fcffb0f6e2	docs/knowledge-graph/_system/_conflicts.md
Shared/TalabatkApplication/Commands/CreateElasticSerachIndiciesCommand/CreateElasticSerachIndiciesCommand.cs	001dc0cc9da3	docs/knowledge-graph/Customer Ordering/Restaurant & Menu Discovery/Search/Search.technical.md
Shared/TalabatkApplication/Commands/CreateElasticSerachIndiciesCommand/CreateElasticSerachIndiciesCommand.cs	001dc0cc9da3	docs/knowledge-graph/_system/_conflicts.md
Shared/TalabatkApplication/Commands/CreateNewJournalSubscriptionCommand/CreateNewJournalSubscriptionCommand.cs	21573ec22825	docs/knowledge-graph/_system/_conflicts.md
Shared/TalabatkApplication/Commands/CreateOrderFromCartCommand/CreateOrderFromCartCommand.cs	78817b187c61	docs/knowledge-graph/Admin/Order & Customer Administration/PaymentMethod.md
Shared/TalabatkApplication/Commands/CreateOrderFromCartCommand/CreateOrderFromCartCommand.cs	78817b187c61	docs/knowledge-graph/Customer Ordering/Cart & Checkout/Cart-and-Checkout-Validation.technical.md
Shared/TalabatkApplication/Commands/CreateOrderFromCartCommand/CreateOrderFromCartCommand.cs	78817b187c61	docs/knowledge-graph/Customer Ordering/Cart & Checkout/Checkout-Payment-Processing.md
Shared/TalabatkApplication/Commands/CreateOrderFromCartCommand/CreateOrderFromCartCommand.cs	78817b187c61	docs/knowledge-graph/Customer Ordering/Cart & Checkout/CustomerCart/CustomerCart.technical.md
Shared/TalabatkApplication/Commands/CreateOrderFromCartCommand/CreateOrderFromCartCommand.cs	78817b187c61	docs/knowledge-graph/Customer Ordering/Cart & Checkout/_scenarios.md
Shared/TalabatkApplication/Commands/CreateOrderFromCartCommand/CreateOrderFromCartCommand.cs	78817b187c61	docs/knowledge-graph/Customer Ordering/Discounts & Coupons/Discount-Resolution.technical.md
Shared/TalabatkApplication/Commands/CreateOrderFromCartCommand/CreateOrderFromCartCommand.cs	78817b187c61	docs/knowledge-graph/Customer Ordering/Discounts & Coupons/PromoCodes/PromoCodes.technical.md
Shared/TalabatkApplication/Commands/CreateOrderFromCartCommand/CreateOrderFromCartCommand.cs	78817b187c61	docs/knowledge-graph/Customer Ordering/Discounts & Coupons/Vouchers/Vouchers.technical.md
Shared/TalabatkApplication/Commands/CreateOrderFromCartCommand/CreateOrderFromCartCommand.cs	78817b187c61	docs/knowledge-graph/Customer Ordering/Discounts & Coupons/_scenarios.md
Shared/TalabatkApplication/Commands/CreateOrderFromCartCommand/CreateOrderFromCartCommand.cs	78817b187c61	docs/knowledge-graph/Delivery/Delivery Man Operations/Delivery-Fee-and-Assignment.technical.md
Shared/TalabatkApplication/Commands/CreateOrderFromCartCommand/CreateOrderFromCartCommand.cs	78817b187c61	docs/knowledge-graph/Identity & Access/Customer Identity/CustomerAddress/CustomerAddress.technical.md
Shared/TalabatkApplication/Commands/CreateOrderFromCartCommand/CreateOrderFromCartCommand.cs	78817b187c61	docs/knowledge-graph/_system/_conflicts.md
Shared/TalabatkApplication/Commands/DailyInsuranceDeductionCommand/DailyInsuranceDeductionCommand.cs	85841fd50c14	docs/knowledge-graph/_system/_conflicts.md
Shared/TalabatkApplication/Commands/DeleteAdCardCommand/DeleteAdCardCommand.cs	3686ca2769bd	docs/knowledge-graph/_system/_conflicts.md
Shared/TalabatkApplication/Commands/DeleteCartItemCommand/DeleteCartItemCommand.cs	c3951268d4b4	docs/knowledge-graph/Identity & Access/Customer Identity/Customer-Account-Lifecycle.technical.md
Shared/TalabatkApplication/Commands/DeleteCustomerAddressCommand/DeleteCustomerAddressCommand.cs	d415010a9143	docs/knowledge-graph/Customer Ordering/Customer Account/_scenarios.md
Shared/TalabatkApplication/Commands/DeleteCustomerAddressCommand/DeleteCustomerAddressCommand.cs	d415010a9143	docs/knowledge-graph/Identity & Access/Customer Identity/CustomerAddress/CustomerAddress.technical.md
Shared/TalabatkApplication/Commands/DeleteCustomerAddressCommand/DeleteCustomerAddressCommand.cs	d415010a9143	docs/knowledge-graph/_system/_conflicts.md
Shared/TalabatkApplication/Commands/DeleteCustomerCommand/DeleteCustomerCommand.cs	28d7576044f7	docs/knowledge-graph/Identity & Access/Customer Identity/Customer-Account-Lifecycle.technical.md
Shared/TalabatkApplication/Commands/DeleteCustomerCommand/DeleteCustomerCommand.cs	28d7576044f7	docs/knowledge-graph/Identity & Access/Customer Identity/Customer/Customer.technical.md
Shared/TalabatkApplication/Commands/DeleteCustomerNotificationCommand/DeleteCustomerNotificationCommand.cs	979348bd5afa	docs/knowledge-graph/_system/_conflicts.md
Shared/TalabatkApplication/Commands/DeleteRestaurantCommand/DeleteRestaurantCommand.cs	ecbfccf96502	docs/knowledge-graph/Customer Ordering/Payments/Money-Path.technical.md
Shared/TalabatkApplication/Commands/DeleteRestaurantCommand/DeleteRestaurantCommand.cs	ecbfccf96502	docs/knowledge-graph/_system/_conflicts.md
Shared/TalabatkApplication/Commands/DeleteRestaurantFromOrderCommand/DeleteRestaurantFromOrderCommand.cs	2464ca954b43	docs/knowledge-graph/Identity & Access/Customer Identity/CustomerAddress/CustomerAddress.technical.md
Shared/TalabatkApplication/Commands/DeleteRestaurantFromOrderCommand/DeleteRestaurantFromOrderCommand.cs	2464ca954b43	docs/knowledge-graph/_system/_conflicts.md
Shared/TalabatkApplication/Commands/DeliveryManReceiveOrderCommand/DeliveryManReceiveOrderCommand.cs	b16730f18dc5	docs/knowledge-graph/Customer Ordering/Order & Fulfilment/Order-Lifecycle.technical.md
Shared/TalabatkApplication/Commands/DeliveryManReceiveOrderCommand/DeliveryManReceiveOrderCommand.cs	b16730f18dc5	docs/knowledge-graph/_system/_conflicts.md
Shared/TalabatkApplication/Commands/DeliveryManViewOrderDeliveryCommand/DeliveryManViewOrderDeliveryCommand.cs	5b36ab9d0ac8	docs/knowledge-graph/_system/_conflicts.md
Shared/TalabatkApplication/Commands/DeliverySupplierCommands/UpdateDeliverySupplierById.cs	ecba04a71ae2	docs/knowledge-graph/_system/_conflicts.md
Shared/TalabatkApplication/Commands/EditAdCommand/EditAdCommand.cs	862f1a63e44d	docs/knowledge-graph/Admin/Admin Back-Office/_knowledge-graph.md
Shared/TalabatkApplication/Commands/EditAdCommand/EditAdCommand.cs	862f1a63e44d	docs/knowledge-graph/_system/_conflicts.md
Shared/TalabatkApplication/Commands/EditAnnouncementCommand/EditAnnouncementCommand.cs	784a5b3c78ef	docs/knowledge-graph/Customer Ordering/Marketing & Content/_knowledge-graph.md
Shared/TalabatkApplication/Commands/EditAnnouncementCommand/EditAnnouncementCommand.cs	784a5b3c78ef	docs/knowledge-graph/Customer Ordering/Marketing & Content/_scenarios.md
Shared/TalabatkApplication/Commands/EditAnnouncementCommand/EditAnnouncementCommand.cs	784a5b3c78ef	docs/knowledge-graph/_system/_conflicts.md
Shared/TalabatkApplication/Commands/EditCartItemCommand/EditCartItemCommand.cs	05f3af04a1f0	docs/knowledge-graph/Identity & Access/Customer Identity/Customer-Account-Lifecycle.technical.md
Shared/TalabatkApplication/Commands/EditCartItemCommand/EditCartItemCommand.cs	05f3af04a1f0	docs/knowledge-graph/Identity & Access/Customer Identity/CustomerAddress/CustomerAddress.technical.md
Shared/TalabatkApplication/Commands/EditCustomerTagsCommand/EditCustomerTagsCommand.cs	9245888cb497	docs/knowledge-graph/Identity & Access/Customer Identity/Customer/Customer.technical.md
Shared/TalabatkApplication/Commands/EditCustomerTagsCommand/EditCustomerTagsCommand.cs	9245888cb497	docs/knowledge-graph/_system/_conflicts.md
Shared/TalabatkApplication/Commands/EditMenuCategory/EditMenuCategoryCommand.cs	1ce50d5be75c	docs/knowledge-graph/_system/_conflicts.md
Shared/TalabatkApplication/Commands/EditMenuItem/EditMenuItemCommand.cs	56b19db7c7f5	docs/knowledge-graph/Customer Ordering/Restaurant & Menu Discovery/MenuItem/MenuItem.technical.md
Shared/TalabatkApplication/Commands/EditMenuItem/EditMenuItemCommand.cs	56b19db7c7f5	docs/knowledge-graph/_system/_conflicts.md
Shared/TalabatkApplication/Commands/EditMenuItemPriceCommand/EditMenuItemPriceCommand.cs	0a72d7239543	docs/knowledge-graph/Customer Ordering/Restaurant & Menu Discovery/MenuItem/MenuItem.technical.md
Shared/TalabatkApplication/Commands/EditMenuItemPriceCommand/EditMenuItemPriceCommand.cs	0a72d7239543	docs/knowledge-graph/_system/_conflicts.md
Shared/TalabatkApplication/Commands/EditPaymentMethodCommand/EditPaymentMethodCommand.cs	fde2828c8382	docs/knowledge-graph/Admin/Order & Customer Administration/PaymentMethod.md
Shared/TalabatkApplication/Commands/EditRestaurantCommand/EditRestaurantCommand.cs	6e197e03cafe	docs/knowledge-graph/Admin/Admin Back-Office/_knowledge-graph.md
Shared/TalabatkApplication/Commands/EditRestaurantCommand/EditRestaurantCommand.cs	6e197e03cafe	docs/knowledge-graph/Customer Ordering/Restaurant & Menu Discovery/Restaurant/Restaurant.technical.md
Shared/TalabatkApplication/Commands/EditRestaurantCommand/EditRestaurantCommand.cs	6e197e03cafe	docs/knowledge-graph/_system/_conflicts.md
Shared/TalabatkApplication/Commands/EditScheduledNotificationCommand/EditScheduledNotificationCommand.cs	8e9ddb792aca	docs/knowledge-graph/_system/_conflicts.md
Shared/TalabatkApplication/Commands/EditStoreTypeCommand/EditStoreTypeCommand.cs	46e31a648301	docs/knowledge-graph/Admin/Catalog & Content Administration/StoreTypes/StoreTypes.technical.md
Shared/TalabatkApplication/Commands/EditStoreTypeCommand/EditStoreTypeCommand.cs	46e31a648301	docs/knowledge-graph/_system/_conflicts.md
Shared/TalabatkApplication/Commands/EditTieredDiscountCommand/EditTieredDiscountCommand.cs	da39a3ee5e6b	docs/knowledge-graph/Customer Ordering/Tiered Discount/TieredDiscount/TieredDiscount.technical.md
Shared/TalabatkApplication/Commands/EditTieredDiscountCommand/EditTieredDiscountCommand.cs	da39a3ee5e6b	docs/knowledge-graph/_system/_conflicts.md
Shared/TalabatkApplication/Commands/EditeSliderHomeCommand/EditSliderHomeCommand.cs	485b446cf5b9	docs/knowledge-graph/Admin/Admin Back-Office/_knowledge-graph.md
Shared/TalabatkApplication/Commands/EditeSliderHomeCommand/EditSliderHomeCommand.cs	485b446cf5b9	docs/knowledge-graph/_system/_conflicts.md
Shared/TalabatkApplication/Commands/EndCustomerAdminChatCommand/EndCustomerAdminChatCommand.cs	2f88432584f4	docs/knowledge-graph/Customer Ordering/Support & Chat/_scenarios.md
Shared/TalabatkApplication/Commands/EndCustomerAdminChatCommand/EndCustomerAdminChatCommand.cs	2f88432584f4	docs/knowledge-graph/_system/_idor-instances.md
Shared/TalabatkApplication/Commands/EndDeliveryManAdminChatCommand/EndDeliveryManAdminChatCommand.cs	98a7f81c980b	docs/knowledge-graph/_system/_idor-instances.md
Shared/TalabatkApplication/Commands/EndRestaurantBusyCommand/EndRestaurantBusyCommand.cs	4ee0471ab2a8	docs/knowledge-graph/Restaurant Portal/Menu & Order Management/Merchant-Menu-and-Orders.technical.md
Shared/TalabatkApplication/Commands/EscalateCustomerAdminChatCommand/EscalateCustomerAdminChatCommand.cs	1f97b8dd60bd	docs/knowledge-graph/_system/_idor-instances.md
Shared/TalabatkApplication/Commands/ExternalDeliveryRequests/CreateExternalDeliveryRequestCommand.cs	28086fae6938	docs/knowledge-graph/Customer Ordering/Order & Fulfilment/Order.ExternalDelivery.md
Shared/TalabatkApplication/Commands/ExternalDeliveryRequests/CreateExternalDeliveryRequestCommand.cs	28086fae6938	docs/knowledge-graph/_system/_conflicts.md
Shared/TalabatkApplication/Commands/ExternalDeliveryRequests/RejectExternalDeliveryRequestCommand.cs	331ca83ebfc3	docs/knowledge-graph/_system/_idor-instances.md
Shared/TalabatkApplication/Commands/FawryPaymentCallbackCommand/FawryPaymentCallbackCommand.cs	af10b2e928f9	docs/knowledge-graph/Customer Ordering/Payments/Fawry/Fawry.technical.md
Shared/TalabatkApplication/Commands/FawryPaymentCallbackCommand/FawryPaymentCallbackCommand.cs	af10b2e928f9	docs/knowledge-graph/Delivery/Driver Cash & Compensation/_knowledge-graph.md
Shared/TalabatkApplication/Commands/FawryPaymentCallbackCommand/FawryPaymentCallbackCommand.cs	af10b2e928f9	docs/knowledge-graph/Delivery/Driver Cash & Compensation/_scenarios.md
Shared/TalabatkApplication/Commands/GenerateCentrifugalTokenCommand/GenerateCentrifugalTokenCommand.cs	0a990ffc7bf2	docs/knowledge-graph/Customer Ordering/Support & Chat/Support-and-Chat.technical.md
Shared/TalabatkApplication/Commands/GenerateCentrifugalTokenCommand/GenerateCentrifugalTokenCommand.cs	0a990ffc7bf2	docs/knowledge-graph/_system/_conflicts.md
Shared/TalabatkApplication/Commands/GenerateCustomerAdminTokenCommand/GenerateCustomerAdminTokenCommand.cs	942c24ad47d0	docs/knowledge-graph/Customer Ordering/Support & Chat/Support-and-Chat.technical.md
Shared/TalabatkApplication/Commands/GenerateNewPayMobCardSessionCommand/GenerateNewPayMobCardSessionCommand.cs	fba5bbd35aea	docs/knowledge-graph/Customer Ordering/Payments/PayMob/PayMob.technical.md
Shared/TalabatkApplication/Commands/GenerateNewPayMobCardSessionCommand/GenerateNewPayMobCardSessionCommand.cs	fba5bbd35aea	docs/knowledge-graph/_system/_conflicts.md
Shared/TalabatkApplication/Commands/GetOrderTimeLineQuery/GetOrderTimeLineQuery.cs	b6465315568f	docs/knowledge-graph/Customer Ordering/Order & Fulfilment/Order/Order.technical.md
Shared/TalabatkApplication/Commands/GetOrderTimeLineQuery/GetOrderTimeLineQuery.cs	b6465315568f	docs/knowledge-graph/_system/_conflicts.md
Shared/TalabatkApplication/Commands/HandleDeliveryManAdminProxyMessagesCommand/HandleDeliveryManAdminProxyMessagesCommand.cs	3d5343dc745d	docs/knowledge-graph/Customer Ordering/Support & Chat/Support-and-Chat.technical.md
Shared/TalabatkApplication/Commands/HandleProxyMessagesCommand/HandleProxyMessagesCommand.cs	885fade5d9f8	docs/knowledge-graph/Customer Ordering/Support & Chat/Support-and-Chat.technical.md
Shared/TalabatkApplication/Commands/HandleProxyMessagesCommand/HandleProxyMessagesCommand.cs	885fade5d9f8	docs/knowledge-graph/_system/_conflicts.md
Shared/TalabatkApplication/Commands/ImportExcel/ImportExcelCommand.cs	3202bce15d85	docs/knowledge-graph/Customer Ordering/Restaurant & Menu Discovery/MenuItem/MenuItemPrice.technical.md
Shared/TalabatkApplication/Commands/ImportExcel/ImportExcelCommand.cs	3202bce15d85	docs/knowledge-graph/_system/_conflicts.md
Shared/TalabatkApplication/Commands/ImportExcel/PreviewPriceUpdateFromExcelCommand.cs	88e9be3d8ae0	docs/knowledge-graph/_system/_conflicts.md
Shared/TalabatkApplication/Commands/MakeOrderCommand/MakeOrderCommand.cs	8632380200e6	docs/knowledge-graph/Customer Ordering/Cart & Checkout/Cart-and-Checkout-Validation.technical.md
Shared/TalabatkApplication/Commands/MakeOrderCommand/MakeOrderCommand.cs	8632380200e6	docs/knowledge-graph/Customer Ordering/Order & Fulfilment/Order-Lifecycle.technical.md
Shared/TalabatkApplication/Commands/MakeOrderCommand/MakeOrderCommand.cs	8632380200e6	docs/knowledge-graph/Customer Ordering/Order & Fulfilment/Order/Order.technical.md
Shared/TalabatkApplication/Commands/MakeOrderCommand/MakeOrderCommand.cs	8632380200e6	docs/knowledge-graph/Identity & Access/Customer Identity/CustomerAddress/CustomerAddress.technical.md
Shared/TalabatkApplication/Commands/MakeOrderCommand/MakeOrderCommand.cs	8632380200e6	docs/knowledge-graph/_system/_conflicts.md
Shared/TalabatkApplication/Commands/MakeOutGoingDeliveryCommand/MakeOutGoingDeliveryCommand.cs	65b56faed089	docs/knowledge-graph/Customer Ordering/Order & Fulfilment/Order.ExternalDelivery.md
Shared/TalabatkApplication/Commands/MakeOutGoingDeliveryCommand/MakeOutGoingDeliveryCommand.cs	65b56faed089	docs/knowledge-graph/_system/_conflicts.md
Shared/TalabatkApplication/Commands/ManageOptionGroupsFromExcelCommand/ManageOptionGroupsFromExcelCommand.cs	17e58ef92597	docs/knowledge-graph/Customer Ordering/Restaurant & Menu Discovery/MenuItem/MenuItemPrice.technical.md
Shared/TalabatkApplication/Commands/ManageOptionGroupsFromExcelCommand/ManageOptionGroupsFromExcelCommand.cs	17e58ef92597	docs/knowledge-graph/Restaurant Portal/Menu & Order Management/Merchant-Menu-and-Orders.technical.md
Shared/TalabatkApplication/Commands/ManageOptionGroupsFromExcelCommand/ManageOptionGroupsFromExcelCommand.cs	17e58ef92597	docs/knowledge-graph/_system/_conflicts.md
Shared/TalabatkApplication/Commands/ManageOptionGroupsFromExcelCommand/UpdateOptionGroupsFromExcelCommand.cs	37f82f95c10d	docs/knowledge-graph/_system/_conflicts.md
Shared/TalabatkApplication/Commands/ManageUserCODCommand/ManageUserCODCommand.cs	2552088c4c89	docs/knowledge-graph/_system/_conflicts.md
Shared/TalabatkApplication/Commands/MangeCatgoriesFromExcelSheetCommand/MangeCatgoriesFromExcelSheetCommand.cs	3dcc0abbe365	docs/knowledge-graph/Customer Ordering/Restaurant & Menu Discovery/MenuItem/MenuStructure.md
Shared/TalabatkApplication/Commands/MangeCatgoriesFromExcelSheetCommand/MangeCatgoriesFromExcelSheetCommand.cs	3dcc0abbe365	docs/knowledge-graph/Restaurant Portal/Menu & Order Management/Merchant-Menu-and-Orders.technical.md
Shared/TalabatkApplication/Commands/MangeCatgoriesFromExcelSheetCommand/MangeCatgoriesFromExcelSheetCommand.cs	3dcc0abbe365	docs/knowledge-graph/_system/_conflicts.md
Shared/TalabatkApplication/Commands/MangeCustomerActivationFromAdminCommand/MangeCustomerActivationFromAdminCommand.cs	909a84d98818	docs/knowledge-graph/Identity & Access/Customer Identity/Customer-Account-Lifecycle.technical.md
Shared/TalabatkApplication/Commands/MangeCustomerActivationFromAdminCommand/MangeCustomerActivationFromAdminCommand.cs	909a84d98818	docs/knowledge-graph/_system/_conflicts.md
Shared/TalabatkApplication/Commands/MangeCustomerBlockingForAdminCommand/MangeCustomerBlockingForAdminCommand.cs	17d7477125ab	docs/knowledge-graph/Identity & Access/Customer Identity/Customer-Account-Lifecycle.technical.md
Shared/TalabatkApplication/Commands/MangeCustomerUnRegestirationCommand/MangeCustomerUnRegestirationCommand.cs	6d1400a86225	docs/knowledge-graph/Customer Ordering/Customer Account/_scenarios.md
Shared/TalabatkApplication/Commands/MangeCustomerUnRegestirationCommand/MangeCustomerUnRegestirationCommand.cs	6d1400a86225	docs/knowledge-graph/_system/_conflicts.md
Shared/TalabatkApplication/Commands/MangeNotificationSettingCommand/MangeNotificationSettingCommand.cs	6aa9e7bc1572	docs/knowledge-graph/_system/_conflicts.md
Shared/TalabatkApplication/Commands/MangeRestaurantWorkingDaysCommand/MangeRestaurantWorkingDaysCommand.cs	decd196067f4	docs/knowledge-graph/Customer Ordering/Restaurant & Menu Discovery/Restaurant/Restaurant.technical.md
Shared/TalabatkApplication/Commands/MangeRestaurantWorkingDaysCommand/MangeRestaurantWorkingDaysCommand.cs	decd196067f4	docs/knowledge-graph/_system/_conflicts.md
Shared/TalabatkApplication/Commands/MerchantsVideosCommands/AddMerchantVideoCommand.cs	bd5da593e698	docs/knowledge-graph/Admin/Admin Back-Office/_knowledge-graph.md
Shared/TalabatkApplication/Commands/MerchantsVideosCommands/AddMerchantVideoCommand.cs	bd5da593e698	docs/knowledge-graph/_system/_conflicts.md
Shared/TalabatkApplication/Commands/MerchantsVideosCommands/DeleteMerchantVedioCommand.cs	3f04b5f16ddb	docs/knowledge-graph/Admin/Admin Back-Office/_knowledge-graph.md
Shared/TalabatkApplication/Commands/MergeGuestCartIntoCustomerCommand/MergeGuestCartIntoCustomerCommand.cs	08634d0387d9	docs/knowledge-graph/Customer Ordering/Cart & Checkout/CustomerCart/CustomerCart.technical.md
Shared/TalabatkApplication/Commands/MergeGuestCartIntoCustomerCommand/MergeGuestCartIntoCustomerCommand.cs	08634d0387d9	docs/knowledge-graph/Customer Ordering/Cart & Checkout/_scenarios.md
Shared/TalabatkApplication/Commands/MergeGuestCartIntoCustomerCommand/MergeGuestCartIntoCustomerCommand.cs	08634d0387d9	docs/knowledge-graph/Customer Ordering/Tiered Discount/TieredDiscount/TieredDiscount.technical.md
Shared/TalabatkApplication/Commands/MergeGuestCartIntoCustomerCommand/MergeGuestCartIntoCustomerCommand.cs	08634d0387d9	docs/knowledge-graph/Identity & Access/Customer Identity/Customer-Account-Lifecycle.technical.md
Shared/TalabatkApplication/Commands/MergeGuestCartIntoCustomerCommand/MergeGuestCartIntoCustomerCommand.cs	08634d0387d9	docs/knowledge-graph/Identity & Access/Customer Identity/Customer/Customer.technical.md
Shared/TalabatkApplication/Commands/MergeGuestCartIntoCustomerCommand/MergeGuestCartIntoCustomerCommand.cs	08634d0387d9	docs/knowledge-graph/Identity & Access/Customer Identity/CustomerAddress/CustomerAddress.technical.md
Shared/TalabatkApplication/Commands/MergeGuestCartIntoCustomerCommand/MergeGuestCartIntoCustomerCommand.cs	08634d0387d9	docs/knowledge-graph/_system/_conflicts.md
Shared/TalabatkApplication/Commands/MoveMenuItemsToAnotherCategoryCommand/MoveMenuItemsToAnotherCategoryCommand.cs	c85add809f1f	docs/knowledge-graph/Customer Ordering/Restaurant & Menu Discovery/MenuItem/MenuStructure.md
Shared/TalabatkApplication/Commands/MoveMenuItemsToAnotherCategoryCommand/MoveMenuItemsToAnotherCategoryCommand.cs	c85add809f1f	docs/knowledge-graph/_system/_conflicts.md
Shared/TalabatkApplication/Commands/NotifyCustomerToReplaceItemsCommand/NotifyCustomerToReplaceItemsCommand.cs	a95d7b4e0f62	docs/knowledge-graph/Customer Ordering/Order & Fulfilment/Cancellation-and-Refund.technical.md
Shared/TalabatkApplication/Commands/NotifyCustomerToReplaceItemsCommand/NotifyCustomerToReplaceItemsCommand.cs	a95d7b4e0f62	docs/knowledge-graph/Customer Ordering/Order & Fulfilment/Order/Order.technical.md
Shared/TalabatkApplication/Commands/NotifyCustomerToReplaceItemsCommand/NotifyCustomerToReplaceItemsCommand.cs	a95d7b4e0f62	docs/knowledge-graph/_system/_conflicts.md
Shared/TalabatkApplication/Commands/NotifyCustomerToReplaceItemsCommand/ReplacementItemCreator.cs	ea575dbc8caa	docs/knowledge-graph/Customer Ordering/Order & Fulfilment/Order/Order.technical.md
Shared/TalabatkApplication/Commands/PayMobCallBackCommand/PayMobCallBackCommand.cs	32e4413e4e02	docs/knowledge-graph/Admin/Order & Customer Administration/PaymentMethod.md
Shared/TalabatkApplication/Commands/PayMobCallBackCommand/PayMobCallBackCommand.cs	32e4413e4e02	docs/knowledge-graph/Customer Ordering/Payments/Money-Path.technical.md
Shared/TalabatkApplication/Commands/PayMobCallBackCommand/PayMobCallBackCommand.cs	32e4413e4e02	docs/knowledge-graph/Customer Ordering/Payments/PayMob/PayMob.technical.md
Shared/TalabatkApplication/Commands/PayMobCallBackCommand/PayMobCallBackCommand.cs	32e4413e4e02	docs/knowledge-graph/_system/_conflicts.md
Shared/TalabatkApplication/Commands/PickUpOrderCommand/PickUpOrderCommand.cs	e4931c2a193e	docs/knowledge-graph/_system/_conflicts.md
Shared/TalabatkApplication/Commands/ProceedFirstCustomerOrderCommand/ProceedFirstCustomerOrderCommand.cs	24a3896c6091	docs/knowledge-graph/Customer Ordering/Order & Fulfilment/Order/Order.technical.md
Shared/TalabatkApplication/Commands/ProceedFirstCustomerOrderCommand/ProceedFirstCustomerOrderCommand.cs	24a3896c6091	docs/knowledge-graph/_system/_conflicts.md
Shared/TalabatkApplication/Commands/PurgeAbandonedGuestCustomersCommand/PurgeAbandonedGuestCustomersCommand.cs	ab7070313d56	docs/knowledge-graph/Identity & Access/Customer Identity/Customer-Account-Lifecycle.technical.md
Shared/TalabatkApplication/Commands/PurgeAbandonedGuestCustomersCommand/PurgeAbandonedGuestCustomersCommand.cs	ab7070313d56	docs/knowledge-graph/Identity & Access/Customer Identity/CustomerAddress/CustomerAddress.technical.md
Shared/TalabatkApplication/Commands/PurgeAbandonedGuestCustomersCommand/PurgeAbandonedGuestCustomersCommand.cs	ab7070313d56	docs/knowledge-graph/_system/_conflicts.md
Shared/TalabatkApplication/Commands/RateCustomerAdminChatCommand/RateCustomerAdminChatCommand.cs	809f52738c20	docs/knowledge-graph/Customer Ordering/Support & Chat/_scenarios.md
Shared/TalabatkApplication/Commands/RateCustomerAdminChatCommand/RateCustomerAdminChatCommand.cs	809f52738c20	docs/knowledge-graph/_system/_idor-instances.md
Shared/TalabatkApplication/Commands/RateDeliveryManAdminChatCommand/RateDeliveryManAdminChatCommand.cs	4fbfa378a9d9	docs/knowledge-graph/_system/_idor-instances.md
Shared/TalabatkApplication/Commands/RefundOnlinePaymentCommand/RefundOnlinePaymentCommand.cs	51c136d3af61	docs/knowledge-graph/Customer Ordering/Order & Fulfilment/Cancellation-and-Refund.technical.md
Shared/TalabatkApplication/Commands/RefundOnlinePaymentCommand/RefundOnlinePaymentCommand.cs	51c136d3af61	docs/knowledge-graph/Customer Ordering/Payments/PayMob/PayMob.technical.md
Shared/TalabatkApplication/Commands/RegenerateURLCommand/RegenerateURLCommand.cs	04de9458b503	docs/knowledge-graph/Customer Ordering/Order & Fulfilment/Order/Order.technical.md
Shared/TalabatkApplication/Commands/RegenerateURLCommand/RegenerateURLCommand.cs	04de9458b503	docs/knowledge-graph/Customer Ordering/Payments/PayMob/PayMob.technical.md
Shared/TalabatkApplication/Commands/RegenerateURLCommand/RegenerateURLCommand.cs	04de9458b503	docs/knowledge-graph/_system/_conflicts.md
Shared/TalabatkApplication/Commands/RejectAutoAssignRequestCommand/RejectAutoAssignRequestCommand.cs	d023d9880262	docs/knowledge-graph/Delivery/Delivery Man Operations/Delivery-Fee-and-Assignment.technical.md
Shared/TalabatkApplication/Commands/RejectOrderDeliveryRequestCommand/RejectOrderDeliveryRequestCommand.cs	953b340f50ff	docs/knowledge-graph/Customer Ordering/Order & Fulfilment/Order-Lifecycle.technical.md
Shared/TalabatkApplication/Commands/RejectOrderFromAdminCommand/RejectOrderFromAdminCommand.cs	a8d836d1ebdf	docs/knowledge-graph/Customer Ordering/Order & Fulfilment/Order/Order.technical.md
Shared/TalabatkApplication/Commands/RejectOrderFromAdminCommand/RejectOrderFromAdminCommand.cs	a8d836d1ebdf	docs/knowledge-graph/_system/_conflicts.md
Shared/TalabatkApplication/Commands/RejectOrderFromAdminWhileOrderStatusRestaurantPendingCommand/RejectOrderFromAdminWhileOrderStatusRestaurantPendingCommand.cs	86480cdac1f7	docs/knowledge-graph/Customer Ordering/Order & Fulfilment/Order/Order.technical.md
Shared/TalabatkApplication/Commands/RejectOrderFromAdminWhileOrderStatusRestaurantPendingCommand/RejectOrderFromAdminWhileOrderStatusRestaurantPendingCommand.cs	86480cdac1f7	docs/knowledge-graph/_system/_conflicts.md
Shared/TalabatkApplication/Commands/RejectRestaurantItemsCommand/RejectRestaurantItemsCommand.cs	acbee7eb802a	docs/knowledge-graph/Customer Ordering/Order & Fulfilment/Order/Order.technical.md
Shared/TalabatkApplication/Commands/RejectRestaurantItemsCommand/RejectRestaurantItemsCommand.cs	acbee7eb802a	docs/knowledge-graph/Restaurant Portal/Menu & Order Management/Merchant-Menu-and-Orders.technical.md
Shared/TalabatkApplication/Commands/RejectRestaurantItemsCommand/RejectRestaurantItemsCommand.cs	acbee7eb802a	docs/knowledge-graph/_system/_conflicts.md
Shared/TalabatkApplication/Commands/RejectRestaurantOrderOverallCommand/RejectRestaurantOrderOverallCommand.cs	83b7eaa69faa	docs/knowledge-graph/Customer Ordering/Order & Fulfilment/Cancellation-and-Refund.technical.md
Shared/TalabatkApplication/Commands/RejectRestaurantOrderOverallCommand/RejectRestaurantOrderOverallCommand.cs	83b7eaa69faa	docs/knowledge-graph/_system/_conflicts.md
Shared/TalabatkApplication/Commands/RejectSomeItemsResturantCommand/RejectSomeItemsResturantCommand.cs	47416a9c46cd	docs/knowledge-graph/Customer Ordering/Order & Fulfilment/Order/Order.technical.md
Shared/TalabatkApplication/Commands/RejectSomeItemsResturantCommand/RejectSomeItemsResturantCommand.cs	47416a9c46cd	docs/knowledge-graph/_system/_conflicts.md
Shared/TalabatkApplication/Commands/RemoveCustomerDevicesIdsCommand/RemoveCustomerDevicesIdsCommand.cs	5d9a12cee359	docs/knowledge-graph/Identity & Access/Customer Identity/Customer/Customer.technical.md
Shared/TalabatkApplication/Commands/RemoveCustomerDevicesIdsCommand/RemoveCustomerDevicesIdsCommand.cs	5d9a12cee359	docs/knowledge-graph/_system/_conflicts.md
Shared/TalabatkApplication/Commands/RemoveDeliveryManDevicesQuery/RemoveDeliveryManDevicesQuery.cs	44d834e5f5eb	docs/knowledge-graph/Identity & Access/Customer Identity/Customer/Customer.technical.md
Shared/TalabatkApplication/Commands/RemoveDeliveryManDevicesQuery/RemoveDeliveryManDevicesQuery.cs	44d834e5f5eb	docs/knowledge-graph/_system/_conflicts.md
Shared/TalabatkApplication/Commands/RemoveRestaurantDevicesCommand/RemoveRestaurantDevicesIdsCommand.cs	96294f977127	docs/knowledge-graph/Identity & Access/Customer Identity/Customer/Customer.technical.md
Shared/TalabatkApplication/Commands/RemoveRestaurantDevicesCommand/RemoveRestaurantDevicesIdsCommand.cs	96294f977127	docs/knowledge-graph/_system/_conflicts.md
Shared/TalabatkApplication/Commands/ReorderCommand/ReorderCommand.cs	eb5d0a8a1988	docs/knowledge-graph/Identity & Access/Customer Identity/CustomerAddress/CustomerAddress.technical.md
Shared/TalabatkApplication/Commands/ReorderCommand/ReorderCommand.cs	eb5d0a8a1988	docs/knowledge-graph/_system/_conflicts.md
Shared/TalabatkApplication/Commands/ReserveAdCommand/ReserveAdCommand.cs	1e872a5e9227	docs/knowledge-graph/Admin/Admin Back-Office/_knowledge-graph.md
Shared/TalabatkApplication/Commands/ReserveAdCommand/ReserveAdCommand.cs	1e872a5e9227	docs/knowledge-graph/_system/_conflicts.md
Shared/TalabatkApplication/Commands/RestaurantStartCookingCommand/RestaurantStartCookingCommand.cs	674e1ff37cca	docs/knowledge-graph/Customer Ordering/Order & Fulfilment/Order/Order.technical.md
Shared/TalabatkApplication/Commands/RestaurantStartCookingCommand/RestaurantStartCookingCommand.cs	674e1ff37cca	docs/knowledge-graph/Restaurant Portal/Menu & Order Management/Merchant-Menu-and-Orders.technical.md
Shared/TalabatkApplication/Commands/RestaurantStartCookingCommand/RestaurantStartCookingCommand.cs	674e1ff37cca	docs/knowledge-graph/_system/_conflicts.md
Shared/TalabatkApplication/Commands/SaveAppDesignImagesCommand/SaveAppDesignImagesCommand.cs	4f5d27829ced	docs/knowledge-graph/Admin/Admin Back-Office/_knowledge-graph.md
Shared/TalabatkApplication/Commands/SaveAppDesignImagesCommand/SaveAppDesignImagesCommand.cs	4f5d27829ced	docs/knowledge-graph/_system/_conflicts.md
Shared/TalabatkApplication/Commands/SaveEditAreaCommand/SaveEditAreaCommand.cs	29f1e15c161c	docs/knowledge-graph/Admin/Admin Back-Office/_knowledge-graph.md
Shared/TalabatkApplication/Commands/SaveEditAreaCommand/SaveEditAreaCommand.cs	29f1e15c161c	docs/knowledge-graph/_system/_conflicts.md
Shared/TalabatkApplication/Commands/SaveEditCityCommand/SaveEditCityCommand.cs	51c821495960	docs/knowledge-graph/Admin/Admin Back-Office/_knowledge-graph.md
Shared/TalabatkApplication/Commands/SaveEditCityCommand/SaveEditCityCommand.cs	51c821495960	docs/knowledge-graph/_system/_conflicts.md
Shared/TalabatkApplication/Commands/SaveEditFoodTypeCommand/SaveEditFoodTypeCommand.cs	3906bc95fdc5	docs/knowledge-graph/Admin/Admin Back-Office/_knowledge-graph.md
Shared/TalabatkApplication/Commands/SaveEditFoodTypeCommand/SaveEditFoodTypeCommand.cs	3906bc95fdc5	docs/knowledge-graph/_system/_conflicts.md
Shared/TalabatkApplication/Commands/SaveEditPromoCodeCommand/SaveEditPromoCodeCommand.cs	26dfd80ac959	docs/knowledge-graph/Customer Ordering/Discounts & Coupons/PromoCodes/PromoCodes.technical.md
Shared/TalabatkApplication/Commands/SaveEditPromoCodeCommand/SaveEditPromoCodeCommand.cs	26dfd80ac959	docs/knowledge-graph/_system/_conflicts.md
Shared/TalabatkApplication/Commands/SaveImageForCustomerAdminChatCommand/SaveImageForCustomerAdminChatCommand.cs	c556f8cf9e5e	docs/knowledge-graph/Customer Ordering/Support & Chat/_scenarios.md
Shared/TalabatkApplication/Commands/SaveImageForCustomerDeliveryChatCommand/SaveImageForCustomerDeliveryChatCommand.cs	d67a2d14d3ec	docs/knowledge-graph/Customer Ordering/Support & Chat/_scenarios.md
Shared/TalabatkApplication/Commands/SavePayMobCustomerCardTokenCommand/SavePayMobCustomerCardTokenCommand.cs	bc106d32074b	docs/knowledge-graph/Customer Ordering/Payments/PayMob/PayMob.technical.md
Shared/TalabatkApplication/Commands/SaveResturantBusyTimeCommand/SaveResturantBusyTimeCommand.cs	75af1c8f3cf7	docs/knowledge-graph/Restaurant Portal/Menu & Order Management/Merchant-Menu-and-Orders.technical.md
Shared/TalabatkApplication/Commands/SaveResturantBusyTimeCommand/SaveResturantBusyTimeCommand.cs	75af1c8f3cf7	docs/knowledge-graph/Restaurant Portal/Menu & Order Management/_knowledge-graph.md
Shared/TalabatkApplication/Commands/SaveResturantBusyTimeCommand/SaveResturantBusyTimeCommand.cs	75af1c8f3cf7	docs/knowledge-graph/_system/_conflicts.md
Shared/TalabatkApplication/Commands/SaveSystemConfigurationCommand/SaveAccountingConfigurationCommand.cs	7d388a7bf706	docs/knowledge-graph/_system/_conflicts.md
Shared/TalabatkApplication/Commands/SaveSystemConfigurationCommand/SaveLoyaltyPointsConfigurationsCommand.cs	6b0ac29c32f0	docs/knowledge-graph/_system/_conflicts.md
Shared/TalabatkApplication/Commands/SaveSystemConfigurationCommand/SaveReviewsConfigurationCommand.cs	d8ca14b8cb5f	docs/knowledge-graph/_system/_conflicts.md
Shared/TalabatkApplication/Commands/SendChatMessageCommand/SendChatMessageCommand.cs	9df3a8d853ea	docs/knowledge-graph/Customer Ordering/Support & Chat/Support-and-Chat.technical.md
Shared/TalabatkApplication/Commands/SendChatMessageCommand/SendChatMessageCommand.cs	9df3a8d853ea	docs/knowledge-graph/_system/_conflicts.md
Shared/TalabatkApplication/Commands/SendPushnotificationToRestaurant/NewOrderAdded.cs	f92d5272d8bc	docs/knowledge-graph/Customer Ordering/Order & Fulfilment/Order-Lifecycle.technical.md
Shared/TalabatkApplication/Commands/SendTawkToNotificationToCustomerCommand/SendTawkToNotificationToCustomerCommand.cs	2aeee5d0bccf	docs/knowledge-graph/Customer Ordering/Order & Fulfilment/Order/Order.technical.md
Shared/TalabatkApplication/Commands/SendTawkToNotificationToCustomerCommand/SendTawkToNotificationToCustomerCommand.cs	2aeee5d0bccf	docs/knowledge-graph/_system/_conflicts.md
Shared/TalabatkApplication/Commands/StartBreakCommand/StartBreakCommand.cs	42a1533c29ef	docs/knowledge-graph/Admin/City & Geography Administration/CityBreakConfiguration.md
Shared/TalabatkApplication/Commands/StartBreakCommand/StartBreakCommand.cs	42a1533c29ef	docs/knowledge-graph/_system/_conflicts.md
Shared/TalabatkApplication/Commands/SuperVisorReAssignOrderToAnotherDeliveryManCommand/SuperVisorReAssignOrderToAnotherDeliveryManCommand.cs	06bb3647d2a0	docs/knowledge-graph/Delivery/Delivery Man Operations/_knowledge-graph.md
Shared/TalabatkApplication/Commands/SuperVisorReAssignOrderToAnotherDeliveryManCommand/SuperVisorReAssignOrderToAnotherDeliveryManCommand.cs	06bb3647d2a0	docs/knowledge-graph/_system/_conflicts.md
Shared/TalabatkApplication/Commands/UnConfirmOrderCommand.cs	a5b9273c730c	docs/knowledge-graph/_system/_conflicts.md
Shared/TalabatkApplication/Commands/UpdateBrandCommand/UpdateBrandCommand.cs	ef0619b52a65	docs/knowledge-graph/_system/_conflicts.md
Shared/TalabatkApplication/Commands/UpdateCityBreakConfigurationCommand/UpdateCityBreakConfigurationCommand.cs	b72bdc3bb6d0	docs/knowledge-graph/Admin/City & Geography Administration/CityBreakConfiguration.md
Shared/TalabatkApplication/Commands/UpdateCityBreakConfigurationCommand/UpdateCityBreakConfigurationCommand.cs	b72bdc3bb6d0	docs/knowledge-graph/_system/_conflicts.md
Shared/TalabatkApplication/Commands/UpdateCompensationStateCommand/UpdateCompensationStateCommand.cs	7dc1b3655d34	docs/knowledge-graph/Customer Ordering/Order & Fulfilment/Cancellation-and-Refund.technical.md
Shared/TalabatkApplication/Commands/UpdateCompensationStateCommand/UpdateCompensationStateCommand.cs	7dc1b3655d34	docs/knowledge-graph/Identity & Access/Customer Identity/Customer-Account-Lifecycle.technical.md
Shared/TalabatkApplication/Commands/UpdateCompensationStateCommand/UpdateCompensationStateCommand.cs	7dc1b3655d34	docs/knowledge-graph/Identity & Access/Restaurant & Admin User Identity/Permission/Permission.technical.md
Shared/TalabatkApplication/Commands/UpdateCompensationStateCommand/UpdateCompensationStateCommand.cs	7dc1b3655d34	docs/knowledge-graph/_system/_conflicts.md
Shared/TalabatkApplication/Commands/UpdateCustomerAddressCommand/UpdateCustomerAddressCommand.cs	2df348aae4aa	docs/knowledge-graph/Identity & Access/Customer Identity/Customer-Account-Lifecycle.technical.md
Shared/TalabatkApplication/Commands/UpdateCustomerAddressCommand/UpdateCustomerAddressCommand.cs	2df348aae4aa	docs/knowledge-graph/Identity & Access/Customer Identity/Customer/CustomerAddresses.md
Shared/TalabatkApplication/Commands/UpdateCustomerAddressCommand/UpdateCustomerAddressCommand.cs	2df348aae4aa	docs/knowledge-graph/Identity & Access/Customer Identity/CustomerAddress/CustomerAddress.technical.md
Shared/TalabatkApplication/Commands/UpdateCustomerAddressCommand/UpdateCustomerAddressCommand.cs	2df348aae4aa	docs/knowledge-graph/_system/_conflicts.md
Shared/TalabatkApplication/Commands/UpdateCustomerAddressCommand/UpdateCustomerAddressCommand.cs	2df348aae4aa	docs/knowledge-graph/_system/_idor-instances.md
Shared/TalabatkApplication/Commands/UpdateCustomerAddressFromAdminCommand/UpdateCustomerAddressFromAdminCommand.cs	6cc655d82bc9	docs/knowledge-graph/Identity & Access/Customer Identity/Customer/Customer.technical.md
Shared/TalabatkApplication/Commands/UpdateCustomerAddressFromAdminCommand/UpdateCustomerAddressFromAdminCommand.cs	6cc655d82bc9	docs/knowledge-graph/Identity & Access/Customer Identity/CustomerAddress/CustomerAddress.technical.md
Shared/TalabatkApplication/Commands/UpdateCustomerAddressFromAdminCommand/UpdateCustomerAddressFromAdminCommand.cs	6cc655d82bc9	docs/knowledge-graph/_system/_conflicts.md
Shared/TalabatkApplication/Commands/UpdateCustomerAdsCommand/UpdateCustomerAdsCommand.cs	94086dd28310	docs/knowledge-graph/_system/_conflicts.md
Shared/TalabatkApplication/Commands/UpdateCustomerDataFromAdminCommand/UpdateCustomerDataFromAdminCommand.cs	8367f63c73da	docs/knowledge-graph/Identity & Access/Customer Identity/Customer/Customer.technical.md
Shared/TalabatkApplication/Commands/UpdateCustomerDataFromAdminCommand/UpdateCustomerDataFromAdminCommand.cs	8367f63c73da	docs/knowledge-graph/_system/_conflicts.md
Shared/TalabatkApplication/Commands/UpdateCustomerInfoCommand/UpdateCustomerInfo.cs	55aa95bb8e4d	docs/knowledge-graph/_system/_conflicts.md
Shared/TalabatkApplication/Commands/UpdateCustomerRefundPreferenceCommand/UpdateCustomerRefundPreferenceCommand.cs	9fae46726929	docs/knowledge-graph/_system/_conflicts.md
Shared/TalabatkApplication/Commands/UpdateCustomerUnavailableItemsPreferenceCommand/UpdateCustomerUnavailableItemsPreferenceCommand.cs	1290d1c91af8	docs/knowledge-graph/Identity & Access/Customer Identity/Customer-Account-Lifecycle.technical.md
Shared/TalabatkApplication/Commands/UpdateDeliveryConfigurationCommand/UpdateDeliveryConfigurationCommand.cs	50bb1181ee23	docs/knowledge-graph/_system/_conflicts.md
Shared/TalabatkApplication/Commands/UpdateJournalsSubCommand/UpdateJournalsSubCommand.cs	33b92bdd9be3	docs/knowledge-graph/_system/_conflicts.md
Shared/TalabatkApplication/Commands/UpdateMartCategoryCommand/UpdateMartCategoryCommand.cs	48a2c514fac6	docs/knowledge-graph/_system/_conflicts.md
Shared/TalabatkApplication/Commands/UpdateMenuItemPricesFromExcelSheetCommand/UpdateMenuItemPricesFromExcelSheetCommand.cs	8de145b1e72b	docs/knowledge-graph/_system/_conflicts.md
Shared/TalabatkApplication/Commands/UpdateOrderByOrderCodeCommand/UpdateOrderByOrderCodeCommand.cs	aa2967f1885c	docs/knowledge-graph/Customer Ordering/Order & Fulfilment/Order/Order.technical.md
Shared/TalabatkApplication/Commands/UpdateOrderByOrderCodeCommand/UpdateOrderByOrderCodeCommand.cs	aa2967f1885c	docs/knowledge-graph/_system/_conflicts.md
Shared/TalabatkApplication/Commands/UpdateOrderCommand/UpdateOrderCommand.cs	1208d02f5f9e	docs/knowledge-graph/Customer Ordering/Order & Fulfilment/Order-Lifecycle.technical.md
Shared/TalabatkApplication/Commands/UpdateOrderCommand/UpdateOrderCommand.cs	1208d02f5f9e	docs/knowledge-graph/Customer Ordering/Order & Fulfilment/Order/Order.technical.md
Shared/TalabatkApplication/Commands/UpdateOrderCommand/UpdateOrderCommand.cs	1208d02f5f9e	docs/knowledge-graph/Identity & Access/Customer Identity/CustomerAddress/CustomerAddress.technical.md
Shared/TalabatkApplication/Commands/UpdateOrderCommand/UpdateOrderCommand.cs	1208d02f5f9e	docs/knowledge-graph/_system/_conflicts.md
Shared/TalabatkApplication/Commands/UpdateRestaruantZoneCommand/UpdateRestaruantZoneCommand.cs	026d5b9bf81a	docs/knowledge-graph/_system/_conflicts.md
Shared/TalabatkApplication/Commands/UpdateRestaurantOfferCommand.cs	db8695965500	docs/knowledge-graph/_system/_conflicts.md
Shared/TalabatkApplication/Commands/UpdateResturantActivityCommand/UpdateResturantActivityCommand.cs	a9a6eb458507	docs/knowledge-graph/_system/_conflicts.md
Shared/TalabatkApplication/Commands/UpdateRoleCommand/UpdateRoleCommand.cs	12fb81ffe22d	docs/knowledge-graph/Admin/Admin Back-Office/Admin-Access-and-Oversight.technical.md
Shared/TalabatkApplication/Commands/UpdateSpecialMartCategoryCommand/UpdateSpecialMartCategoryCommand.cs	cdb8e38cdd9b	docs/knowledge-graph/_system/_conflicts.md
Shared/TalabatkApplication/Commands/UpdateUnRevisedItemCommand/UpdateUnRevisedItemCommand.cs	e23dbf4cea9a	docs/knowledge-graph/_system/_conflicts.md
Shared/TalabatkApplication/Commands/UpdateUserChatFlagsCommand/UpdateUserChatFlagsCommand.cs	00169b1eb106	docs/knowledge-graph/Customer Ordering/Support & Chat/Support-and-Chat.technical.md
Shared/TalabatkApplication/Commands/VerificationCallCommand/VerificationCallCommand.cs	a11b22e4183e	docs/knowledge-graph/_system/_conflicts.md
Shared/TalabatkApplication/Common/Behaviour/Caching/CachingBehaviour.cs	dbfe1006cf4a	docs/knowledge-graph/_system/_conflicts.md
Shared/TalabatkApplication/DTO/ConfigurationDTOS/ConfigurationDto.cs	2b39c73f275d	docs/knowledge-graph/_system/_conflicts.md
Shared/TalabatkApplication/DTO/ConfigurationDTOS/ConfigurationOperationDto.cs	f261f8f58ac4	docs/knowledge-graph/_system/_conflicts.md
Shared/TalabatkApplication/DTO/CustomerDTOS/CustomerAdressDto.cs	4f68685f7def	docs/knowledge-graph/Identity & Access/Customer Identity/CustomerAddress/CustomerAddress.technical.md
Shared/TalabatkApplication/DTO/DeliveryManDTO/DeliveryManDto.cs	b1ce2295d7c4	docs/knowledge-graph/_system/_conflicts.md
Shared/TalabatkApplication/DTO/ItemOptionDTOS/ItemOptionByCategoryDto.cs	7c2d049c70bb	docs/knowledge-graph/_system/_conflicts.md
Shared/TalabatkApplication/DeliveryManNotifications/Commands/DeleteDeliveryManNotification/DeleteDeliveryManNotificationCommand.cs	70104dc7220e	docs/knowledge-graph/_system/_conflicts.md
Shared/TalabatkApplication/DeliveryManNotifications/Commands/EditDeliveryManNotification/EditDeliveryManNotificationCommand.cs	b182269c6c26	docs/knowledge-graph/_system/_conflicts.md
Shared/TalabatkApplication/DomainEventsHandlers/CompensationEventHandlers/CompensationApprovedEventHandler.cs	da6b7db69a1a	docs/knowledge-graph/Customer Ordering/Order & Fulfilment/Cancellation-and-Refund.technical.md
Shared/TalabatkApplication/DomainEventsHandlers/CompensationEventHandlers/CompensationApprovedEventHandler.cs	da6b7db69a1a	docs/knowledge-graph/_system/_conflicts.md
Shared/TalabatkApplication/DomainEventsHandlers/CostHolderEventHandlers/CostHolderCreatedEventHandler.cs	b44ab4ac6759	docs/knowledge-graph/_system/_conflicts.md
Shared/TalabatkApplication/DomainEventsHandlers/FawryEventHandlers/AddDeliveryManStatementEventHandler.cs	9c053d643398	docs/knowledge-graph/Customer Ordering/Payments/Fawry/Fawry.technical.md
Shared/TalabatkApplication/DomainEventsHandlers/FawryEventHandlers/NotifyDeliveryManFawryStatusEventHandler.cs	cf0786852165	docs/knowledge-graph/Customer Ordering/Payments/Fawry/Fawry.technical.md
Shared/TalabatkApplication/DomainEventsHandlers/ItemBecameInStockEventHandlers/ItemBecameInStockEventHandler.cs	5beaab3c6518	docs/knowledge-graph/_system/_conflicts.md
Shared/TalabatkApplication/DomainEventsHandlers/OrderEventsHandlers/CalculateDeliveryShiftBounsEventHandler.cs	6a0189b5828e	docs/knowledge-graph/_system/_conflicts.md
Shared/TalabatkApplication/DomainEventsHandlers/OrderEventsHandlers/CalculateGoogleMapDeliveryTimeEvent.cs	cc2bd8771ec2	docs/knowledge-graph/_system/_integrations.md
Shared/TalabatkApplication/DomainEventsHandlers/OrderEventsHandlers/FirstCustomerOrderEventHandler.cs	93e3083710db	docs/knowledge-graph/_system/_conflicts.md
Shared/TalabatkApplication/DomainEventsHandlers/OrderEventsHandlers/FirstCustomerOrderReferralEventHandler.cs	3487bad70955	docs/knowledge-graph/Identity & Access/Customer Identity/Customer-Account-Lifecycle.technical.md
Shared/TalabatkApplication/DomainEventsHandlers/OrderEventsHandlers/LoyaltyPointsEventHandler.cs	bf75a53a40a8	docs/knowledge-graph/_system/_conflicts.md
Shared/TalabatkApplication/DomainEventsHandlers/OrderEventsHandlers/MangeRushTimeEvnetHandler.cs	2189e4952b51	docs/knowledge-graph/Admin/City & Geography Administration/_scenarios.md
Shared/TalabatkApplication/DomainEventsHandlers/OrderEventsHandlers/MerchantCollectMoneyEventHandler.cs	1e28ab836489	docs/knowledge-graph/Customer Ordering/Payments/Money-Path.technical.md
Shared/TalabatkApplication/DomainEventsHandlers/OrderEventsHandlers/NewOrderForRestaurantEventhandler.cs	4422e1686e76	docs/knowledge-graph/Restaurant Portal/Menu & Order Management/Merchant-Menu-and-Orders.technical.md
Shared/TalabatkApplication/DomainEventsHandlers/OrderEventsHandlers/NewOrderForRestaurantEventhandler.cs	4422e1686e76	docs/knowledge-graph/_system/_integrations.md
Shared/TalabatkApplication/DomainEventsHandlers/OrderEventsHandlers/OrderDeliveredEventHandler.cs	01f4e127606a	docs/knowledge-graph/Customer Ordering/Payments/Money-Path.technical.md
Shared/TalabatkApplication/DomainEventsHandlers/OrderEventsHandlers/OrderDeliveredEventHandler.cs	01f4e127606a	docs/knowledge-graph/Delivery/Driver Cash & Compensation/Driver-Cash-Cycle.technical.md
Shared/TalabatkApplication/DomainEventsHandlers/OrderEventsHandlers/OrderDeliveredEventHandler.cs	01f4e127606a	docs/knowledge-graph/_system/_conflicts.md
Shared/TalabatkApplication/DomainEventsHandlers/OrderEventsHandlers/OrderNificationsEventHandler.cs	e8501b1db140	docs/knowledge-graph/Customer Ordering/Order & Fulfilment/Cancellation-and-Refund.technical.md
Shared/TalabatkApplication/DomainEventsHandlers/OrderEventsHandlers/OrderNificationsEventHandler.cs	e8501b1db140	docs/knowledge-graph/Restaurant Portal/Menu & Order Management/Merchant-Menu-and-Orders.technical.md
Shared/TalabatkApplication/DomainEventsHandlers/OrderEventsHandlers/OrderNificationsEventHandler.cs	e8501b1db140	docs/knowledge-graph/_system/_conflicts.md
Shared/TalabatkApplication/DomainEventsHandlers/OrderEventsHandlers/OrderRejectionRoboCallEventHandler.cs	6a4563db93a4	docs/knowledge-graph/_system/_integrations.md
Shared/TalabatkApplication/DomainEventsHandlers/OrderEventsHandlers/ResendOrderToRestaurantEventHandler.cs	511b522c63f2	docs/knowledge-graph/Restaurant Portal/Menu & Order Management/Merchant-Menu-and-Orders.technical.md
Shared/TalabatkApplication/DomainEventsHandlers/OrderEventsHandlers/ResendOrderToRestaurantEventHandler.cs	511b522c63f2	docs/knowledge-graph/_system/_conflicts.md
Shared/TalabatkApplication/Feature/Audiances/Commands/CreateAudianceCommand.cs	447cc2425df9	docs/knowledge-graph/_system/_conflicts.md
Shared/TalabatkApplication/Feature/Audiances/Queries/GetAudianceByIdQuery.cs	f049556af7e4	docs/knowledge-graph/_system/_conflicts.md
Shared/TalabatkApplication/Feature/BannedCustomers/Commands/LiftTheBanFromCustomerCommand.cs	df47dbf74f8b	docs/knowledge-graph/_system/_conflicts.md
Shared/TalabatkApplication/Feature/Complaints/Commands/SaveOrderComplaintCommand.cs	3288dfbfcf94	docs/knowledge-graph/Customer Ordering/Support & Chat/Support-and-Chat.technical.md
Shared/TalabatkApplication/Feature/Complaints/Commands/SaveOrderComplaintCommand.cs	3288dfbfcf94	docs/knowledge-graph/Identity & Access/Customer Identity/Customer-Account-Lifecycle.technical.md
Shared/TalabatkApplication/Feature/Complaints/Commands/SaveOrderComplaintCommand.cs	3288dfbfcf94	docs/knowledge-graph/_system/_conflicts.md
Shared/TalabatkApplication/Feature/Complaints/Queries/GetMerchantKpiReportQuery.cs	6c4c7d44e9fc	docs/knowledge-graph/_system/_conflicts.md
Shared/TalabatkApplication/Feature/Search/Queries/SearchItemsWithFiltersAndSortingOptionsQuery.cs	2d6a03c529e7	docs/knowledge-graph/Customer Ordering/Restaurant & Menu Discovery/Search/Search.technical.md
Shared/TalabatkApplication/Feature/Search/Queries/SearchItemsWithFiltersAndSortingOptionsQuery.cs	2d6a03c529e7	docs/knowledge-graph/_system/_conflicts.md
Shared/TalabatkApplication/Feature/StoreMenuItems/Commands/DeleteStoreMenuItemCommand.cs	dbcff8d029fd	docs/knowledge-graph/_system/_idor-instances.md
Shared/TalabatkApplication/Feature/StoreMenuItems/Commands/EditStoreMenuItemCommand.cs	6b5f9f7e201c	docs/knowledge-graph/_system/_conflicts.md
Shared/TalabatkApplication/Feature/StoreMenuItems/Commands/SyncStoreMenuItemStockCommand.cs	476ba4aeb70a	docs/knowledge-graph/_system/_idor-instances.md
Shared/TalabatkApplication/Feature/StoreMenuItems/Commands/UpdateStoreMenuItemActiveStatusCommand.cs	76b1a7f864b7	docs/knowledge-graph/_system/_idor-instances.md
Shared/TalabatkApplication/Feature/StoreMenuItems/Commands/UpdateStoreMenuItemPrice.cs	0899d0fc1aef	docs/knowledge-graph/_system/_idor-instances.md
Shared/TalabatkApplication/Feature/StoreMenuItems/Commands/UpdateStoreMenuItemPriceFromExcelCommand.cs	c11217b6a50e	docs/knowledge-graph/_system/_conflicts.md
Shared/TalabatkApplication/Feature/StoreMenuItems/Queries/GetAllStoreCategoriesQuery.cs	c0085935b30d	docs/knowledge-graph/_system/_conflicts.md
Shared/TalabatkApplication/Feature/StoreMenuItems/Queries/GetStoreMenuItemQuery.cs	5e558f31efef	docs/knowledge-graph/_system/_idor-instances.md
Shared/TalabatkApplication/Feature/StoreMenuItems/Queries/GetStoreMenuItemsQuery.cs	a8a6cfb878f9	docs/knowledge-graph/_system/_idor-instances.md
Shared/TalabatkApplication/ForceAssignDeliverymenService.cs	c558c63dd0a2	docs/knowledge-graph/Delivery/Delivery Man Operations/Delivery-Fee-and-Assignment.technical.md
Shared/TalabatkApplication/ForceAssignDeliverymenService.cs	c558c63dd0a2	docs/knowledge-graph/Delivery/Driver Cash & Compensation/Driver-Cash-Cycle.technical.md
Shared/TalabatkApplication/ForceAssignDeliverymenService.cs	c558c63dd0a2	docs/knowledge-graph/_system/_conflicts.md
Shared/TalabatkApplication/Helper/AudianceCustomerBuilding/AudienceFilterEvaluator .cs	6eeb4bcbda22	docs/knowledge-graph/_system/_conflicts.md
Shared/TalabatkApplication/Helper/AudianceCustomerBuilding/AudienceFilterService.cs	fa8747f8b212	docs/knowledge-graph/_system/_conflicts.md
Shared/TalabatkApplication/Helper/AudianceCustomerBuilding/AudienceSnapshotFilterService.cs	97ad32c8aa1d	docs/knowledge-graph/_system/_conflicts.md
Shared/TalabatkApplication/Helper/AudianceFilterHelper/AudianceFilterHelper.cs	6a74612ce8c6	docs/knowledge-graph/_system/_conflicts.md
Shared/TalabatkApplication/Helper/ChatAssignment/ChatReassignmentJobEnqueue.cs	7230d1c9e36f	docs/knowledge-graph/Customer Ordering/Support & Chat/Support-and-Chat.technical.md
Shared/TalabatkApplication/Helper/ChatAssignment/ChatReassignmentService.cs	835d8946dabd	docs/knowledge-graph/_system/_conflicts.md
Shared/TalabatkApplication/Helper/CustomerAdminChatBot/CustomerAdminChatBotOrchestrator.cs	b2f65ea44a4e	docs/knowledge-graph/Customer Ordering/Support & Chat/Support-and-Chat.technical.md
Shared/TalabatkApplication/Helper/DailyPickupTagAssignmentExtensions.cs	7c9fcea24f91	docs/knowledge-graph/Customer Ordering/Order & Fulfilment/Order-Lifecycle.technical.md
Shared/TalabatkApplication/Helper/DeliveryFeesCalculator/DeliveryManPricingCalculatorAdapter.cs	6c845eb647aa	docs/knowledge-graph/Delivery/Delivery Man Operations/Delivery-Fee-and-Assignment.technical.md
Shared/TalabatkApplication/Helper/DeliveryFeesCalculator/DeliveryManPricingCalculatorAdapter.cs	6c845eb647aa	docs/knowledge-graph/_system/_conflicts.md
Shared/TalabatkApplication/Helper/DeliveryFeesCalculator/IOrderDeliveryFeesCalculator.cs	23f1b1882aef	docs/knowledge-graph/Delivery/Delivery Man Operations/Delivery-Fee-and-Assignment.technical.md
Shared/TalabatkApplication/Helper/DeliveryFeesCalculator/OrderDeleveryFeesCalculator.cs	79d4864f0833	docs/knowledge-graph/Delivery/Delivery Man Operations/Delivery-Fee-and-Assignment.technical.md
Shared/TalabatkApplication/Helper/DeliveryFeesCalculator/OrderDeleveryFeesCalculator.cs	79d4864f0833	docs/knowledge-graph/_system/_conflicts.md
Shared/TalabatkApplication/Helper/DeliveryManAcceptanceRateCalculator/DeliveryManAcceptanceRateCalculator.cs	67601b7c1d3f	docs/knowledge-graph/_system/_conflicts.md
Shared/TalabatkApplication/Helper/DeliveryManRatingCalculator.cs	e67c20c5b909	docs/knowledge-graph/Delivery/Delivery Man Operations/Delivery-Fee-and-Assignment.technical.md
Shared/TalabatkApplication/Helper/DeliveryManRatingCalculator.cs	e67c20c5b909	docs/knowledge-graph/Delivery/Delivery Man Operations/Driver-Operations.technical.md
Shared/TalabatkApplication/Helper/ExpressionBuilder.cs	0fab7986c0f9	docs/knowledge-graph/_system/_conflicts.md
Shared/TalabatkApplication/Helper/HangFire/RestaurantRoboCallCheckJob.cs	616914311400	docs/knowledge-graph/_system/_integrations.md
Shared/TalabatkApplication/Helper/HangFire/SendDeliveryManNotificationJob.cs	cff29c19e542	docs/knowledge-graph/Delivery/Delivery Man Operations/DeliveryManNotification/DeliveryManNotification.technical.md
Shared/TalabatkApplication/Helper/HangFire/SendScheduledNotificationJob.cs	f25a651dc4eb	docs/knowledge-graph/_system/_conflicts.md
Shared/TalabatkApplication/Helper/HangFire/TrackingAppInstallJob.cs	b756797e5022	docs/knowledge-graph/_system/_conflicts.md
Shared/TalabatkApplication/Helper/HangFire/UpdateBitrixStatusLeadJob.cs	c03669b60a77	docs/knowledge-graph/_system/_integrations.md
Shared/TalabatkApplication/Helper/JournalSubscriptionScheduler/JournalSubuscriptionService.cs	dd3fb386ee95	docs/knowledge-graph/_system/_conflicts.md
Shared/TalabatkApplication/Helper/LoyaltyPointsRedemptionErrors.cs	91821e5d1259	docs/knowledge-graph/Customer Ordering/Discounts & Coupons/Vouchers/Vouchers.technical.md
Shared/TalabatkApplication/Helper/OnlinePaymentStrategies/OnlinePaymentStrategyFactory.cs	e1939ded90ad	docs/knowledge-graph/Customer Ordering/Cart & Checkout/Checkout-Payment-Processing.md
Shared/TalabatkApplication/Helper/OnlinePaymentStrategies/OnlinePaymentStrategyFactory.cs	e1939ded90ad	docs/knowledge-graph/Customer Ordering/Payments/PayMob/PayMob.technical.md
Shared/TalabatkApplication/Helper/OnlinePaymentStrategies/PayMobApplePaymentStrategy.cs	289c3e3ef34f	docs/knowledge-graph/Customer Ordering/Payments/PayMob/PayMob.technical.md
Shared/TalabatkApplication/Helper/OnlinePaymentStrategies/PayMobCreditCardPaymentStrategy.cs	e8ac709b499b	docs/knowledge-graph/Customer Ordering/Payments/PayMob/PayMob.technical.md
Shared/TalabatkApplication/Helper/OnlinePaymentStrategies/PayMobSmartWalletPaymentStrategy.cs	fb827192a21e	docs/knowledge-graph/Customer Ordering/Payments/PayMob/PayMob.technical.md
Shared/TalabatkApplication/Helper/OnlinePaymentStrategies/PayMobSmartWalletPaymentStrategy.cs	fb827192a21e	docs/knowledge-graph/_system/_conflicts.md
Shared/TalabatkApplication/Helper/OnlinePaymentStrategies/PaymentProcessingService.cs	c2541744da09	docs/knowledge-graph/Customer Ordering/Cart & Checkout/Checkout-Payment-Processing.md
Shared/TalabatkApplication/Helper/OnlinePaymentStrategies/PaymentProcessingService.cs	c2541744da09	docs/knowledge-graph/Customer Ordering/Payments/PayMob/PayMob.technical.md
Shared/TalabatkApplication/Helper/OnlinePaymentStrategies/PaymentProcessingService.cs	c2541744da09	docs/knowledge-graph/_system/_conflicts.md
Shared/TalabatkApplication/Helper/OrderCodeUniquenessExtensions.cs	922a0f33e0fb	docs/knowledge-graph/Customer Ordering/Order & Fulfilment/Order-Lifecycle.technical.md
Shared/TalabatkApplication/Helper/PayMobServices/PayMobServicesProvider.cs	1adf8f990c6c	docs/knowledge-graph/Customer Ordering/Payments/PayMob/PayMob.technical.md
Shared/TalabatkApplication/Helper/RobocallScheduler.cs	580cd25cee01	docs/knowledge-graph/_system/_integrations.md
Shared/TalabatkApplication/Helper/RoundRobin/RoundRobinService.cs	b69f686c8805	docs/knowledge-graph/_system/_conflicts.md
Shared/TalabatkApplication/Helper/SMSService/SendSMS.cs	5e1163b3c265	docs/knowledge-graph/_system/_conflicts.md
Shared/TalabatkApplication/Helper/UploadImage/ImageBankPathHelper.cs	7667dedb28d8	docs/knowledge-graph/_system/_conflicts.md
Shared/TalabatkApplication/Helper/WorkingHours/WorkingHoursValidationService.cs	defbc2e48bc6	docs/knowledge-graph/_system/_conflicts.md
Shared/TalabatkApplication/ITalabatkContext.cs	e2e21b8789d3	docs/knowledge-graph/Identity & Access/Customer Identity/CustomerAddress/CustomerAddress.technical.md
Shared/TalabatkApplication/LoyaltyMerchant/Queries/GetLoyaltyParticipatingMerchantsCustomerQuery.cs	83b69abf941c	docs/knowledge-graph/_system/_idor-instances.md
Shared/TalabatkApplication/MappingProfile/MappingProfiles.cs	39b2a7dbebe2	docs/knowledge-graph/_system/_conflicts.md
Shared/TalabatkApplication/OrderBuilder/BuilderDirector.cs	7104af9dee60	docs/knowledge-graph/Customer Ordering/Order & Fulfilment/Order-Lifecycle.technical.md
Shared/TalabatkApplication/OrderBuilder/BuilderDirector.cs	7104af9dee60	docs/knowledge-graph/_system/_conflicts.md
Shared/TalabatkApplication/OrderBuilder/CalculateCustomerDeliveryFeesForCurrentAddress.cs	37cf1b81170c	docs/knowledge-graph/Delivery/Delivery Man Operations/Delivery-Fee-and-Assignment.technical.md
Shared/TalabatkApplication/OrderBuilder/CalculateCustomerDeliveryFeesForCurrentAddress.cs	37cf1b81170c	docs/knowledge-graph/_system/_conflicts.md
Shared/TalabatkApplication/OrderBuilder/OrderBuilder.cs	fcdc8279337d	docs/knowledge-graph/Customer Ordering/Order & Fulfilment/Order-Lifecycle.technical.md
Shared/TalabatkApplication/OrderBuilder/OrderBuilder.cs	fcdc8279337d	docs/knowledge-graph/Identity & Access/Customer Identity/CustomerAddress/CustomerAddress.technical.md
Shared/TalabatkApplication/OrderBuilder/OrderBuilder.cs	fcdc8279337d	docs/knowledge-graph/_system/_conflicts.md
Shared/TalabatkApplication/OrderBuilder/OrderDetailBuilder.cs	19f64d8ad98f	docs/knowledge-graph/_system/_conflicts.md
Shared/TalabatkApplication/OrderBuilder/OrderWalletBuilder.cs	d2521a287a5e	docs/knowledge-graph/_system/_conflicts.md
Shared/TalabatkApplication/OrderBuilder/PromoCodeBuilder.cs	1f75da67bcf2	docs/knowledge-graph/_system/_conflicts.md
Shared/TalabatkApplication/Queries/CalculateDistanceBetweenCustomersInOrdersQuery/CalculateDistanceBetweenCustomersInOrdersQuery.cs	fec0166b1498	docs/knowledge-graph/_system/_conflicts.md
Shared/TalabatkApplication/Queries/CheckIfItemNotAvalibleQuery/CheckIfItemNotAvalibleQuery.cs	e00cb363b468	docs/knowledge-graph/_system/_conflicts.md
Shared/TalabatkApplication/Queries/CheckResturantCloseOrBusyQuery/CheckResturantCloseOrBusyQuery.cs	cc3ac6b57840	docs/knowledge-graph/_system/_conflicts.md
Shared/TalabatkApplication/Queries/CheckSelectedItemsQuery/CheckSelectedItemsQuery.cs	abfbd3e59fbe	docs/knowledge-graph/_system/_conflicts.md
Shared/TalabatkApplication/Queries/DeliveryManOrderQuery/DeliveryManOrderQuery.cs	9d0f74438f46	docs/knowledge-graph/_system/_idor-instances.md
Shared/TalabatkApplication/Queries/ExternalDeliveryRequests/GetExternalDeliveryPreparationPeriodsQuery.cs	8c8ff08235c3	docs/knowledge-graph/_system/_conflicts.md
Shared/TalabatkApplication/Queries/FoodTypesQuery/FoodTypesQuery.cs	740c06c6928d	docs/knowledge-graph/_system/_conflicts.md
Shared/TalabatkApplication/Queries/GetAcceptanceRateReportDataQuery/GetAcceptanceRateReportDataQuery.cs	c378a207a577	docs/knowledge-graph/_system/_conflicts.md
Shared/TalabatkApplication/Queries/GetActiveAdsQuery/GetActiveAdsQuery.cs	8ec4395e7447	docs/knowledge-graph/Customer Ordering/Marketing & Content/_knowledge-graph.md
Shared/TalabatkApplication/Queries/GetActiveCategoriesByRestaurantIdQuery/GetActiveCategoriesByRestaurantIdQuery.cs	d7ca45e1a5d4	docs/knowledge-graph/_system/_conflicts.md
Shared/TalabatkApplication/Queries/GetAdCardsForMerchantQuery/GetAdCardsForMerchantQuery.cs	17d1ec5071e7	docs/knowledge-graph/_system/_conflicts.md
Shared/TalabatkApplication/Queries/GetAdDetailsByIdQuery/GetAdDetailsByIdQuery.cs	287683408342	docs/knowledge-graph/_system/_conflicts.md
Shared/TalabatkApplication/Queries/GetAdminChatMessagesQuery/GetAdminChatMessagesQuery.cs	89e17484040c	docs/knowledge-graph/Customer Ordering/Support & Chat/Support-and-Chat.technical.md
Shared/TalabatkApplication/Queries/GetAdminChatMessagesQuery/GetAdminChatMessagesQuery.cs	89e17484040c	docs/knowledge-graph/Customer Ordering/Support & Chat/_scenarios.md
Shared/TalabatkApplication/Queries/GetAdminChatMessagesQuery/GetAdminChatMessagesQuery.cs	89e17484040c	docs/knowledge-graph/_system/_conflicts.md
Shared/TalabatkApplication/Queries/GetAdminChatMessagesQuery/GetAdminChatMessagesQuery.cs	89e17484040c	docs/knowledge-graph/_system/_idor-instances.md
Shared/TalabatkApplication/Queries/GetAdminOrderHistoryQuery/GetAdminOrderHistoryQuery.cs	646b559a396c	docs/knowledge-graph/_system/_conflicts.md
Shared/TalabatkApplication/Queries/GetAllActiveRestaurantWithReviewInfoQuery/SearchStoresQueryV2.cs	bfd68ee9d247	docs/knowledge-graph/_system/_conflicts.md
Shared/TalabatkApplication/Queries/GetAllAnnouncementsQuery/GetAllAnnouncementsDto.cs	239697ba22f8	docs/knowledge-graph/_system/_conflicts.md
Shared/TalabatkApplication/Queries/GetAllApikeysQuery/GetAllApikeysQuery.cs	93b0db7c7447	docs/knowledge-graph/_system/_conflicts.md
Shared/TalabatkApplication/Queries/GetAllCategoryIncludingImageQuery/GetAllCategoryIncludingImageQuery.cs	59059604314b	docs/knowledge-graph/_system/_conflicts.md
Shared/TalabatkApplication/Queries/GetAllCitiesQuery/GetAllCitiesQuery.cs	b48f9782f7c0	docs/knowledge-graph/_system/_conflicts.md
Shared/TalabatkApplication/Queries/GetAllCityQuery/GetAllCityQuery.cs	4840eb2f8e1a	docs/knowledge-graph/_system/_conflicts.md
Shared/TalabatkApplication/Queries/GetAllCompensationsList/GetAllCompensationsListQuery.cs	e052c22a0663	docs/knowledge-graph/_system/_conflicts.md
Shared/TalabatkApplication/Queries/GetAllComplaintsAndSuggestionsQuery/GetAllComplaintsAndSuggestionsQuery.cs	b509f0a1de1f	docs/knowledge-graph/Customer Ordering/Support & Chat/Support-and-Chat.technical.md
Shared/TalabatkApplication/Queries/GetAllComplaintsAndSuggestionsQuery/GetAllComplaintsAndSuggestionsQuery.cs	b509f0a1de1f	docs/knowledge-graph/_system/_conflicts.md
Shared/TalabatkApplication/Queries/GetAllDeliveredOrderByDateQuery/GetAllDeliveredOrdersByDate.cs	2f7931ea38d5	docs/knowledge-graph/_system/_conflicts.md
Shared/TalabatkApplication/Queries/GetAllDeliveredOrderByDateQuery/GetAllDeliveredOrdersByDateV2Query.cs	eba1a0809179	docs/knowledge-graph/_system/_conflicts.md
Shared/TalabatkApplication/Queries/GetAllDeliveryMenByCityIdQuery/GetAllDeliveriesByIdIfExists.cs	0cd7cb4e0a92	docs/knowledge-graph/_system/_conflicts.md
Shared/TalabatkApplication/Queries/GetAllDeliveryMenByCityIdQuery/GetAllDeliveryMenByCityIdQuery.cs	2ea539b01320	docs/knowledge-graph/_system/_conflicts.md
Shared/TalabatkApplication/Queries/GetAllDeliveryMenByListOfCitiesIdsQuery/GetAllDeliveryMenByListOfCitiesIds.cs	e219518d25ba	docs/knowledge-graph/_system/_conflicts.md
Shared/TalabatkApplication/Queries/GetAllDeliveryMenLookupByCityQuery/GetAllDeliveryMenLookupByCityQuery.cs	3a815f54dfd8	docs/knowledge-graph/_system/_conflicts.md
Shared/TalabatkApplication/Queries/GetAllDeliveryMenQuery/GetDeliveryMenQuery.cs	d63de7bac5c5	docs/knowledge-graph/_system/_conflicts.md
Shared/TalabatkApplication/Queries/GetAllDeliveryMenShiftsQuery/GetAllShiftsDeliveryMenQuery.cs	7b17fea2b742	docs/knowledge-graph/_system/_conflicts.md
Shared/TalabatkApplication/Queries/GetAllDeliveryZoneAreaQuery/GetAllDeliveryZoneAreaQuery.cs	546a7cb29ca3	docs/knowledge-graph/Delivery/Delivery Man Operations/Delivery-Fee-and-Assignment.technical.md
Shared/TalabatkApplication/Queries/GetAllItemsWithPricesForAdminQuery/GetAllItemsWithPricesForAdminQuery.cs	a7fddfb15862	docs/knowledge-graph/_system/_conflicts.md
Shared/TalabatkApplication/Queries/GetAllOrderByRestaurantIdQuery/RestaurantOrderListDto.cs	c7aa26237651	docs/knowledge-graph/_system/_conflicts.md
Shared/TalabatkApplication/Queries/GetAllOrderHistoryQuery/GetAllOrderHistoryPagedQuery.cs	34b4860a8b30	docs/knowledge-graph/_system/_conflicts.md
Shared/TalabatkApplication/Queries/GetAllOrderHistoryQuery/GetAllOrderHistoryQuery.cs	f56c84dd7358	docs/knowledge-graph/_system/_conflicts.md
Shared/TalabatkApplication/Queries/GetAllOrderHistoryQuery/OrderHistoryDtoMapper.cs	549e8d15717e	docs/knowledge-graph/_system/_conflicts.md
Shared/TalabatkApplication/Queries/GetAllPaymentMethodsQuery/GetAllPaymentMethodsQuery.cs	c73823965a54	docs/knowledge-graph/Customer Ordering/Payments/PayMob/PayMob.technical.md
Shared/TalabatkApplication/Queries/GetAllPaymentMethodsQuery/GetAllPaymentMethodsQuery.cs	c73823965a54	docs/knowledge-graph/_system/_conflicts.md
Shared/TalabatkApplication/Queries/GetAllPaymentsByAddressQuery/GetAllPaymentsByAddressQuery.cs	9e90965eba30	docs/knowledge-graph/Customer Ordering/Cart & Checkout/Cart-and-Checkout-Validation.technical.md
Shared/TalabatkApplication/Queries/GetAllPaymentsByAddressQuery/GetAllPaymentsByAddressQuery.cs	9e90965eba30	docs/knowledge-graph/Customer Ordering/Cart & Checkout/Wallet-and-PaymentMethod.md
Shared/TalabatkApplication/Queries/GetAllPaymentsByAddressQuery/GetAllPaymentsByAddressQuery.cs	9e90965eba30	docs/knowledge-graph/_system/_conflicts.md
Shared/TalabatkApplication/Queries/GetAllPromoCodesQuery/GetAllPromoCodeQuery.cs	f672aa03a060	docs/knowledge-graph/_system/_conflicts.md
Shared/TalabatkApplication/Queries/GetAllPromoCodesQuery/GetPromoCodesDto.cs	724de8767ac4	docs/knowledge-graph/_system/_conflicts.md
Shared/TalabatkApplication/Queries/GetAllRestaurantBusyQuery/GetAllRestaurantBusyQuery.cs	c95765ab9377	docs/knowledge-graph/Restaurant Portal/Menu & Order Management/Merchant-Menu-and-Orders.technical.md
Shared/TalabatkApplication/Queries/GetAllRestaurantBusyQuery/GetAllRestaurantBusyQuery.cs	c95765ab9377	docs/knowledge-graph/_system/_conflicts.md
Shared/TalabatkApplication/Queries/GetAllTieredDiscountsQuery/GetAllTieredDiscountsQuery.cs	da39a3ee5e6b	docs/knowledge-graph/_system/_conflicts.md
Shared/TalabatkApplication/Queries/GetAllVouchersQuery/GetAllVouchersPagedQuery.cs	595a5fcaa0ca	docs/knowledge-graph/_system/_conflicts.md
Shared/TalabatkApplication/Queries/GetAnnouncementQuery/GetAnnouncementQuery.cs	cff594f70689	docs/knowledge-graph/Customer Ordering/Marketing & Content/_knowledge-graph.md
Shared/TalabatkApplication/Queries/GetAnnouncementQuery/GetAnnouncementQuery.cs	cff594f70689	docs/knowledge-graph/Customer Ordering/Marketing & Content/_scenarios.md
Shared/TalabatkApplication/Queries/GetAreaByIdQuery/GetAreaByIdQuery.cs	2ec5fdab8797	docs/knowledge-graph/_system/_conflicts.md
Shared/TalabatkApplication/Queries/GetAssignedOrderQuery/DeliveryManAssignedOrdersDto.cs	2395b5fbaf1a	docs/knowledge-graph/_system/_conflicts.md
Shared/TalabatkApplication/Queries/GetAssignedOrderQuery/GetAssignedOrderQuery.cs	56cb42049d06	docs/knowledge-graph/_system/_conflicts.md
Shared/TalabatkApplication/Queries/GetAvalibleAdsByLocationQuery/GetAvalibleAdsByLocationQuery.cs	d26333bb3f85	docs/knowledge-graph/Customer Ordering/Marketing & Content/_knowledge-graph.md
Shared/TalabatkApplication/Queries/GetAvalibleAdsByLocationQuery/GetAvalibleAdsByLocationQuery.cs	d26333bb3f85	docs/knowledge-graph/Customer Ordering/Marketing & Content/_scenarios.md
Shared/TalabatkApplication/Queries/GetAvalibleCustomerAddressQuery/GetAvalibleCustomerAddressQuery.cs	4bb1a2f1470d	docs/knowledge-graph/Identity & Access/Customer Identity/CustomerAddress/CustomerAddress.technical.md
Shared/TalabatkApplication/Queries/GetAvalibleOrderDeliveryRequestsQuery/GetAvalibleOrderDeliveryRequestsQuery.cs	e3a4603186a1	docs/knowledge-graph/_system/_conflicts.md
Shared/TalabatkApplication/Queries/GetBrandsQuery/GetBrandsQuery.cs	f6f408d3efee	docs/knowledge-graph/_system/_conflicts.md
Shared/TalabatkApplication/Queries/GetBreakOptionsQuery/GetBreakOptionsQuery.cs	c193be80cc33	docs/knowledge-graph/Admin/City & Geography Administration/CityBreakConfiguration.md
Shared/TalabatkApplication/Queries/GetBreakOptionsQuery/GetBreakOptionsQuery.cs	c193be80cc33	docs/knowledge-graph/Delivery/Delivery Man Operations/Driver-Operations.technical.md
Shared/TalabatkApplication/Queries/GetBreakOptionsQuery/GetBreakOptionsQuery.cs	c193be80cc33	docs/knowledge-graph/_system/_conflicts.md
Shared/TalabatkApplication/Queries/GetCategoryNamesQuery/GetCateortNamesQuery.cs	4c6d11e2f125	docs/knowledge-graph/_system/_conflicts.md
Shared/TalabatkApplication/Queries/GetCategoryNamesQuery/GetMenuCategoryNamesQuery.cs	08a6408c200d	docs/knowledge-graph/_system/_conflicts.md
Shared/TalabatkApplication/Queries/GetConfigurationQuery/GetServiceFeesConfigurationQuery.cs	6d3496022c94	docs/knowledge-graph/Identity & Access/Customer Identity/Customer-Account-Lifecycle.technical.md
Shared/TalabatkApplication/Queries/GetCookingTimeCategoryById/GetCookingTimeCategoryById.cs	fc3d8c6bead0	docs/knowledge-graph/_system/_conflicts.md
Shared/TalabatkApplication/Queries/GetCustomerAdminChatConfigQuery/GetCustomerAdminChatConfigQuery.cs	e800af863c7e	docs/knowledge-graph/Customer Ordering/Support & Chat/Support-and-Chat.technical.md
Shared/TalabatkApplication/Queries/GetCustomerAdsForAdminQuery/GetCustomerAdsForAdminQuery.cs	e1cd282852fc	docs/knowledge-graph/_system/_conflicts.md
Shared/TalabatkApplication/Queries/GetCustomerByIdQuery/GetCustomerByIdQuery.cs	6e18375742c8	docs/knowledge-graph/_system/_conflicts.md
Shared/TalabatkApplication/Queries/GetCustomerByPhoneNumber/GetCustomerByPhoneNumberQuery.cs	c69cb702a7c5	docs/knowledge-graph/_system/_conflicts.md
Shared/TalabatkApplication/Queries/GetCustomerByPhoneNumber/GetCustomerForCreatingNewOrderForAdminQuery.cs	c9c7d633395e	docs/knowledge-graph/_system/_conflicts.md
Shared/TalabatkApplication/Queries/GetCustomerCartQuery/GetCustomerCartQuery.cs	1f643c779087	docs/knowledge-graph/Identity & Access/Customer Identity/Customer-Account-Lifecycle.technical.md
Shared/TalabatkApplication/Queries/GetCustomerCartQuery/GetCustomerCartQuery.cs	1f643c779087	docs/knowledge-graph/_system/_conflicts.md
Shared/TalabatkApplication/Queries/GetCustomerCartSummaryQuery/GetCustomerCartSummaryQuery.cs	f6bb6edfa97a	docs/knowledge-graph/Customer Ordering/Cart & Checkout/Cart-and-Checkout-Validation.technical.md
Shared/TalabatkApplication/Queries/GetCustomerCartSummaryQuery/GetCustomerCartSummaryQuery.cs	f6bb6edfa97a	docs/knowledge-graph/Delivery/Delivery Man Operations/Delivery-Fee-and-Assignment.technical.md
Shared/TalabatkApplication/Queries/GetCustomerDeliveryChatHistoryQuery/GetCustomerDeliveryChatHistoryQuery.cs	b26e9f51b1c1	docs/knowledge-graph/Customer Ordering/Support & Chat/_scenarios.md
Shared/TalabatkApplication/Queries/GetCustomerDeliveryChatHistoryQuery/GetCustomerDeliveryChatHistoryQuery.cs	b26e9f51b1c1	docs/knowledge-graph/_system/_conflicts.md
Shared/TalabatkApplication/Queries/GetCustomerDetailsToAdminQuery.cs/GetCustomerDetailsQuery.cs.cs	00df88f9c567	docs/knowledge-graph/_system/_conflicts.md
Shared/TalabatkApplication/Queries/GetCustomerDetailsToAdminQuery.cs/GetCustomerDetailsQuery.cs.cs	00df88f9c567	docs/knowledge-graph/_system/_idor-instances.md
Shared/TalabatkApplication/Queries/GetCustomerInfoWithSelectedAddressForDeliveryMan/GetCustomerInfoWithSelectedAddressForDeliveryMan.cs	4a2b01c4ad20	docs/knowledge-graph/_system/_idor-instances.md
Shared/TalabatkApplication/Queries/GetCustomerOrderHistoryQuery/CustomerOrderHistoryDto.cs	6d58a6cc37c6	docs/knowledge-graph/_system/_conflicts.md
Shared/TalabatkApplication/Queries/GetCustomerOrdersReport/GetCustomerOrdersReportQuery.cs	aa22930ccd75	docs/knowledge-graph/_system/_conflicts.md
Shared/TalabatkApplication/Queries/GetCustomerRecentMerchantsByStoreTypeQuery/GetCustomerRecentMerchantsByStoreTypeQuery.cs	419878a7796a	docs/knowledge-graph/_system/_conflicts.md
Shared/TalabatkApplication/Queries/GetCustomerTieredDiscountQuery/GetCustomerTieredDiscountQuery.cs	6b071f1b5edb	docs/knowledge-graph/Customer Ordering/Tiered Discount/TieredDiscount/TieredDiscount.technical.md
Shared/TalabatkApplication/Queries/GetCustomerTieredDiscountQuery/GetCustomerTieredDiscountQuery.cs	6b071f1b5edb	docs/knowledge-graph/_system/_integrations.md
Shared/TalabatkApplication/Queries/GetCustomerWalletHistoryReportQuery/GetCustomerWalletHistoryReport.cs	5fd8eb69c39f	docs/knowledge-graph/_system/_conflicts.md
Shared/TalabatkApplication/Queries/GetCustomerWalletQuery/GetCustomerWalletBalanceQuery.cs	bfb6e2bc5e1e	docs/knowledge-graph/Customer Ordering/Cart & Checkout/Wallet-and-PaymentMethod.md
Shared/TalabatkApplication/Queries/GetCustomersLoyaltyPoints/GetCustomersLoyaltyPointsQuery.cs	b5010aa7c528	docs/knowledge-graph/_system/_conflicts.md
Shared/TalabatkApplication/Queries/GetDeliveryManOrdersByStatusQuery/GetDeliveryManOrdersByStatusOptimizedQuery.cs	f40c4ab054b1	docs/knowledge-graph/_system/_conflicts.md
Shared/TalabatkApplication/Queries/GetDeliveryManOrdersByStatusQuery/GetDeliveryManOrdersByStatusQuery.cs	afb5074b5d9f	docs/knowledge-graph/_system/_idor-instances.md
Shared/TalabatkApplication/Queries/GetDeliveryManOrdersByStatusQuery/GetDeliveryManOrdersByStatusQueryV1.cs	e8e8de09eb98	docs/knowledge-graph/_system/_conflicts.md
Shared/TalabatkApplication/Queries/GetDeliveryManShiftDeliveryBounsQuery/GetDeliveryManShiftDeliveryBounsQuery.cs	798a3e8cb23f	docs/knowledge-graph/Delivery/Driver Cash & Compensation/Driver-Cash-Cycle.technical.md
Shared/TalabatkApplication/Queries/GetDeliveryManShiftDeliveryBounsQuery/GetDeliveryManShiftDeliveryBounsQuery.cs	798a3e8cb23f	docs/knowledge-graph/_system/_conflicts.md
Shared/TalabatkApplication/Queries/GetDeliveryMenLookUpQuery/DeliveryManTagBoxQuery.cs	dd7977c2861e	docs/knowledge-graph/_system/_conflicts.md
Shared/TalabatkApplication/Queries/GetDeliveryMenReportQuery/GetDeliveryMenReportQuery.cs	39e75058d97f	docs/knowledge-graph/_system/_idor-instances.md
Shared/TalabatkApplication/Queries/GetDeliveryMenTransactionsQuery/GetDeliveryMenTransactionsQuery.cs	5f07e38a72ba	docs/knowledge-graph/_system/_conflicts.md
Shared/TalabatkApplication/Queries/GetDeliveryMenbalanceQuery/GetDeliveryMenBalanceQuery.cs	a94ef8cc1c39	docs/knowledge-graph/_system/_conflicts.md
Shared/TalabatkApplication/Queries/GetEntityLogHistoryQuery/GetEntityLogHistoryQuery.cs	958c6568913a	docs/knowledge-graph/_system/_conflicts.md
Shared/TalabatkApplication/Queries/GetExternalCustomerDetailsQuery/GetExternalCustomerDetailsQuery.cs	c2ad9691b8c8	docs/knowledge-graph/_system/_idor-instances.md
Shared/TalabatkApplication/Queries/GetFavouriteItemsQueryV2/GetFavouriteItemsQueryV2.cs	c72aa7620291	docs/knowledge-graph/_system/_conflicts.md
Shared/TalabatkApplication/Queries/GetFavouritePlacesV1Query/GetFavouritePlacesV1Query.cs	42d8f5d45360	docs/knowledge-graph/_system/_conflicts.md
Shared/TalabatkApplication/Queries/GetFawryPaidTransctionsByDate/GetFawryPaidTransctionsByDate.cs	d76d0fdaae1e	docs/knowledge-graph/Customer Ordering/Payments/Fawry/Fawry.technical.md
Shared/TalabatkApplication/Queries/GetFawryPaidTransctionsByDate/GetFawryPaidTransctionsByDate.cs	d76d0fdaae1e	docs/knowledge-graph/_system/_conflicts.md
Shared/TalabatkApplication/Queries/GetFawryTransactionReportQuery/GetFawryTransactionReportQuery.cs	50a595ca2edf	docs/knowledge-graph/Customer Ordering/Payments/Fawry/Fawry.technical.md
Shared/TalabatkApplication/Queries/GetFawryTransactionReportQuery/GetFawryTransactionReportQuery.cs	50a595ca2edf	docs/knowledge-graph/_system/_conflicts.md
Shared/TalabatkApplication/Queries/GetHighestRatedRestaurantsQuery/GetHighestRatedRestaurantsQuery.cs	077e37c997fc	docs/knowledge-graph/_system/_idor-instances.md
Shared/TalabatkApplication/Queries/GetItemDescriptionByCategoryId/GetItemDescriptionByCategoryId.cs	ff0e7c4dfe55	docs/knowledge-graph/_system/_conflicts.md
Shared/TalabatkApplication/Queries/GetItemDetailsByIdQuery.cs	2c6e130586b0	docs/knowledge-graph/_system/_conflicts.md
Shared/TalabatkApplication/Queries/GetMartSearchAutoCompleteQuery/GetMartSearchAutoCompleteQuery.cs	56be2d2e55ea	docs/knowledge-graph/_system/_idor-instances.md
Shared/TalabatkApplication/Queries/GetMaxDeliveryFeesByResturantIdsQuery/GetMaxDeliveryFeesByResturantIdsQuery.cs	0cd309ae2d5e	docs/knowledge-graph/_system/_conflicts.md
Shared/TalabatkApplication/Queries/GetMaxDeliveryFeesWithServicesFeesQuery/GetMaxDeliveryFeesWithServicesFeesQuery.cs	960c3f219372	docs/knowledge-graph/Identity & Access/Customer Identity/Customer-Account-Lifecycle.technical.md
Shared/TalabatkApplication/Queries/GetMenuCategoriesToTransferQuery/GetMenuCategoriesToTransferQuery.cs	86b3de9fadd8	docs/knowledge-graph/_system/_idor-instances.md
Shared/TalabatkApplication/Queries/GetMerchantBalanceQuery/GetMerchantBalanceQuery.cs	5084ffaf9098	docs/knowledge-graph/_system/_conflicts.md
Shared/TalabatkApplication/Queries/GetMerchantCapacityHours/GetMerchantCapacityHoursQuery.cs	77199880b218	docs/knowledge-graph/Identity & Access/Restaurant & Admin User Identity/Permission/Permission.technical.md
Shared/TalabatkApplication/Queries/GetMerchantCapacityHours/GetMerchantCapacityHoursQuery.cs	77199880b218	docs/knowledge-graph/_system/_conflicts.md
Shared/TalabatkApplication/Queries/GetMerchantTotalReportFromMerchantQuery/GetMerchantTotalReportQueryFromMerchant.cs	c5bbf678981b	docs/knowledge-graph/_system/_conflicts.md
Shared/TalabatkApplication/Queries/GetMerchantTotalReportQuery/GetMerchantTotalQuery.cs	e7325249fb86	docs/knowledge-graph/_system/_conflicts.md
Shared/TalabatkApplication/Queries/GetMerchantTransactionQuery/GetMerchantTransactionQuery.cs	64a971052d08	docs/knowledge-graph/_system/_conflicts.md
Shared/TalabatkApplication/Queries/GetNearestByStoreTypeQuery/GetNearestByStoreTypeQuery.cs	9f3fa49fd33e	docs/knowledge-graph/_system/_conflicts.md
Shared/TalabatkApplication/Queries/GetOrderListQuery/SearchOrderByCodeQuery.cs	0f653fe1e8b1	docs/knowledge-graph/_system/_idor-instances.md
Shared/TalabatkApplication/Queries/GetOrderLocationsByOrderIdQuery/GetOrderLocationsByOrderIdQuery.cs	8dc7e01b166c	docs/knowledge-graph/_system/_conflicts.md
Shared/TalabatkApplication/Queries/GetOrderPaymentDetailsQuery/GetOrderPaymentDetailsQuery.cs	e29afec6e3fb	docs/knowledge-graph/_system/_conflicts.md
Shared/TalabatkApplication/Queries/GetOrdersByRestaurantIdsQuery/GetOrdersByRestaurantIdsQuery.cs	80317cab8892	docs/knowledge-graph/_system/_idor-instances.md
Shared/TalabatkApplication/Queries/GetPendingAutoAssignRequestQuery/GetPendingAutoAssignRequestQuery.cs	52877a7fa1cf	docs/knowledge-graph/_system/_conflicts.md
Shared/TalabatkApplication/Queries/GetPendingOrdersWithPendingOnlinePaymentQuery/GetPendingOrdersWithPendingOnlinePaymentQuery.cs	fd390595f65b	docs/knowledge-graph/_system/_conflicts.md
Shared/TalabatkApplication/Queries/GetRestaurantBusyByIdsQuery/GetRestaurantBusyByIdsQuery.cs	055a524231a2	docs/knowledge-graph/_system/_idor-instances.md
Shared/TalabatkApplication/Queries/GetRestaurantCookingOrdersQuery/GetRestaurantCookingOrdersV2Query.cs	47cc5b4d50b3	docs/knowledge-graph/_system/_idor-instances.md
Shared/TalabatkApplication/Queries/GetRestaurantCookingTimesQuery/GetRestaurantCookingTimesQuery.cs	2ddb1b5dc0ba	docs/knowledge-graph/_system/_conflicts.md
Shared/TalabatkApplication/Queries/GetRestaurantExternalCustomersQuery/GetRestaurantExternalCustomersQuery.cs	612867ef487e	docs/knowledge-graph/_system/_conflicts.md
Shared/TalabatkApplication/Queries/GetRestaurantItemAvalibleMeter/GetRestaurantItemAvalibleMeter.cs	3709dc22c757	docs/knowledge-graph/_system/_conflicts.md
Shared/TalabatkApplication/Queries/GetRestaurantMenuItemActivityQuery/GetRestaurantMenuItemActivityQuery.cs	51cbba0c63e6	docs/knowledge-graph/Restaurant Portal/Merchant Finance & Reporting/_knowledge-graph.md
Shared/TalabatkApplication/Queries/GetRestaurantMenuItemActivityQuery/GetRestaurantMenuItemActivityQuery.cs	51cbba0c63e6	docs/knowledge-graph/Restaurant Portal/Merchant Finance & Reporting/_scenarios.md
Shared/TalabatkApplication/Queries/GetRestaurantOfferByIdQuery/GetRestaurantOfferByIdQuery.cs	b78b9be6dc73	docs/knowledge-graph/_system/_conflicts.md
Shared/TalabatkApplication/Queries/GetRestaurantReviewByIdQuery/GetRestaurantReviewByIdQuery.cs	2f6b3e2e8959	docs/knowledge-graph/_system/_idor-instances.md
Shared/TalabatkApplication/Queries/GetRestaurantWorkingDaysQuery/GetRestaurantWorkingDaysQuery.cs	1a4e1d3a1aa1	docs/knowledge-graph/_system/_conflicts.md
Shared/TalabatkApplication/Queries/GetRestaurantsLocationsHeatmapQuery/GetRestaurantsLocationsHeatmapQuery.cs	4f604adc70f2	docs/knowledge-graph/_system/_conflicts.md
Shared/TalabatkApplication/Queries/GetResturantOffersQuery/GetResturantOffersQuery.cs	e887939767be	docs/knowledge-graph/_system/_conflicts.md
Shared/TalabatkApplication/Queries/GetSailsDailyCompensationDetailsQuery/GetSailsDailyCompensationDetailsQuery.cs	d300de052213	docs/knowledge-graph/_system/_conflicts.md
Shared/TalabatkApplication/Queries/GetSuggestionCity/GetSuggestionCityQuery.cs	8559d2715ffc	docs/knowledge-graph/_system/_conflicts.md
Shared/TalabatkApplication/Queries/GetSuggestionCity/GetSuggestionCityQuery.cs	8559d2715ffc	docs/knowledge-graph/_system/_idor-instances.md
Shared/TalabatkApplication/Queries/GetTheNearestQuery/GetTheNearestQuery.cs	da0abc8c73ec	docs/knowledge-graph/_system/_idor-instances.md
Shared/TalabatkApplication/Queries/GetTheNewPlacesQuery/GetTheNewPlacesQuery.cs	61feff444830	docs/knowledge-graph/_system/_conflicts.md
Shared/TalabatkApplication/Queries/GetTieredDiscountByIdQuery/GetTieredDiscountByIdQuery.cs	da39a3ee5e6b	docs/knowledge-graph/_system/_conflicts.md
Shared/TalabatkApplication/Queries/GetTipsConfigurationQuery/GetTipsConfigurationQuery.cs	0bfb15760aa3	docs/knowledge-graph/_system/_conflicts.md
Shared/TalabatkApplication/Queries/GetTopSearchedItemsInRestaurantQuery/GetTopSearchedItemsInRestaurantQuery.cs	2c02ca25a1ed	docs/knowledge-graph/_system/_conflicts.md
Shared/TalabatkApplication/Queries/GetTotalDeliveryManStatement/GetTotalDeliveryManStatementQuery.cs	c4eb32691a83	docs/knowledge-graph/_system/_conflicts.md
Shared/TalabatkApplication/Queries/GetTotalWalletTransactionHistoryQuery/GetAllWalletTransactionHistoryQuery.cs	d8e29545ce35	docs/knowledge-graph/_system/_conflicts.md
Shared/TalabatkApplication/Queries/GetTrackingAppReport/GetTrackingAppReport.cs	6419ad8739b9	docs/knowledge-graph/_system/_conflicts.md
Shared/TalabatkApplication/Queries/GetUpsellingItemsIntoCartQuery/GetUpSellingItemsIntoCart.cs	8c58d4cd522f	docs/knowledge-graph/Identity & Access/Customer Identity/Customer-Account-Lifecycle.technical.md
Shared/TalabatkApplication/Queries/GetUserActiveHoursReportQuery/UserActiveHoursReportQuery.cs	490b2a4924f3	docs/knowledge-graph/Identity & Access/Restaurant & Admin User Identity/Permission/Permission.technical.md
Shared/TalabatkApplication/Queries/GetUserActiveHoursReportQuery/UserActiveHoursReportQuery.cs	490b2a4924f3	docs/knowledge-graph/_system/_conflicts.md
Shared/TalabatkApplication/Queries/GetUserPermissionsQuery/GetUserPermissionsQuery.cs	5e07172d7576	docs/knowledge-graph/Identity & Access/Restaurant & Admin User Identity/Permission/Permission.technical.md
Shared/TalabatkApplication/Queries/GetUserPermissionsQuery/GetUserPermissionsQuery.cs	5e07172d7576	docs/knowledge-graph/_system/_conflicts.md
Shared/TalabatkApplication/Queries/GetUserPreferencesQuery/GetUserPreferencesQuery.cs	455084bc1091	docs/knowledge-graph/_system/_conflicts.md
Shared/TalabatkApplication/Queries/GettAllRejectedOrderByDateQuery/GetAllRejectedOrdersByDateQuery.cs	e6cbe7c1bb35	docs/knowledge-graph/_system/_conflicts.md
Shared/TalabatkApplication/Queries/GettAllRejectedOrderByDateQuery/GetAllRejectedOrdersByDateV2Query.cs	4bc3a71d936a	docs/knowledge-graph/_system/_conflicts.md
Shared/TalabatkApplication/Queries/ItemById/ItemByIdQuery.cs	0a8eaa9bd1b5	docs/knowledge-graph/_system/_conflicts.md
Shared/TalabatkApplication/Queries/MenuItemPricebyIdQuery/MenuItemPricebyIdQuery.cs	767d65081a29	docs/knowledge-graph/_system/_conflicts.md
Shared/TalabatkApplication/Queries/MerchantDashboardQueries/GetAvoidableWaitTimeChartDataQuery.cs	6bb8ca679f53	docs/knowledge-graph/_system/_idor-instances.md
Shared/TalabatkApplication/Queries/MerchantDashboardQueries/GetCustomerCancellationChartDataQuery.cs	1a5f91283542	docs/knowledge-graph/_system/_idor-instances.md
Shared/TalabatkApplication/Queries/MerchantDashboardQueries/GetRejectionRateChartDataQuery.cs	f6bc2b0c53fb	docs/knowledge-graph/_system/_idor-instances.md
Shared/TalabatkApplication/Queries/MerchantDashboardQueries/GetUnavailableTimeChartDataQuery.cs	44f5ac0ff6e5	docs/knowledge-graph/_system/_idor-instances.md
Shared/TalabatkApplication/Queries/MerchantDashboardQueries/Shared/ChartQueryValidator.cs	da286d1634a3	docs/knowledge-graph/_system/_idor-instances.md
Shared/TalabatkApplication/Queries/Orders/GetOrderDetailsByIdQuery.cs	4860bdaac792	docs/knowledge-graph/_system/_conflicts.md
Shared/TalabatkApplication/Queries/PerformanceTrackingReportQuery/PerformanceTrackingReportQuery.cs	9ef652193f26	docs/knowledge-graph/_system/_conflicts.md
Shared/TalabatkApplication/Queries/PromoCodeReportDetailsQuery/PromoCodeReportDetailsQuery.cs	6aed0e9c11b4	docs/knowledge-graph/_system/_conflicts.md
Shared/TalabatkApplication/Queries/RestaurantInfoByRestuarantId/RestaurantInfoByRestaurantIdQuery.cs	dacf1684f300	docs/knowledge-graph/Customer Ordering/Restaurant & Menu Discovery/Restaurant/Restaurant.technical.md
Shared/TalabatkApplication/Queries/RestaurantOrderSummaryQuery/RestaurantOrderSummaryQuery.cs	91e4f6a43969	docs/knowledge-graph/_system/_idor-instances.md
Shared/TalabatkApplication/Queries/RestaurantOrderSummaryV2Query/RestaurantOrderSummaryV2Query.cs	1f5cffb86f4c	docs/knowledge-graph/Restaurant Portal/Menu & Order Management/Merchant-Menu-and-Orders.technical.md
Shared/TalabatkApplication/Queries/RestaurantOrderSummaryV2Query/RestaurantOrderSummaryV2Query.cs	1f5cffb86f4c	docs/knowledge-graph/_system/_idor-instances.md
Shared/TalabatkApplication/Queries/ResturantOrderDetailsQuery/ResturantOrderDetailsQuery.cs	a76bdf359659	docs/knowledge-graph/_system/_conflicts.md
Shared/TalabatkApplication/Queries/SearchForItemInHomePageWithElasticQuery/SearchForItemInHomePageWithElasticQuery.cs	b85edbd50281	docs/knowledge-graph/_system/_conflicts.md
Shared/TalabatkApplication/Queries/SearchItemHomePageQuery/SearchItemQuery.cs	13afb0afd053	docs/knowledge-graph/_system/_conflicts.md
Shared/TalabatkApplication/Queries/SliderHomeQuery/SliderHomeQuery.cs	1d95313ece1f	docs/knowledge-graph/_system/_conflicts.md
Shared/TalabatkApplication/Queries/TrakingOrderQuery/TrackingOrderQuery.cs	dcd1d8422ea4	docs/knowledge-graph/_system/_conflicts.md
Shared/TalabatkApplication/Queries/ValidateCustomerAddressQuery/ValidateOrderAddressChangeQuery.cs	bc3770566db9	docs/knowledge-graph/Identity & Access/Customer Identity/CustomerAddress/CustomerAddress.technical.md
Shared/TalabatkApplication/Queries/ValidateCustomerAddressQuery/ValidateOrderAddressChangeQuery.cs	bc3770566db9	docs/knowledge-graph/_system/_conflicts.md
Shared/TalabatkApplication/Queries/ValidateCustomerCartQuery/ValidateCustomerCartQuery.cs	fa4c00cca432	docs/knowledge-graph/Customer Ordering/Cart & Checkout/Cart-and-Checkout-Validation.technical.md
Shared/TalabatkApplication/Queries/ValidateCustomerCartQuery/ValidateCustomerCartQuery.cs	fa4c00cca432	docs/knowledge-graph/_system/_conflicts.md
Shared/TalabatkApplication/Queries/ValidateExpectedDeliveryTimeFromDelayedOrderQuery/ValidateExpectedDeliveryTimeFromDelayedOrderQuery.cs	0e727c7a78a2	docs/knowledge-graph/_system/_conflicts.md
Shared/TalabatkApplication/Services/BreakCleanupService.cs	d2c389f559a6	docs/knowledge-graph/Delivery/Delivery Man Operations/Driver-Operations.technical.md
Shared/TalabatkApplication/Services/CustomerAdminChatBotServices/FAQBotServices/CustomerAdminFaqBotService.cs	a2bf917c7112	docs/knowledge-graph/Customer Ordering/Support & Chat/Support-and-Chat.technical.md
Shared/TalabatkApplication/Services/GuestCustomerResolver/IResolveGuestCustomerService.cs	32894f28bb55	docs/knowledge-graph/Identity & Access/Customer Identity/Customer-Account-Lifecycle.technical.md
Shared/TalabatkApplication/Services/GuestCustomerResolver/ResolveGuestCustomerService.cs	03427d4e316d	docs/knowledge-graph/Customer Ordering/Support & Chat/_scenarios.md
Shared/TalabatkApplication/Services/GuestCustomerResolver/ResolveGuestCustomerService.cs	03427d4e316d	docs/knowledge-graph/Identity & Access/Customer Identity/Customer-Account-Lifecycle.technical.md
Shared/TalabatkApplication/Services/GuestCustomerResolver/ResolveGuestCustomerService.cs	03427d4e316d	docs/knowledge-graph/Identity & Access/Customer Identity/CustomerAddress/CustomerAddress.technical.md
Shared/TalabatkApplication/Services/MartQuantityValidationService.cs	085c128a5b0d	docs/knowledge-graph/Customer Ordering/Cart & Checkout/Cart-and-Checkout-Validation.technical.md
Shared/TalabatkApplication/Services/MartQuantityValidationService.cs	085c128a5b0d	docs/knowledge-graph/Restaurant Portal/Menu & Order Management/Merchant-Menu-and-Orders.technical.md
Shared/TalabatkApplication/Services/MartQuantityValidationService.cs	085c128a5b0d	docs/knowledge-graph/_system/_conflicts.md
Shared/TalabatkApplication/Services/MartQuantityValidationService.cs	085c128a5b0d	docs/knowledge-graph/_system/_integrations.md
Shared/TalabatkApplication/Services/MartQuantityValidationService.cs	085c128a5b0d	docs/knowledge-graph/_system/_system-index.md
Shared/TalabatkApplication/Services/OnlinePaymentRefundService.cs	3fda660302d5	docs/knowledge-graph/Customer Ordering/Order & Fulfilment/Cancellation-and-Refund.technical.md
Shared/TalabatkApplication/Services/OnlinePaymentRefundService.cs	3fda660302d5	docs/knowledge-graph/Customer Ordering/Payments/PayMob/PayMob.technical.md
Shared/TalabatkApplication/Services/OnlinePaymentRefundService.cs	3fda660302d5	docs/knowledge-graph/_system/_entity-index.md
Shared/TalabatkApplication/TieredDiscounts/Commands/AddTieredDiscount/AddTieredDiscountCommandValidator.cs	03a1019d9766	docs/knowledge-graph/Customer Ordering/Tiered Discount/TieredDiscount/TieredDiscount.technical.md
Shared/TalabatkApplication/TieredDiscounts/Commands/AddTieredDiscount/AddTieredDiscountCommandValidator.cs	03a1019d9766	docs/knowledge-graph/Customer Ordering/Tiered Discount/_scenarios.md
Shared/TalabatkApplication/TieredDiscounts/Commands/AddTieredDiscount/AddTieredDiscountCommandValidator.cs	03a1019d9766	docs/knowledge-graph/_system/_conflicts.md
Shared/TalabatkApplication/TieredDiscounts/Commands/UpdateTieredDiscountActivityCommand/UpdateTieredDiscountActivityCommand.cs	a9cd6bb31d01	docs/knowledge-graph/Customer Ordering/Tiered Discount/TieredDiscount/TieredDiscount.technical.md
Shared/TalabatkApplication/TieredDiscounts/Commands/UpdateTieredDiscountActivityCommand/UpdateTieredDiscountActivityCommand.cs	a9cd6bb31d01	docs/knowledge-graph/Customer Ordering/Tiered Discount/_scenarios.md
Shared/TalabatkApplication/TieredDiscounts/Queries/GetVoucherByIdQuery/GetTieredDiscountByIdQuery.cs	99dbba93233e	docs/knowledge-graph/Customer Ordering/Tiered Discount/TieredDiscount/TieredDiscount.technical.md
Shared/TalabatkApplication/TimeOutRequestsCashing/IntialTimeOutRequestCounterService.cs	7298e77a6e34	docs/knowledge-graph/_system/_conflicts.md
Shared/TalabatkApplication/TimeOutRequestsCashing/RushModeEndCheckerService.cs	b488a3b4bc81	docs/knowledge-graph/Admin/City & Geography Administration/_scenarios.md
Shared/TalabatkApplication/TimeOutRequestsCashing/RushModeEndCheckerService.cs	b488a3b4bc81	docs/knowledge-graph/_system/_conflicts.md
Shared/TalabatkData/AccflexLogisticService/LogisticService.cs	f9c9b361d51c	docs/knowledge-graph/_system/_conflicts.md
Shared/TalabatkData/BitrixIntegration/BitrixIntegrationService.cs	1e9cc67150a0	docs/knowledge-graph/_system/_integrations.md
Shared/TalabatkData/CalculateDeliveryBounsService/DeliveryBounsCalculationService.cs	f6eefb3f7b77	docs/knowledge-graph/Delivery/Driver Cash & Compensation/Driver-Cash-Cycle.technical.md
Shared/TalabatkData/CalculateDeliveryBounsService/DeliveryBounsCalculationService.cs	f6eefb3f7b77	docs/knowledge-graph/_system/_conflicts.md
Shared/TalabatkData/Cassandra/BotPerformanceReportRepository.cs	681b9924bf09	docs/knowledge-graph/_system/_conflicts.md
Shared/TalabatkData/Cassandra/CassandraInitializer.cs	3eac18f75fce	docs/knowledge-graph/_system/_conflicts.md
Shared/TalabatkData/Cassandra/ChatReportRepository.cs	540820122447	docs/knowledge-graph/Admin/Chat Administration/_knowledge-graph.md
Shared/TalabatkData/Cassandra/ChatReportRepository.cs	540820122447	docs/knowledge-graph/Admin/Chat Administration/_scenarios.md
Shared/TalabatkData/Cassandra/ChatReportRepository.cs	540820122447	docs/knowledge-graph/_system/_conflicts.md
Shared/TalabatkData/Cassandra/Mappers/ChatReportRowMapper.cs	252fbdfa8fd3	docs/knowledge-graph/_system/_conflicts.md
Shared/TalabatkData/Cassandra/Mappers/CustomerAdminChatMapper.cs	caa44f0e5a0f	docs/knowledge-graph/_system/_conflicts.md
Shared/TalabatkData/Cassandra/Mappers/CustomerAdminChatMessageMapper.cs	1f702c194d73	docs/knowledge-graph/_system/_conflicts.md
Shared/TalabatkData/ChatContext/ChatContext.cs	c4745ce3f24a	docs/knowledge-graph/Admin/Chat Administration/_knowledge-graph.md
Shared/TalabatkData/ChatContext/ChatContext.cs	c4745ce3f24a	docs/knowledge-graph/Admin/Chat Administration/_scenarios.md
Shared/TalabatkData/ChatContext/ChatContext.cs	c4745ce3f24a	docs/knowledge-graph/Customer Ordering/Support & Chat/Support-and-Chat.technical.md
Shared/TalabatkData/ChatContext/ChatContext.cs	c4745ce3f24a	docs/knowledge-graph/_system/_conflicts.md
Shared/TalabatkData/ChatContextV2/ChatContextV2.CustomerAdminChat.cs	3ea3d8f655e6	docs/knowledge-graph/Customer Ordering/Support & Chat/Support-and-Chat.technical.md
Shared/TalabatkData/ChatContextV2/ChatContextV2.DeliveryManAdminChat.cs	2cbe644cd3a6	docs/knowledge-graph/Customer Ordering/Support & Chat/Support-and-Chat.technical.md
Shared/TalabatkData/ChatContextV2/ChatContextV2.DeliveryManAdminChat.cs	2cbe644cd3a6	docs/knowledge-graph/_system/_idor-instances.md
Shared/TalabatkData/ChatContextV2/ChatContextV2.cs	1f4b48ca3abb	docs/knowledge-graph/Customer Ordering/Support & Chat/Support-and-Chat.technical.md
Shared/TalabatkData/ChatContextV2/ChatContextV2.cs	1f4b48ca3abb	docs/knowledge-graph/_system/_idor-instances.md
Shared/TalabatkData/DeliverymenCache.cs	92c2df60fd6e	docs/knowledge-graph/_system/_conflicts.md
Shared/TalabatkData/DistributedPriorityQueue.cs	8f1f0673c9c1	docs/knowledge-graph/_system/_conflicts.md
Shared/TalabatkData/DistributedSet.cs	0b925d11d426	docs/knowledge-graph/_system/_conflicts.md
Shared/TalabatkData/ElasticSerarchServices/CachingEmbeddingService.cs	b5fff5480eea	docs/knowledge-graph/Customer Ordering/Restaurant & Menu Discovery/Search/Search.technical.md
Shared/TalabatkData/ElasticSerarchServices/CachingEmbeddingService.cs	b5fff5480eea	docs/knowledge-graph/_system/_conflicts.md
Shared/TalabatkData/ElasticSerarchServices/ElasticHybridSearchOptions.cs	a6501d8e15d1	docs/knowledge-graph/Customer Ordering/Restaurant & Menu Discovery/Search/Search.technical.md
Shared/TalabatkData/ElasticSerarchServices/ElasticSearchConfiguration.cs	b4fdbc29d923	docs/knowledge-graph/Customer Ordering/Restaurant & Menu Discovery/Search/Search.technical.md
Shared/TalabatkData/ElasticSerarchServices/ElasticSearchConfiguration.cs	b4fdbc29d923	docs/knowledge-graph/_system/_conflicts.md
Shared/TalabatkData/ElasticSerarchServices/ElasticSearchServices.ItemHybrid.cs	0abb0deaa4c9	docs/knowledge-graph/Customer Ordering/Restaurant & Menu Discovery/Search/Search.technical.md
Shared/TalabatkData/ElasticSerarchServices/ElasticSearchServices.ItemHybrid.cs	0abb0deaa4c9	docs/knowledge-graph/_system/_conflicts.md
Shared/TalabatkData/ElasticSerarchServices/ElasticSearchServices.ItemIndexing.cs	0af77b072346	docs/knowledge-graph/_system/_conflicts.md
Shared/TalabatkData/ElasticSerarchServices/ElasticSearchServices.UnifiedSearchScoring.cs	1adebe317a59	docs/knowledge-graph/Customer Ordering/Restaurant & Menu Discovery/Search/Search.technical.md
Shared/TalabatkData/ElasticSerarchServices/ElasticSearchServices.UnifiedSearchScoring.cs	1adebe317a59	docs/knowledge-graph/_system/_conflicts.md
Shared/TalabatkData/ElasticSerarchServices/ElasticSearchServices.cs	832f036aa0b8	docs/knowledge-graph/Customer Ordering/Restaurant & Menu Discovery/Search/Search.technical.md
Shared/TalabatkData/ElasticSerarchServices/ElasticSearchServices.cs	832f036aa0b8	docs/knowledge-graph/_system/_conflicts.md
Shared/TalabatkData/ElasticSerarchServices/ItemElasticModel.cs	6327f0eddbc8	docs/knowledge-graph/Customer Ordering/Restaurant & Menu Discovery/Search/Search.technical.md
Shared/TalabatkData/ElasticSerarchServices/ItemHybridRrfMerge.cs	0abb2b9c4cc2	docs/knowledge-graph/Customer Ordering/Restaurant & Menu Discovery/Search/Search.technical.md
Shared/TalabatkData/ElasticSerarchServices/MerchantSearchScoringService.cs	98dbbfa26bee	docs/knowledge-graph/Customer Ordering/Restaurant & Menu Discovery/Search/Search.technical.md
Shared/TalabatkData/ElasticSerarchServices/MerchantSearchScoringService.cs	98dbbfa26bee	docs/knowledge-graph/_system/_conflicts.md
Shared/TalabatkData/ElasticSerarchServices/OllamaEmbeddingService.cs	622de76d6e44	docs/knowledge-graph/Customer Ordering/Restaurant & Menu Discovery/Search/Search.technical.md
Shared/TalabatkData/ElasticSerarchServices/RestaurantElasticModel.cs	c4da8ed400e4	docs/knowledge-graph/Customer Ordering/Restaurant & Menu Discovery/Search/Search.technical.md
Shared/TalabatkData/ElasticSerarchServices/SearchScoringOptions.cs	5af34e6b086d	docs/knowledge-graph/_system/_conflicts.md
Shared/TalabatkData/FawryCashCollectionService/FawryCashCollectionService.cs	fb2c3d4c4d3d	docs/knowledge-graph/Customer Ordering/Payments/Fawry/Fawry.technical.md
Shared/TalabatkData/FawryCashCollectionService/FawryCashCollectionService.cs	fb2c3d4c4d3d	docs/knowledge-graph/Delivery/Delivery Support & Chat/_scenarios.md
Shared/TalabatkData/FawryCashCollectionService/FawryCashCollectionService.cs	fb2c3d4c4d3d	docs/knowledge-graph/Delivery/Driver Cash & Compensation/Driver-Cash-Cycle.technical.md
Shared/TalabatkData/FawryCashCollectionService/FawryCashCollectionService.cs	fb2c3d4c4d3d	docs/knowledge-graph/Delivery/Driver Cash & Compensation/_knowledge-graph.md
Shared/TalabatkData/FawryCashCollectionService/FawryCashCollectionService.cs	fb2c3d4c4d3d	docs/knowledge-graph/Delivery/Driver Cash & Compensation/_scenarios.md
Shared/TalabatkData/FawryCashCollectionService/FawryCashCollectionService.cs	fb2c3d4c4d3d	docs/knowledge-graph/_system/_conflicts.md
Shared/TalabatkData/FawryCashCollectionService/FawryCashCollectionService.cs	fb2c3d4c4d3d	docs/knowledge-graph/_system/_integrations.md
Shared/TalabatkData/FawryService/FawryService.cs	c8ddebf907c3	docs/knowledge-graph/Customer Ordering/Payments/Fawry/Fawry.technical.md
Shared/TalabatkData/FawryService/FawryService.cs	c8ddebf907c3	docs/knowledge-graph/_system/_integrations.md
Shared/TalabatkData/FeatureFlag/RedisFeatureFlagCache.cs	3d9e9aa95a6b	docs/knowledge-graph/_system/_conflicts.md
Shared/TalabatkData/GoogleMapServices/GoogleMapService.cs	a29d0c367e04	docs/knowledge-graph/_system/_integrations.md
Shared/TalabatkData/HangfireBridge.cs	526f96ee4cc0	docs/knowledge-graph/_system/_conflicts.md
Shared/TalabatkData/HangfireBridge.cs	526f96ee4cc0	docs/knowledge-graph/_system/_integrations.md
Shared/TalabatkData/Mapping/ApplicationMap.cs	b212dec1c3c0	docs/knowledge-graph/_system/_conflicts.md
Shared/TalabatkData/Mapping/CityBreakConfigurationMap.cs	0b2ae15f3be5	docs/knowledge-graph/Admin/City & Geography Administration/CityBreakConfiguration.md
Shared/TalabatkData/Mapping/CustomerAddressesMap.cs	254a427fd3f9	docs/knowledge-graph/Identity & Access/Customer Identity/CustomerAddress/CustomerAddress.technical.md
Shared/TalabatkData/Mapping/CustomerCartMaping.cs	3b461ef795ef	docs/knowledge-graph/Customer Ordering/Cart & Checkout/CustomerCart/CustomerCart.technical.md
Shared/TalabatkData/Mapping/CustomerCartMaping.cs	3b461ef795ef	docs/knowledge-graph/_system/_conflicts.md
Shared/TalabatkData/Mapping/CustomerCartMaping.cs	3b461ef795ef	docs/knowledge-graph/_system/_round4-delivery.md
Shared/TalabatkData/Mapping/CustomerCartMaping.cs	3b461ef795ef	docs/knowledge-graph/_system/_system-index.md
Shared/TalabatkData/Mapping/CustomerMap.cs	5ec0075f81d7	docs/knowledge-graph/Identity & Access/Customer Identity/Customer/Customer.technical.md
Shared/TalabatkData/Mapping/CustomerMap.cs	5ec0075f81d7	docs/knowledge-graph/_system/_conflicts.md
Shared/TalabatkData/Mapping/CustomerMap.cs	5ec0075f81d7	docs/knowledge-graph/_system/_round4-delivery.md
Shared/TalabatkData/Mapping/CustomerTipsConfigMaping.cs	47f8391fb7c8	docs/knowledge-graph/_system/_conflicts.md
Shared/TalabatkData/Mapping/DeliveryMenMap.cs	b94b33c2dab5	docs/knowledge-graph/Customer Ordering/Payments/Fawry/Fawry.technical.md
Shared/TalabatkData/Mapping/DeliveryMenMap.cs	b94b33c2dab5	docs/knowledge-graph/Identity & Access/Delivery Man Identity/DeliveryMen/DeliveryMen.technical.md
Shared/TalabatkData/Mapping/DeliveryMenMap.cs	b94b33c2dab5	docs/knowledge-graph/_system/_conflicts.md
Shared/TalabatkData/Mapping/ExternalCustomerAdressMaping.cs	6b97b9ae8814	docs/knowledge-graph/_system/_conflicts.md
Shared/TalabatkData/Mapping/FawryCashCollectionTransactionMapping.cs	88489d0f27a8	docs/knowledge-graph/Customer Ordering/Payments/Fawry/Fawry.technical.md
Shared/TalabatkData/Mapping/FawryTransactionMapping.cs	8543e8bac875	docs/knowledge-graph/Customer Ordering/Payments/Fawry/Fawry.technical.md
Shared/TalabatkData/Mapping/LoyaltyConfigAuditLogMap.cs	546367cc2429	docs/knowledge-graph/_system/_conflicts.md
Shared/TalabatkData/Mapping/MenuCategoryDescriptionMap.cs	0dee0e90cc60	docs/knowledge-graph/_system/_conflicts.md
Shared/TalabatkData/Mapping/PayMobTransctionMap.cs	1b6010d4dd7f	docs/knowledge-graph/Customer Ordering/Payments/PayMob/PayMob.technical.md
Shared/TalabatkData/Mapping/PaymentMethodCountriesMap.cs	0e3a1c4930ba	docs/knowledge-graph/Admin/Order & Customer Administration/PaymentMethod.md
Shared/TalabatkData/Mapping/PaymentMethodMap.cs	a74b576a2f84	docs/knowledge-graph/Admin/Order & Customer Administration/PaymentMethod.md
Shared/TalabatkData/Mapping/PermissionMap.cs	5570aed5b1bc	docs/knowledge-graph/Identity & Access/Restaurant & Admin User Identity/Permission/Permission.technical.md
Shared/TalabatkData/Mapping/PromoCodeMap.cs	58b0e446e217	docs/knowledge-graph/Customer Ordering/Discounts & Coupons/PromoCodes/PromoCodes.technical.md
Shared/TalabatkData/Mapping/PromoCodeMap.cs	58b0e446e217	docs/knowledge-graph/_system/_conflicts.md
Shared/TalabatkData/Mapping/ResturantBusyHistoryMap.cs	8d3bf04d8c86	docs/knowledge-graph/_system/_conflicts.md
Shared/TalabatkData/Mapping/ResturantBusyHistoryMaping.cs	b35dfa235b73	docs/knowledge-graph/_system/_conflicts.md
Shared/TalabatkData/Mapping/TieredDiscountConfigurations/TieredDiscountMap.cs	e127780ffdda	docs/knowledge-graph/Customer Ordering/Tiered Discount/TieredDiscount/TieredDiscount.technical.md
Shared/TalabatkData/Mapping/TieredDiscountConfigurations/TieredDiscountTierMap.cs	5155e83ed54f	docs/knowledge-graph/Customer Ordering/Tiered Discount/TieredDiscountTier.md
Shared/TalabatkData/Migrations/20220321080902_DropColumnPaywithATM.cs	b5ae9d4fd756	docs/knowledge-graph/_system/_conflicts.md
Shared/TalabatkData/Migrations/20230724073240_permissions.cs	2527852d62e0	docs/knowledge-graph/Identity & Access/Restaurant & Admin User Identity/Permission/Permission.technical.md
Shared/TalabatkData/Migrations/20230724094622_initPermissions.cs	d75941757548	docs/knowledge-graph/Identity & Access/Restaurant & Admin User Identity/Permission/Permission.technical.md
Shared/TalabatkData/Migrations/20230726102446_ReportsPermissions.cs	6a3bba07f82d	docs/knowledge-graph/Identity & Access/Restaurant & Admin User Identity/Permission/Permission.technical.md
Shared/TalabatkData/Migrations/20230801063232_AdjustPermissons.cs	ca1b1706ab94	docs/knowledge-graph/Identity & Access/Restaurant & Admin User Identity/Permission/Permission.technical.md
Shared/TalabatkData/Migrations/20231012132918_deleteAreaname.cs	a4cbb0bccd4a	docs/knowledge-graph/_system/_conflicts.md
Shared/TalabatkData/Migrations/20231123122330_AlterPermissionName.cs	692bec4207e8	docs/knowledge-graph/Identity & Access/Restaurant & Admin User Identity/Permission/Permission.technical.md
Shared/TalabatkData/Migrations/20240110113745_payMobTransction.cs	9627b86a6820	docs/knowledge-graph/Customer Ordering/Payments/PayMob/PayMob.technical.md
Shared/TalabatkData/Migrations/20240313091245_deliveryWebsitePermissions.cs	e609c5ba486c	docs/knowledge-graph/Identity & Access/Restaurant & Admin User Identity/Permission/Permission.technical.md
Shared/TalabatkData/Migrations/20250103000001_AddTieredDiscountIdToCartItem.cs	eea62e123801	docs/knowledge-graph/Customer Ordering/Tiered Discount/TieredDiscount/TieredDiscount.technical.md
Shared/TalabatkData/Migrations/20250103000001_AddTieredDiscountIdToCartItem.cs	eea62e123801	docs/knowledge-graph/Customer Ordering/Tiered Discount/_scenarios.md
Shared/TalabatkData/Migrations/20250103000001_AddTieredDiscountIdToCartItem.cs	eea62e123801	docs/knowledge-graph/_system/_conflicts.md
Shared/TalabatkData/Migrations/20250211090858_removeCashAccountFromDelivery.cs	fae2397aa19b	docs/knowledge-graph/_system/_conflicts.md
Shared/TalabatkData/Migrations/20250309112513_removePickUpTime.cs	543f3a553d7d	docs/knowledge-graph/_system/_conflicts.md
Shared/TalabatkData/Migrations/20250310121956_RemoveTimestamp.cs	fd3dfa80da50	docs/knowledge-graph/_system/_conflicts.md
Shared/TalabatkData/Migrations/20250410165206_addGetFawryTransactionsPermission.cs	1edf4af211a3	docs/knowledge-graph/Customer Ordering/Payments/Fawry/Fawry.technical.md
Shared/TalabatkData/Migrations/20250429123142_AddRemainingTimeToPickupInMinutes.cs	588bcdcbb99c	docs/knowledge-graph/_system/_conflicts.md
Shared/TalabatkData/Migrations/20250616172229_AlterAdCardsRemoveIsActive.cs	ca29f178fa03	docs/knowledge-graph/_system/_conflicts.md
Shared/TalabatkData/Migrations/20250617105409_makeLoyaltyPointsTransactionTypeValueEarned.cs	aa3f8d9c4834	docs/knowledge-graph/_system/_conflicts.md
Shared/TalabatkData/Migrations/20250617154845_removeDeliveryPaymentColumns.cs	8211cc17db24	docs/knowledge-graph/_system/_conflicts.md
Shared/TalabatkData/Migrations/20251124172544_removeReasonDescriptionFromOrderAndOrderHistoryTable.cs	5d40608c7206	docs/knowledge-graph/_system/_conflicts.md
Shared/TalabatkData/Migrations/20260428180510_removeComplaintAmount.cs	f8c538650c4b	docs/knowledge-graph/_system/_conflicts.md
Shared/TalabatkData/Migrations/20260715150740_GuestModeCart.cs	6f347e0a46ef	docs/knowledge-graph/Customer Ordering/Tiered Discount/TieredDiscount/TieredDiscount.technical.md
Shared/TalabatkData/Migrations/20260804131955_AddItemReplacementReportPermission.cs	e0b1659cda5d	docs/knowledge-graph/Identity & Access/Restaurant & Admin User Identity/Permission/Permission.technical.md
Shared/TalabatkData/Migrations/20260809150000_FixRestaurantOpenStatusSourceByApplyWorkingDaysFlag.cs	f9b93626feaf	docs/knowledge-graph/_system/_conflicts.md
Shared/TalabatkData/Migrations/TalabatkContextModelSnapshot.cs	ee9e55dbfcd1	docs/knowledge-graph/_system/_conflicts.md
Shared/TalabatkData/Migrations/TalabatkContextModelSnapshot.cs	ee9e55dbfcd1	docs/knowledge-graph/_system/_pathA-work-order.md
Shared/TalabatkData/OTPServices/OtpAuthService.cs	e3a33e303aa9	docs/knowledge-graph/_system/_conflicts.md
Shared/TalabatkData/OTPServices/OtpAuthService.cs	e3a33e303aa9	docs/knowledge-graph/_system/_integrations.md
Shared/TalabatkData/OTPServices/OtpCache.cs	07eb07b58141	docs/knowledge-graph/_system/_conflicts.md
Shared/TalabatkData/RoboCallService/RoboCallService.cs	627f2570f291	docs/knowledge-graph/_system/_integrations.md
Shared/TalabatkData/Scripts/SP_GetActiveRestaurantsWithReviewInfo_Optimized_Performance.sql	f120bdcd1ec1	docs/knowledge-graph/_system/_conflicts.md
Shared/TalabatkData/Services/PhoneValidatorService.cs	ebe91c58beac	docs/knowledge-graph/Identity & Access/Customer Identity/Customer-Account-Lifecycle.technical.md
Shared/TalabatkData/Services/PhoneValidatorService.cs	ebe91c58beac	docs/knowledge-graph/_system/_conflicts.md
Shared/TalabatkData/TalabatkSeeder/TalabatkSeeder.cs	8bc21327f4f0	docs/knowledge-graph/_system/_conflicts.md
Shared/TalabatkData/Talabatk_Context/TalabatkContext.cs	614cde29d728	docs/knowledge-graph/Admin/Admin Back-Office/Admin-Access-and-Oversight.technical.md
Shared/TalabatkData/Talabatk_Context/TalabatkContext.cs	614cde29d728	docs/knowledge-graph/_system/_conflicts.md
Shared/TalabatkData/WhatAppService/WhatsAppService .cs	5e2b5cefc827	docs/knowledge-graph/_system/_integrations.md
Shared/TalabatkLogic.Test/CustomerCartCases/CustomerCartLockedDiscountTests.cs	70c8e1e5992b	docs/knowledge-graph/Customer Ordering/Tiered Discount/TieredDiscount/TieredDiscount.technical.md
Shared/TalabatkLogic/Constants/Features.cs	fa91c37f4d2c	docs/knowledge-graph/Customer Ordering/Restaurant & Menu Discovery/Search/Search.technical.md
Shared/TalabatkLogic/Constants/PermissionNames.cs	a1decfb9d3a4	docs/knowledge-graph/Identity & Access/Restaurant & Admin User Identity/Permission/Permission.technical.md
Shared/TalabatkLogic/Constants/WalletTransactionDescriptions.cs	b285a5128a34	docs/knowledge-graph/_system/_conflicts.md
Shared/TalabatkLogic/CreateOrderDeliveryRequestStrategies/DistributedOrderDeliveryStrategy.cs	0d7d388b0384	docs/knowledge-graph/_system/_conflicts.md
Shared/TalabatkLogic/CreateOrderDeliveryRequestStrategies/ParentOrderDeliveryStrategy.cs	d754fe1fbeb5	docs/knowledge-graph/_system/_conflicts.md
Shared/TalabatkLogic/CreateOrderDeliveryRequestStrategies/PrimmaryOrderDeliveryStrategy.cs	acef085f7656	docs/knowledge-graph/_system/_conflicts.md
Shared/TalabatkLogic/CreateOrderDeliveryRequestStrategies/SupporterOrderDeliveryStrategy.cs	0d36a5d1f5f8	docs/knowledge-graph/_system/_conflicts.md
Shared/TalabatkLogic/DeliveryAnnouncementAggregate/DeliveryAnnouncement.cs	a76bd37f02b4	docs/knowledge-graph/Admin/Delivery Administration/DeliveryAnnouncement-and-Notification.md
Shared/TalabatkLogic/DeliveryAnnouncementAggregate/DeliveryAnnouncement.cs	a76bd37f02b4	docs/knowledge-graph/Admin/Delivery Administration/_scenarios.md
Shared/TalabatkLogic/DeliveryAnnouncementAggregate/DeliveryAnnouncement.cs	a76bd37f02b4	docs/knowledge-graph/Delivery/Delivery Man Operations/DeliveryAnnouncement/DeliveryAnnouncement.technical.md
Shared/TalabatkLogic/DeliveryAnnouncementAggregate/DeliveryAnnouncement.cs	a76bd37f02b4	docs/knowledge-graph/_system/_conflicts.md
Shared/TalabatkLogic/DeliveryManNotificationAggregate/DeliveryManNotification.cs	869546a4890e	docs/knowledge-graph/Admin/Delivery Administration/DeliveryAnnouncement-and-Notification.md
Shared/TalabatkLogic/DeliveryManNotificationAggregate/DeliveryManNotification.cs	869546a4890e	docs/knowledge-graph/Admin/Delivery Administration/_scenarios.md
Shared/TalabatkLogic/DeliveryManNotificationAggregate/DeliveryManNotification.cs	869546a4890e	docs/knowledge-graph/Delivery/Delivery Man Operations/DeliveryManNotification/DeliveryManNotification.technical.md
Shared/TalabatkLogic/DeliveryManNotificationAggregate/DeliveryManNotification.cs	869546a4890e	docs/knowledge-graph/_system/_conflicts.md
Shared/TalabatkLogic/DeliveryManNotificationAggregate/DeliveryManNotificationDetail.cs	7377f391bd82	docs/knowledge-graph/Delivery/Delivery Man Operations/DeliveryManNotification/DeliveryManNotification.technical.md
Shared/TalabatkLogic/DeliveryManNotificationAggregate/DeliveryManNotificationDetail.cs	7377f391bd82	docs/knowledge-graph/Delivery/Delivery Man Operations/Driver-Operations.technical.md
Shared/TalabatkLogic/DeliveryManNotificationAggregate/DeliveryManNotificationStatusEnum.cs	18244338d439	docs/knowledge-graph/Delivery/Delivery Man Operations/DeliveryManNotification/DeliveryManNotification.technical.md
Shared/TalabatkLogic/DeliveryRequestAssignementStratgies/IDeliveryAssignmentStrategy .cs	41612d9188ae	docs/knowledge-graph/_system/_conflicts.md
Shared/TalabatkLogic/DomainEventHelpers/Entity.cs	e540f35dffec	docs/knowledge-graph/_system/_conflicts.md
Shared/TalabatkLogic/DomainEvents/MenuItemEvents/MenuItemActivationChangedEvent.cs	?	docs/knowledge-graph/Customer Ordering/Restaurant & Menu Discovery/MenuItem/MenuItem.technical.md
Shared/TalabatkLogic/DomainEvents/OrderEvents/AllRestaurantAreReadyToPickNotificationEvent.cs	cc8ba9174b33	docs/knowledge-graph/_system/_conflicts.md
Shared/TalabatkLogic/DomainEvents/OrderEvents/FirstCustomerOrderEvent.cs	c9b7c513eea4	docs/knowledge-graph/_system/_conflicts.md
Shared/TalabatkLogic/DomainEvents/OrderEvents/RestaurantAreReadyToPickNotificationEvent.cs	b3ed6a396e2a	docs/knowledge-graph/_system/_conflicts.md
Shared/TalabatkLogic/DomainEvents/OrderEvents/TotalAmountPaidToRestaurantAfterDeliveryPickUpRestaurnatOrderEvent.cs	181df14b6919	docs/knowledge-graph/_system/_conflicts.md
Shared/TalabatkLogic/DomainEvents/RegistrationEvents/NewRegistrationEvent.cs	8d0b0e6bf2f6	docs/knowledge-graph/_system/_conflicts.md
Shared/TalabatkLogic/DomainServices/CompanyProfitCalculator.cs	276f2456c72b	docs/knowledge-graph/Customer Ordering/Payments/Money-Path.technical.md
Shared/TalabatkLogic/DomainServices/DeliverymenProfitCalculator.cs	db99531a6be8	docs/knowledge-graph/_system/_conflicts.md
Shared/TalabatkLogic/Enum/AccountingEntriesTypes.cs	77e6d7dff40f	docs/knowledge-graph/Customer Ordering/Payments/Fawry/Fawry.technical.md
Shared/TalabatkLogic/Enum/AssignOrderTaskStatus.cs	897cf8d5f29b	docs/knowledge-graph/Delivery/Delivery Man Operations/_scenarios.md
Shared/TalabatkLogic/Enum/AutoAssignRequestStatus.cs	f60ff15d4118	docs/knowledge-graph/Delivery/Delivery Man Operations/_scenarios.md
Shared/TalabatkLogic/Enum/DeliveryManStatus.cs	5668801a8889	docs/knowledge-graph/Delivery/Delivery Man Operations/_scenarios.md
Shared/TalabatkLogic/Enum/DeliveryWebSitePermissions.cs	4a3d3bfd264b	docs/knowledge-graph/Identity & Access/Restaurant & Admin User Identity/Permission/Permission.technical.md
Shared/TalabatkLogic/Enum/FawryMethod.cs	eec56b735731	docs/knowledge-graph/Customer Ordering/Payments/Fawry/Fawry.technical.md
Shared/TalabatkLogic/Enum/OrderPaymentStatus.cs	f417bc761c7f	docs/knowledge-graph/Admin/Order & Customer Administration/PaymentMethod.md
Shared/TalabatkLogic/Enum/OrderStatus.cs	15428f36a3f6	docs/knowledge-graph/Customer Ordering/Order & Fulfilment/Order/Order.technical.md
Shared/TalabatkLogic/Enum/OrderStatus.cs	15428f36a3f6	docs/knowledge-graph/Restaurant Portal/Menu & Order Management/_knowledge-graph.md
Shared/TalabatkLogic/Enum/PaymentMethods.cs	6fdeffb47ae4	docs/knowledge-graph/Admin/Order & Customer Administration/PaymentMethod.md
Shared/TalabatkLogic/Enum/PaymentMethods.cs	6fdeffb47ae4	docs/knowledge-graph/Customer Ordering/Payments/Fawry/Fawry.technical.md
Shared/TalabatkLogic/Enum/PaymentMethods.cs	6fdeffb47ae4	docs/knowledge-graph/Customer Ordering/Payments/Money-Path.technical.md
Shared/TalabatkLogic/Enum/PaymentMethods.cs	6fdeffb47ae4	docs/knowledge-graph/Customer Ordering/Payments/_knowledge-graph.md
Shared/TalabatkLogic/Enum/PaymentMethods.cs	6fdeffb47ae4	docs/knowledge-graph/Customer Ordering/Payments/_scenarios.md
Shared/TalabatkLogic/Enum/RestaurantOrderStatus.cs	0a57e324d4fb	docs/knowledge-graph/Restaurant Portal/Menu & Order Management/_knowledge-graph.md
Shared/TalabatkLogic/Enum/RestaurantOrderStatus.cs	0a57e324d4fb	docs/knowledge-graph/Restaurant Portal/Menu & Order Management/_scenarios.md
Shared/TalabatkLogic/Enum/Scheduled Notifications/RecurrenceType.cs	03bd2d79faeb	docs/knowledge-graph/_system/_conflicts.md
Shared/TalabatkLogic/OrderComplaintAggregate/MerchantKpiScoreConfiguration.cs	ee3d81368326	docs/knowledge-graph/Admin/Merchant Administration/_knowledge-graph.md
Shared/TalabatkLogic/OrderComplaintAggregate/MerchantKpiScoreConfiguration.cs	ee3d81368326	docs/knowledge-graph/Admin/Merchant Administration/_scenarios.md
Shared/TalabatkLogic/OrderComplaintAggregate/MerchantKpiScoreConfiguration.cs	ee3d81368326	docs/knowledge-graph/Restaurant Portal/Menu & Order Management/Merchant-Menu-and-Orders.technical.md
Shared/TalabatkLogic/OrderComplaintAggregate/OrderComplaint.cs	e2151a2ca10b	docs/knowledge-graph/Admin/Merchant Administration/_knowledge-graph.md
Shared/TalabatkLogic/OrderComplaintAggregate/OrderComplaint.cs	e2151a2ca10b	docs/knowledge-graph/Admin/Merchant Administration/_scenarios.md
Shared/TalabatkLogic/OrderComplaintAggregate/OrderComplaint.cs	e2151a2ca10b	docs/knowledge-graph/Customer Ordering/Order & Fulfilment/OrderComplaint.md
Shared/TalabatkLogic/OrderComplaintAggregate/OrderComplaint.cs	e2151a2ca10b	docs/knowledge-graph/Customer Ordering/Support & Chat/Support-and-Chat.technical.md
Shared/TalabatkLogic/OrderComplaintAggregate/OrderComplaint.cs	e2151a2ca10b	docs/knowledge-graph/_system/_conflicts.md
Shared/TalabatkLogic/OrderComplaintAggregate/OrderComplaintReason.cs	ced7b996f69d	docs/knowledge-graph/Admin/Merchant Administration/_knowledge-graph.md
Shared/TalabatkLogic/OrderComplaintAggregate/OrderComplaintReason.cs	ced7b996f69d	docs/knowledge-graph/Customer Ordering/Order & Fulfilment/Order-Lifecycle.technical.md
Shared/TalabatkLogic/OrderComplaintAggregate/OrderComplaintReasonType.cs	fe38f8000463	docs/knowledge-graph/Customer Ordering/Order & Fulfilment/Order-Lifecycle.technical.md
Shared/TalabatkLogic/TalabatkLogic.csproj	1bf25d1ec9db	docs/knowledge-graph/_system/_conflicts.md
Shared/TalabatkLogic/TalabatkModels/AboutApp.cs	c925be4c24e1	docs/knowledge-graph/Customer Ordering/Marketing & Content/Notification-Delivery.technical.md
Shared/TalabatkLogic/TalabatkModels/AboutApp.cs	c925be4c24e1	docs/knowledge-graph/Customer Ordering/Marketing & Content/_knowledge-graph.md
Shared/TalabatkLogic/TalabatkModels/AdCard.cs	0bf3093e4f06	docs/knowledge-graph/Customer Ordering/Marketing & Content/Notification-Delivery.technical.md
Shared/TalabatkLogic/TalabatkModels/AdCard.cs	0bf3093e4f06	docs/knowledge-graph/_system/_conflicts.md
Shared/TalabatkLogic/TalabatkModels/AdReservation.cs	9fe7f4a14a4d	docs/knowledge-graph/Customer Ordering/Marketing & Content/Notification-Delivery.technical.md
Shared/TalabatkLogic/TalabatkModels/AdReservation.cs	9fe7f4a14a4d	docs/knowledge-graph/_system/_conflicts.md
Shared/TalabatkLogic/TalabatkModels/Ads.cs	f6b239bd29b2	docs/knowledge-graph/Customer Ordering/Marketing & Content/Notification-Delivery.technical.md
Shared/TalabatkLogic/TalabatkModels/Ads.cs	f6b239bd29b2	docs/knowledge-graph/Customer Ordering/Marketing & Content/_knowledge-graph.md
Shared/TalabatkLogic/TalabatkModels/Ads.cs	f6b239bd29b2	docs/knowledge-graph/Customer Ordering/Marketing & Content/_scenarios.md
Shared/TalabatkLogic/TalabatkModels/Announcement.cs	c75d676577ae	docs/knowledge-graph/Customer Ordering/Marketing & Content/Notification-Delivery.technical.md
Shared/TalabatkLogic/TalabatkModels/Announcement.cs	c75d676577ae	docs/knowledge-graph/Customer Ordering/Marketing & Content/_knowledge-graph.md
Shared/TalabatkLogic/TalabatkModels/Announcement.cs	c75d676577ae	docs/knowledge-graph/Customer Ordering/Marketing & Content/_scenarios.md
Shared/TalabatkLogic/TalabatkModels/AnnouncementDescription.cs	a06d422e7dc6	docs/knowledge-graph/Customer Ordering/Marketing & Content/Notification-Delivery.technical.md
Shared/TalabatkLogic/TalabatkModels/ApiKey.cs	1ffab2f0d746	docs/knowledge-graph/Admin/Admin Back-Office/ApiKey.md
Shared/TalabatkLogic/TalabatkModels/Area.cs	e94900c8a715	docs/knowledge-graph/Admin/City & Geography Administration/Area-and-Country.md
Shared/TalabatkLogic/TalabatkModels/AreaDecription.cs	2c081f0050c2	docs/knowledge-graph/Admin/City & Geography Administration/Area-and-Country.md
Shared/TalabatkLogic/TalabatkModels/AspNetRole.cs	d85b42448589	docs/knowledge-graph/Admin/Admin Back-Office/Admin-Access-and-Oversight.technical.md
Shared/TalabatkLogic/TalabatkModels/AspNetUser.cs	237984dd9178	docs/knowledge-graph/Identity & Access/Restaurant & Admin User Identity/Permission/Permission.technical.md
Shared/TalabatkLogic/TalabatkModels/AspNetUserAttendance.cs	4236ef661ba1	docs/knowledge-graph/Identity & Access/Authentication & Tokens/Identity/Identity.technical.md
Shared/TalabatkLogic/TalabatkModels/AspNetUserRestaurant.cs	85e99210df2c	docs/knowledge-graph/Identity & Access/Authentication & Tokens/Identity/Identity.technical.md
Shared/TalabatkLogic/TalabatkModels/AspNetUserShift.cs	3e8a63791842	docs/knowledge-graph/Identity & Access/Authentication & Tokens/Identity/Identity.technical.md
Shared/TalabatkLogic/TalabatkModels/Audiance.cs	77baa8f36765	docs/knowledge-graph/Admin/Catalog & Content Administration/Audiance.md
Shared/TalabatkLogic/TalabatkModels/AudianceFilter.cs	029e560c780a	docs/knowledge-graph/Customer Ordering/Marketing & Content/Notification-Delivery.technical.md
Shared/TalabatkLogic/TalabatkModels/AudianceFilter.cs	029e560c780a	docs/knowledge-graph/_system/_conflicts.md
Shared/TalabatkLogic/TalabatkModels/AudienceCustomer.cs	5f7da15eed72	docs/knowledge-graph/Customer Ordering/Marketing & Content/Notification-Delivery.technical.md
Shared/TalabatkLogic/TalabatkModels/AudienceCustomer.cs	5f7da15eed72	docs/knowledge-graph/_system/_conflicts.md
Shared/TalabatkLogic/TalabatkModels/AudienceCustomerAds.cs	e382437dd65c	docs/knowledge-graph/Customer Ordering/Marketing & Content/Notification-Delivery.technical.md
Shared/TalabatkLogic/TalabatkModels/Audit.cs	06e8235eb09c	docs/knowledge-graph/Admin/Admin Back-Office/Configuration/Configuration.technical.md
Shared/TalabatkLogic/TalabatkModels/Audit.cs	06e8235eb09c	docs/knowledge-graph/_system/_conflicts.md
Shared/TalabatkLogic/TalabatkModels/AutoAssignRequest.cs	9126e401d976	docs/knowledge-graph/Delivery/Delivery Man Operations/Delivery-Assignment-Strategies.md
Shared/TalabatkLogic/TalabatkModels/AutoAssignRequest.cs	9126e401d976	docs/knowledge-graph/Delivery/Delivery Man Operations/Delivery-Fee-and-Assignment.technical.md
Shared/TalabatkLogic/TalabatkModels/AutoAssignRequest.cs	9126e401d976	docs/knowledge-graph/_system/_conflicts.md
Shared/TalabatkLogic/TalabatkModels/AutoCompensation/AutoCompensationEvidenceRule.cs	30024b4eb2ac	docs/knowledge-graph/Customer Ordering/Order & Fulfilment/Order-Lifecycle.technical.md
Shared/TalabatkLogic/TalabatkModels/AutoCompensation/AutoCompensationQuestion.cs	0b741326b80f	docs/knowledge-graph/Customer Ordering/Order & Fulfilment/Order-Lifecycle.technical.md
Shared/TalabatkLogic/TalabatkModels/AutoCompensation/AutoCompensationQuestionOption.cs	c87b209115e8	docs/knowledge-graph/Customer Ordering/Order & Fulfilment/Order-Lifecycle.technical.md
Shared/TalabatkLogic/TalabatkModels/AutoCompensation/AutoCompensationReason.cs	c92e9698a208	docs/knowledge-graph/Customer Ordering/Order & Fulfilment/Order-Lifecycle.technical.md
Shared/TalabatkLogic/TalabatkModels/AutoCompensation/AutoCompensationRulesAuditLog.cs	8b9aafe317fe	docs/knowledge-graph/Customer Ordering/Order & Fulfilment/Order-Lifecycle.technical.md
Shared/TalabatkLogic/TalabatkModels/AutoCompensation/AutoCompensationSettings.cs	a53cbce648e9	docs/knowledge-graph/Customer Ordering/Order & Fulfilment/Order-Lifecycle.technical.md
Shared/TalabatkLogic/TalabatkModels/AvilableDeliveryMan.cs	2f8fe2ca9db9	docs/knowledge-graph/Delivery/Delivery Man Operations/Delivery-Assignment-Strategies.md
Shared/TalabatkLogic/TalabatkModels/BitirixLeadStatus.cs	564d6e9032f0	docs/knowledge-graph/Admin/Admin Back-Office/Configuration/Configuration.technical.md
Shared/TalabatkLogic/TalabatkModels/BlockedUsersFromCOD.cs	b0716f1933af	docs/knowledge-graph/Customer Ordering/Cart & Checkout/BlockedUsersFromCOD.md
Shared/TalabatkLogic/TalabatkModels/Brand.cs	e82e77d7480d	docs/knowledge-graph/Customer Ordering/Restaurant & Menu Discovery/Discovery-Utilities.md
Shared/TalabatkLogic/TalabatkModels/Brand.cs	e82e77d7480d	docs/knowledge-graph/_system/_conflicts.md
Shared/TalabatkLogic/TalabatkModels/BrandDescription.cs	e664ed59b514	docs/knowledge-graph/Customer Ordering/Restaurant & Menu Discovery/Discovery-Utilities.md
Shared/TalabatkLogic/TalabatkModels/CartItem.cs	7048d48ce442	docs/knowledge-graph/Customer Ordering/Cart & Checkout/CartItem.md
Shared/TalabatkLogic/TalabatkModels/CartItem.cs	7048d48ce442	docs/knowledge-graph/Customer Ordering/Cart & Checkout/CustomerCart/CustomerCart.technical.md
Shared/TalabatkLogic/TalabatkModels/CartItem.cs	7048d48ce442	docs/knowledge-graph/Customer Ordering/Cart & Checkout/_scenarios.md
Shared/TalabatkLogic/TalabatkModels/CartItem.cs	7048d48ce442	docs/knowledge-graph/Customer Ordering/Restaurant & Menu Discovery/Restaurant/Restaurant.technical.md
Shared/TalabatkLogic/TalabatkModels/CartItem.cs	7048d48ce442	docs/knowledge-graph/_system/_conflicts.md
Shared/TalabatkLogic/TalabatkModels/CartItemOptions.cs	0ef4d7a3fc49	docs/knowledge-graph/Customer Ordering/Cart & Checkout/CartItem.md
Shared/TalabatkLogic/TalabatkModels/CategoriesCountsResult.cs.cs	9d857c8e34b0	docs/knowledge-graph/_system/_conflicts.md
Shared/TalabatkLogic/TalabatkModels/City.cs	dcb1e22e8f7e	docs/knowledge-graph/Admin/City & Geography Administration/City/City.technical.md
Shared/TalabatkLogic/TalabatkModels/City.cs	dcb1e22e8f7e	docs/knowledge-graph/Admin/City & Geography Administration/_knowledge-graph.md
Shared/TalabatkLogic/TalabatkModels/City.cs	dcb1e22e8f7e	docs/knowledge-graph/Admin/City & Geography Administration/_scenarios.md
Shared/TalabatkLogic/TalabatkModels/CityBreakConfiguration.cs	d77e533a294d	docs/knowledge-graph/Admin/City & Geography Administration/CityBreakConfiguration.md
Shared/TalabatkLogic/TalabatkModels/CityBreakConfiguration.cs	d77e533a294d	docs/knowledge-graph/_system/_conflicts.md
Shared/TalabatkLogic/TalabatkModels/CityDailyPickupTagCounter.cs	a180b17f30f0	docs/knowledge-graph/Admin/City & Geography Administration/Area-and-Country.md
Shared/TalabatkLogic/TalabatkModels/CityDailyPickupTagCounter.cs	a180b17f30f0	docs/knowledge-graph/Admin/City & Geography Administration/_knowledge-graph.md
Shared/TalabatkLogic/TalabatkModels/CityDescription.cs	b4b7376c974f	docs/knowledge-graph/Admin/City & Geography Administration/Area-and-Country.md
Shared/TalabatkLogic/TalabatkModels/CityRushTimeConfigHistory.cs	afa6d590de13	docs/knowledge-graph/Admin/City & Geography Administration/Area-and-Country.md
Shared/TalabatkLogic/TalabatkModels/CityRushTimeConfiguration.cs	f757c5b8a06e	docs/knowledge-graph/Admin/City & Geography Administration/CityRushTimeConfiguration/CityRushTimeConfiguration.technical.md
Shared/TalabatkLogic/TalabatkModels/CityRushTimeConfiguration.cs	f757c5b8a06e	docs/knowledge-graph/Admin/City & Geography Administration/_knowledge-graph.md
Shared/TalabatkLogic/TalabatkModels/CityRushTimeConfiguration.cs	f757c5b8a06e	docs/knowledge-graph/Admin/City & Geography Administration/_scenarios.md
Shared/TalabatkLogic/TalabatkModels/CityRushTimeConfiguration.cs	f757c5b8a06e	docs/knowledge-graph/_system/_conflicts.md
Shared/TalabatkLogic/TalabatkModels/CitySuggestions.cs	25fcb76b8727	docs/knowledge-graph/Admin/City & Geography Administration/Area-and-Country.md
Shared/TalabatkLogic/TalabatkModels/Compensation.cs	f6971b93f4eb	docs/knowledge-graph/Delivery/Driver Cash & Compensation/Compensation.md
Shared/TalabatkLogic/TalabatkModels/Configuration.cs	8cf331bb6f9f	docs/knowledge-graph/Admin/Admin Back-Office/Admin-Access-and-Oversight.technical.md
Shared/TalabatkLogic/TalabatkModels/Configuration.cs	8cf331bb6f9f	docs/knowledge-graph/Admin/Admin Back-Office/Configuration/Configuration.technical.md
Shared/TalabatkLogic/TalabatkModels/Configuration.cs	8cf331bb6f9f	docs/knowledge-graph/_system/_conflicts.md
Shared/TalabatkLogic/TalabatkModels/CookingTimeCategory.cs	ba698f139f37	docs/knowledge-graph/Customer Ordering/Restaurant & Menu Discovery/Discovery-Utilities.md
Shared/TalabatkLogic/TalabatkModels/CookingTimeCategory.cs	ba698f139f37	docs/knowledge-graph/_system/_conflicts.md
Shared/TalabatkLogic/TalabatkModels/Country.cs	e2035c78c2fe	docs/knowledge-graph/Admin/City & Geography Administration/Area-and-Country.md
Shared/TalabatkLogic/TalabatkModels/Customer.cs	312359030eb8	docs/knowledge-graph/Customer Ordering/Marketing & Content/Notification-Delivery.technical.md
Shared/TalabatkLogic/TalabatkModels/Customer.cs	312359030eb8	docs/knowledge-graph/Identity & Access/Customer Identity/Customer/Customer.technical.md
Shared/TalabatkLogic/TalabatkModels/Customer.cs	312359030eb8	docs/knowledge-graph/Identity & Access/Customer Identity/CustomerAddress/CustomerAddress.technical.md
Shared/TalabatkLogic/TalabatkModels/Customer.cs	312359030eb8	docs/knowledge-graph/Identity & Access/Customer Identity/_knowledge-graph.md
Shared/TalabatkLogic/TalabatkModels/Customer.cs	312359030eb8	docs/knowledge-graph/_system/_conflicts.md
Shared/TalabatkLogic/TalabatkModels/CustomerActionsHistory.cs	046d0fe1196f	docs/knowledge-graph/Identity & Access/Customer Identity/Customer/Customer.technical.md
Shared/TalabatkLogic/TalabatkModels/CustomerAddresses.cs	039d81d75d83	docs/knowledge-graph/Identity & Access/Customer Identity/Customer/CustomerAddresses.md
Shared/TalabatkLogic/TalabatkModels/CustomerAddresses.cs	039d81d75d83	docs/knowledge-graph/Identity & Access/Customer Identity/CustomerAddress/CustomerAddress.technical.md
Shared/TalabatkLogic/TalabatkModels/CustomerAdminChat.cs	f773c5c9ea97	docs/knowledge-graph/Customer Ordering/Support & Chat/Support-and-Chat.technical.md
Shared/TalabatkLogic/TalabatkModels/CustomerAdminChat.cs	f773c5c9ea97	docs/knowledge-graph/Customer Ordering/Support & Chat/_knowledge-graph.md
Shared/TalabatkLogic/TalabatkModels/CustomerAds.cs	1e287dc4c2d7	docs/knowledge-graph/Identity & Access/Customer Identity/Customer/Customer.technical.md
Shared/TalabatkLogic/TalabatkModels/CustomerCard.cs	17874aefede8	docs/knowledge-graph/Identity & Access/Customer Identity/Customer/Customer.technical.md
Shared/TalabatkLogic/TalabatkModels/CustomerCart.cs	1fddf55bade3	docs/knowledge-graph/Customer Ordering/Cart & Checkout/Cart-and-Checkout-Validation.technical.md
Shared/TalabatkLogic/TalabatkModels/CustomerCart.cs	1fddf55bade3	docs/knowledge-graph/Customer Ordering/Cart & Checkout/CustomerCart/CustomerCart.technical.md
Shared/TalabatkLogic/TalabatkModels/CustomerCart.cs	1fddf55bade3	docs/knowledge-graph/Customer Ordering/Cart & Checkout/_scenarios.md
Shared/TalabatkLogic/TalabatkModels/CustomerDeliveryInstruction.cs	703cef00edd8	docs/knowledge-graph/Identity & Access/Customer Identity/Customer/Customer.technical.md
Shared/TalabatkLogic/TalabatkModels/CustomerDeliveryInstruction.cs	703cef00edd8	docs/knowledge-graph/_system/_conflicts.md
Shared/TalabatkLogic/TalabatkModels/CustomerItemNotificationRequest.cs	5c3ba7e67793	docs/knowledge-graph/Identity & Access/Customer Identity/Customer/Customer.technical.md
Shared/TalabatkLogic/TalabatkModels/CustomerItemOrderStats.cs	c89497c29351	docs/knowledge-graph/Identity & Access/Customer Identity/Customer/Customer.technical.md
Shared/TalabatkLogic/TalabatkModels/CustomerItemOrderStats.cs	c89497c29351	docs/knowledge-graph/_system/_conflicts.md
Shared/TalabatkLogic/TalabatkModels/CustomerNotification.cs	16940ee86722	docs/knowledge-graph/Identity & Access/Customer Identity/Customer/Customer-Notification-and-Favourites.md
Shared/TalabatkLogic/TalabatkModels/CustomerNotification.cs	16940ee86722	docs/knowledge-graph/Identity & Access/Customer Identity/Customer/Customer.technical.md
Shared/TalabatkLogic/TalabatkModels/CustomerNotificationCustomersData.cs	7b7880c27a17	docs/knowledge-graph/Identity & Access/Customer Identity/Customer/Customer.technical.md
Shared/TalabatkLogic/TalabatkModels/CustomerNotificationCustomersData.cs	7b7880c27a17	docs/knowledge-graph/_system/_conflicts.md
Shared/TalabatkLogic/TalabatkModels/CustomerNotificationNewVersion.cs	08927075d691	docs/knowledge-graph/Identity & Access/Customer Identity/Customer/Customer.technical.md
Shared/TalabatkLogic/TalabatkModels/CustomerNotificationNewVersion.cs	08927075d691	docs/knowledge-graph/_system/_conflicts.md
Shared/TalabatkLogic/TalabatkModels/CustomerSavedTipsConfiguration.cs	20a060b0f7c6	docs/knowledge-graph/Identity & Access/Customer Identity/Customer/Customer.technical.md
Shared/TalabatkLogic/TalabatkModels/CustomerSavedTipsConfiguration.cs	20a060b0f7c6	docs/knowledge-graph/_system/_conflicts.md
Shared/TalabatkLogic/TalabatkModels/CustomerSearchKeyword.cs	315855a0984c	docs/knowledge-graph/Identity & Access/Customer Identity/Customer/Customer.technical.md
Shared/TalabatkLogic/TalabatkModels/CustomerTag.cs	b4c954000665	docs/knowledge-graph/Identity & Access/Customer Identity/Customer/Customer.technical.md
Shared/TalabatkLogic/TalabatkModels/CustomerTipsConfig.cs	d61bd50b6e43	docs/knowledge-graph/Identity & Access/Customer Identity/Customer/Customer.technical.md
Shared/TalabatkLogic/TalabatkModels/CustomerTipsConfig.cs	d61bd50b6e43	docs/knowledge-graph/_system/_conflicts.md
Shared/TalabatkLogic/TalabatkModels/DeletedOrderDetailsItemsHistory.cs	10e0dd0dd3de	docs/knowledge-graph/Customer Ordering/Order & Fulfilment/Order-Lifecycle.technical.md
Shared/TalabatkLogic/TalabatkModels/DeliveryAsset.cs	8480b1654ed2	docs/knowledge-graph/Delivery/Delivery Man Operations/Delivery-Requests-and-Suppliers.md
Shared/TalabatkLogic/TalabatkModels/DeliveryAssetDeliveryMan.cs	c65f163ef81e	docs/knowledge-graph/Delivery/Delivery Man Operations/Delivery-Requests-and-Suppliers.md
Shared/TalabatkLogic/TalabatkModels/DeliveryAssetDeliveryMan.cs	c65f163ef81e	docs/knowledge-graph/_system/_conflicts.md
Shared/TalabatkLogic/TalabatkModels/DeliveryBouns.cs	479b5f38d721	docs/knowledge-graph/Delivery/Driver Cash & Compensation/DeliveryBouns/DeliveryBouns.technical.md
Shared/TalabatkLogic/TalabatkModels/DeliveryBouns.cs	479b5f38d721	docs/knowledge-graph/_system/_conflicts.md
Shared/TalabatkLogic/TalabatkModels/DeliveryBounsTier.cs	4ab6dd555b85	docs/knowledge-graph/_system/_conflicts.md
Shared/TalabatkLogic/TalabatkModels/DeliveryBoxUnitSize.cs	3b1c200be698	docs/knowledge-graph/Delivery/Delivery Man Operations/Delivery-Requests-and-Suppliers.md
Shared/TalabatkLogic/TalabatkModels/DeliveryBoxUnitSize.cs	3b1c200be698	docs/knowledge-graph/_system/_conflicts.md
Shared/TalabatkLogic/TalabatkModels/DeliveryComment.cs	05359e0faec3	docs/knowledge-graph/Delivery/Delivery Man Operations/Delivery-Requests-and-Suppliers.md
Shared/TalabatkLogic/TalabatkModels/DeliveryInstruction.cs	0bfd709a5cfd	docs/knowledge-graph/Delivery/Delivery Man Operations/Delivery-Requests-and-Suppliers.md
Shared/TalabatkLogic/TalabatkModels/DeliveryInstructionDescription.cs	cbd59023b430	docs/knowledge-graph/Delivery/Delivery Man Operations/Delivery-Requests-and-Suppliers.md
Shared/TalabatkLogic/TalabatkModels/DeliveryInterval.cs	7c76faf54370	docs/knowledge-graph/Customer Ordering/Order & Fulfilment/Order-Lifecycle.technical.md
Shared/TalabatkLogic/TalabatkModels/DeliveryInterval.cs	7c76faf54370	docs/knowledge-graph/_system/_conflicts.md
Shared/TalabatkLogic/TalabatkModels/DeliveryInterval_Area.cs	18d4b1b4ce5b	docs/knowledge-graph/Customer Ordering/Order & Fulfilment/Order-Lifecycle.technical.md
Shared/TalabatkLogic/TalabatkModels/DeliveryIntervalsDescription.cs	9e621c4e1fba	docs/knowledge-graph/Customer Ordering/Order & Fulfilment/Order-Lifecycle.technical.md
Shared/TalabatkLogic/TalabatkModels/DeliveryManAdminChat.cs	42f75fffddb5	docs/knowledge-graph/Delivery/Delivery Man Operations/Driver-Operations.technical.md
Shared/TalabatkLogic/TalabatkModels/DeliveryManAdminChatMessage.cs	5d0e848f0236	docs/knowledge-graph/Delivery/Delivery Man Operations/Driver-Operations.technical.md
Shared/TalabatkLogic/TalabatkModels/DeliveryManDaily.cs	a1ed83526c67	docs/knowledge-graph/Delivery/Delivery Man Operations/Driver-Operations.technical.md
Shared/TalabatkLogic/TalabatkModels/DeliveryManLowRateReasons.cs	d690b5a066d6	docs/knowledge-graph/Delivery/Delivery Man Operations/Driver-Operations.technical.md
Shared/TalabatkLogic/TalabatkModels/DeliveryManPayments.cs	ceaf3052e13d	docs/knowledge-graph/Delivery/Delivery Man Operations/Driver-Operations.technical.md
Shared/TalabatkLogic/TalabatkModels/DeliveryManPrice.cs	4c7143355396	docs/knowledge-graph/Delivery/Delivery Man Operations/Delivery-Fee-and-Assignment.technical.md
Shared/TalabatkLogic/TalabatkModels/DeliveryManPrice.cs	4c7143355396	docs/knowledge-graph/Delivery/Delivery Man Operations/Driver-Operations.technical.md
Shared/TalabatkLogic/TalabatkModels/DeliveryManReview.cs	77c0e133b195	docs/knowledge-graph/_system/_conflicts.md
Shared/TalabatkLogic/TalabatkModels/DeliveryManReviewMap.cs	ce41b8b24976	docs/knowledge-graph/_system/_conflicts.md
Shared/TalabatkLogic/TalabatkModels/DeliveryManShiftLog.cs	caadaa7235ba	docs/knowledge-graph/Delivery/Delivery Man Operations/DeliveryMan-Attendance.md
Shared/TalabatkLogic/TalabatkModels/DeliveryManStates.cs	09126f1b7d46	docs/knowledge-graph/Delivery/Delivery Man Operations/Driver-Operations.technical.md
Shared/TalabatkLogic/TalabatkModels/DeliveryManWorkingHours.cs	6fa3e303001a	docs/knowledge-graph/_system/_conflicts.md
Shared/TalabatkLogic/TalabatkModels/DeliveryMen.cs	e592516c13f2	docs/knowledge-graph/Delivery/Delivery Man Operations/Driver-Operations.technical.md
Shared/TalabatkLogic/TalabatkModels/DeliveryMen.cs	e592516c13f2	docs/knowledge-graph/Delivery/Driver Cash & Compensation/Driver-Cash-Cycle.technical.md
Shared/TalabatkLogic/TalabatkModels/DeliveryMen.cs	e592516c13f2	docs/knowledge-graph/Identity & Access/Delivery Man Identity/DeliveryMen/DeliveryMen.technical.md
Shared/TalabatkLogic/TalabatkModels/DeliveryMen.cs	e592516c13f2	docs/knowledge-graph/_system/_conflicts.md
Shared/TalabatkLogic/TalabatkModels/DeliveryMenLocations.cs	b2d325c74ccb	docs/knowledge-graph/Delivery/Delivery Man Operations/DeliveryMan-Attendance.md
Shared/TalabatkLogic/TalabatkModels/DeliveryMenMoneyRequest.cs	6392e6d597f9	docs/knowledge-graph/Delivery/Delivery Man Operations/Driver-Operations.technical.md
Shared/TalabatkLogic/TalabatkModels/DeliveryMenMoneyRequest.cs	6392e6d597f9	docs/knowledge-graph/_system/_conflicts.md
Shared/TalabatkLogic/TalabatkModels/DeliveryMenShifts.cs	981457b098db	docs/knowledge-graph/Delivery/Delivery Man Operations/DeliveryMan-Attendance.md
Shared/TalabatkLogic/TalabatkModels/DeliveryReason.cs	1a7ce605b116	docs/knowledge-graph/Delivery/Delivery Man Operations/Delivery-Requests-and-Suppliers.md
Shared/TalabatkLogic/TalabatkModels/DeliverySupplier.cs	8f2012d576fb	docs/knowledge-graph/Delivery/Delivery Man Operations/Delivery-Requests-and-Suppliers.md
Shared/TalabatkLogic/TalabatkModels/DeliverySupplier.cs	8f2012d576fb	docs/knowledge-graph/_system/_conflicts.md
Shared/TalabatkLogic/TalabatkModels/DeliverySuppliersCities.cs	fa61a37d9b86	docs/knowledge-graph/Delivery/Delivery Man Operations/Delivery-Requests-and-Suppliers.md
Shared/TalabatkLogic/TalabatkModels/DeliveryZone.cs	37d7f375bc8f	docs/knowledge-graph/Delivery/Delivery Man Operations/DeliveryZone.md
Shared/TalabatkLogic/TalabatkModels/DeliveryZone.cs	37d7f375bc8f	docs/knowledge-graph/_system/_conflicts.md
Shared/TalabatkLogic/TalabatkModels/DeliveryZoneArea.cs	1a5481a9679b	docs/knowledge-graph/Delivery/Delivery Man Operations/Delivery-Fee-and-Assignment.technical.md
Shared/TalabatkLogic/TalabatkModels/DeliveryZoneArea.cs	1a5481a9679b	docs/knowledge-graph/Delivery/Delivery Man Operations/Delivery-Requests-and-Suppliers.md
Shared/TalabatkLogic/TalabatkModels/DeliverymanBreakLog.cs	58850d90ae8d	docs/knowledge-graph/Delivery/Delivery Man Operations/DeliveryMan-Attendance.md
Shared/TalabatkLogic/TalabatkModels/DeliverymanTransaction.cs	ad9f630f0b02	docs/knowledge-graph/Customer Ordering/Payments/Fawry/Fawry.technical.md
Shared/TalabatkLogic/TalabatkModels/DeliverymanTransaction.cs	ad9f630f0b02	docs/knowledge-graph/Customer Ordering/Payments/Money-Path.technical.md
Shared/TalabatkLogic/TalabatkModels/DeliverymanTransaction.cs	ad9f630f0b02	docs/knowledge-graph/Delivery/Driver Cash & Compensation/DeliverymanTransaction/DeliverymanTransaction.technical.md
Shared/TalabatkLogic/TalabatkModels/DeliverymanTransaction.cs	ad9f630f0b02	docs/knowledge-graph/Delivery/Driver Cash & Compensation/Driver-Cash-Cycle.technical.md
Shared/TalabatkLogic/TalabatkModels/DeliverymanZone.cs	9695a4f9a823	docs/knowledge-graph/Delivery/Delivery Man Operations/Driver-Operations.technical.md
Shared/TalabatkLogic/TalabatkModels/DeliverymanZone.cs	9695a4f9a823	docs/knowledge-graph/_system/_conflicts.md
Shared/TalabatkLogic/TalabatkModels/DriverDismissalLog.cs	c48eeae56ac3	docs/knowledge-graph/Delivery/Delivery Man Operations/Driver-Operations.technical.md
Shared/TalabatkLogic/TalabatkModels/EntityBase.cs	02f020bf673c	docs/knowledge-graph/_system/_conflicts.md
Shared/TalabatkLogic/TalabatkModels/EntityChangeHistory.cs	10333c5f47d5	docs/knowledge-graph/Admin/Admin Back-Office/Configuration/Configuration.technical.md
Shared/TalabatkLogic/TalabatkModels/ExclusiveOfferItem.cs	85317752b68f	docs/knowledge-graph/_system/_conflicts.md
Shared/TalabatkLogic/TalabatkModels/ExcutionHistory.cs	b07fd0c862e2	docs/knowledge-graph/Admin/Admin Back-Office/Configuration/Configuration.technical.md
Shared/TalabatkLogic/TalabatkModels/ExternalCustomer.cs	1052f9613a2a	docs/knowledge-graph/_system/_conflicts.md
Shared/TalabatkLogic/TalabatkModels/ExternalCustomerAdress.cs	7f7ba80de9d2	docs/knowledge-graph/_system/_conflicts.md
Shared/TalabatkLogic/TalabatkModels/ExternalDeliveryRequests.cs	a4270e1aed4b	docs/knowledge-graph/Delivery/Delivery Man Operations/Delivery-Requests-and-Suppliers.md
Shared/TalabatkLogic/TalabatkModels/FAQItem.cs	9e7f44e319ca	docs/knowledge-graph/Customer Ordering/Marketing & Content/Notification-Delivery.technical.md
Shared/TalabatkLogic/TalabatkModels/FAQItem.cs	9e7f44e319ca	docs/knowledge-graph/Customer Ordering/Support & Chat/_knowledge-graph.md
Shared/TalabatkLogic/TalabatkModels/Favourites.cs	456585176416	docs/knowledge-graph/Customer Ordering/Restaurant & Menu Discovery/Discovery-Utilities.md
Shared/TalabatkLogic/TalabatkModels/Favourites.cs	456585176416	docs/knowledge-graph/Identity & Access/Customer Identity/Customer/Customer-Notification-and-Favourites.md
Shared/TalabatkLogic/TalabatkModels/FawryCashCollectionTransaction.cs	e279ee39b54e	docs/knowledge-graph/Customer Ordering/Payments/Fawry/Fawry.technical.md
Shared/TalabatkLogic/TalabatkModels/FawryCashCollectionTransaction.cs	e279ee39b54e	docs/knowledge-graph/_system/_conflicts.md
Shared/TalabatkLogic/TalabatkModels/FawryTransaction.cs	c2c956b22702	docs/knowledge-graph/Customer Ordering/Payments/Fawry/Fawry.technical.md
Shared/TalabatkLogic/TalabatkModels/FawryTransaction.cs	c2c956b22702	docs/knowledge-graph/_system/_conflicts.md
Shared/TalabatkLogic/TalabatkModels/FoodType.cs	9449f07703cd	docs/knowledge-graph/Customer Ordering/Restaurant & Menu Discovery/Discovery-Utilities.md
Shared/TalabatkLogic/TalabatkModels/FoodType.cs	9449f07703cd	docs/knowledge-graph/_system/_conflicts.md
Shared/TalabatkLogic/TalabatkModels/FoodTypesDescription.cs	8ec3b6ab30ad	docs/knowledge-graph/Customer Ordering/Restaurant & Menu Discovery/Discovery-Utilities.md
Shared/TalabatkLogic/TalabatkModels/FoodTypesDescription.cs	8ec3b6ab30ad	docs/knowledge-graph/_system/_conflicts.md
Shared/TalabatkLogic/TalabatkModels/ImageBank.cs	809d295f787a	docs/knowledge-graph/Admin/Catalog & Content Administration/Mart-and-Reference-Entities.md
Shared/TalabatkLogic/TalabatkModels/ImageBank.cs	809d295f787a	docs/knowledge-graph/Customer Ordering/Restaurant & Menu Discovery/MenuItem/MenuStructure.md
Shared/TalabatkLogic/TalabatkModels/ImageBank.cs	809d295f787a	docs/knowledge-graph/Customer Ordering/Restaurant & Menu Discovery/MenuItem/MenuStructure.md
Shared/TalabatkLogic/TalabatkModels/ItemDescription.cs	ac069fd3164c	docs/knowledge-graph/Customer Ordering/Restaurant & Menu Discovery/Discovery-Utilities.md
Shared/TalabatkLogic/TalabatkModels/ItemReplacementReport.cs	5acc7811fd0d	docs/knowledge-graph/Customer Ordering/Order & Fulfilment/Order-Lifecycle.technical.md
Shared/TalabatkLogic/TalabatkModels/JournalSubuscriptions.cs	6ae43eaa31b4	docs/knowledge-graph/Admin/Catalog & Content Administration/Mart-and-Reference-Entities.md
Shared/TalabatkLogic/TalabatkModels/LanGuage.cs	0f63d47b4373	docs/knowledge-graph/Admin/Admin Back-Office/Configuration/Configuration.technical.md
Shared/TalabatkLogic/TalabatkModels/LoyaltyPoints.cs	80209d2f6d29	docs/knowledge-graph/Identity & Access/Customer Identity/Customer/LoyaltyPoints.md
Shared/TalabatkLogic/TalabatkModels/LoyaltyPointsSrc.cs	12cbecb64772	docs/knowledge-graph/_system/_conflicts.md
Shared/TalabatkLogic/TalabatkModels/MainCategory.cs	1ab71e46ed1b	docs/knowledge-graph/Customer Ordering/Restaurant & Menu Discovery/MenuItem/MenuStructure.md
Shared/TalabatkLogic/TalabatkModels/MartMainCategory.cs	f55bcfa21eea	docs/knowledge-graph/Admin/Catalog & Content Administration/Mart-and-Reference-Entities.md
Shared/TalabatkLogic/TalabatkModels/MartMainCategory.cs	f55bcfa21eea	docs/knowledge-graph/Customer Ordering/Restaurant & Menu Discovery/Discovery-Utilities.md
Shared/TalabatkLogic/TalabatkModels/MartMainCategory.cs	f55bcfa21eea	docs/knowledge-graph/_system/_conflicts.md
Shared/TalabatkLogic/TalabatkModels/MenuCategory.cs	ebebb97f2cc6	docs/knowledge-graph/Customer Ordering/Restaurant & Menu Discovery/Discovery-Utilities.md
Shared/TalabatkLogic/TalabatkModels/MenuCategory.cs	ebebb97f2cc6	docs/knowledge-graph/Customer Ordering/Restaurant & Menu Discovery/MenuItem/MenuStructure.md
Shared/TalabatkLogic/TalabatkModels/MenuCategory.cs	ebebb97f2cc6	docs/knowledge-graph/_system/_conflicts.md
Shared/TalabatkLogic/TalabatkModels/MenuCategoryDescription.cs	8ef7d974b848	docs/knowledge-graph/Customer Ordering/Restaurant & Menu Discovery/Discovery-Utilities.md
Shared/TalabatkLogic/TalabatkModels/MenuCategoryDescription.cs	8ef7d974b848	docs/knowledge-graph/_system/_conflicts.md
Shared/TalabatkLogic/TalabatkModels/MenuItem.cs	1e3ed91d61bb	docs/knowledge-graph/Customer Ordering/Restaurant & Menu Discovery/MenuItem/MenuItem.technical.md
Shared/TalabatkLogic/TalabatkModels/MenuItem.cs	1e3ed91d61bb	docs/knowledge-graph/Customer Ordering/Restaurant & Menu Discovery/_knowledge-graph.md
Shared/TalabatkLogic/TalabatkModels/MenuItem.cs	1e3ed91d61bb	docs/knowledge-graph/Customer Ordering/Restaurant & Menu Discovery/_scenarios.md
Shared/TalabatkLogic/TalabatkModels/MenuItem.cs	1e3ed91d61bb	docs/knowledge-graph/_system/_conflicts.md
Shared/TalabatkLogic/TalabatkModels/MenuItemActivationHistory.cs	?	docs/knowledge-graph/Customer Ordering/Restaurant & Menu Discovery/MenuItem/MenuItem.technical.md
Shared/TalabatkLogic/TalabatkModels/MenuItemImage.cs	?	docs/knowledge-graph/Customer Ordering/Restaurant & Menu Discovery/MenuItem/MenuItem.technical.md
Shared/TalabatkLogic/TalabatkModels/MenuItemOptionCategoryDescription.cs	55ddde3caf08	docs/knowledge-graph/Customer Ordering/Restaurant & Menu Discovery/Discovery-Utilities.md
Shared/TalabatkLogic/TalabatkModels/MenuItemOptionCategoryDescription.cs	55ddde3caf08	docs/knowledge-graph/_system/_conflicts.md
Shared/TalabatkLogic/TalabatkModels/MenuItemOptionGroup.cs	3bfa0e464b3b	docs/knowledge-graph/Customer Ordering/Restaurant & Menu Discovery/Discovery-Utilities.md
Shared/TalabatkLogic/TalabatkModels/MenuItemOptionGroupDescription.cs	621f9aa101c4	docs/knowledge-graph/Customer Ordering/Restaurant & Menu Discovery/Discovery-Utilities.md
Shared/TalabatkLogic/TalabatkModels/MenuItemOptionGroupItem.cs	c100145a619d	docs/knowledge-graph/Customer Ordering/Restaurant & Menu Discovery/Discovery-Utilities.md
Shared/TalabatkLogic/TalabatkModels/MenuItemOptionGroupItemDescription.cs	9bbd7ea61ae6	docs/knowledge-graph/Customer Ordering/Restaurant & Menu Discovery/Discovery-Utilities.md
Shared/TalabatkLogic/TalabatkModels/MenuItemOptions.cs	650cad02b126	docs/knowledge-graph/Customer Ordering/Restaurant & Menu Discovery/Discovery-Utilities.md
Shared/TalabatkLogic/TalabatkModels/MenuItemOptions.cs	650cad02b126	docs/knowledge-graph/Customer Ordering/Restaurant & Menu Discovery/MenuItem/MenuStructure.md
Shared/TalabatkLogic/TalabatkModels/MenuItemOptionsCategories.cs	805d457345c8	docs/knowledge-graph/Customer Ordering/Restaurant & Menu Discovery/Discovery-Utilities.md
Shared/TalabatkLogic/TalabatkModels/MenuItemOptionsCategories.cs	805d457345c8	docs/knowledge-graph/Customer Ordering/Restaurant & Menu Discovery/MenuItem/MenuStructure.md
Shared/TalabatkLogic/TalabatkModels/MenuItemPrice.cs	da50ed44127b	docs/knowledge-graph/Customer Ordering/Restaurant & Menu Discovery/MenuItem/MenuItemPrice.technical.md
Shared/TalabatkLogic/TalabatkModels/MenuItemPrice.cs	da50ed44127b	docs/knowledge-graph/_system/_conflicts.md
Shared/TalabatkLogic/TalabatkModels/MenuItemPriceDescription.cs	c30513972aaa	docs/knowledge-graph/Customer Ordering/Restaurant & Menu Discovery/Discovery-Utilities.md
Shared/TalabatkLogic/TalabatkModels/MenuItemPriceSku.cs	9ab96ef9afef	docs/knowledge-graph/Customer Ordering/Restaurant & Menu Discovery/Discovery-Utilities.md
Shared/TalabatkLogic/TalabatkModels/MenuItemReplacement.cs	6ad49d92e50b	docs/knowledge-graph/Customer Ordering/Restaurant & Menu Discovery/Discovery-Utilities.md
Shared/TalabatkLogic/TalabatkModels/MerchantCapacityHours.cs	b24bd4903c54	docs/knowledge-graph/Restaurant Portal/Menu & Order Management/Merchant-Menu-and-Orders.technical.md
Shared/TalabatkLogic/TalabatkModels/MerchantInstructionsVideos.cs	32885a9f87e2	docs/knowledge-graph/Admin/Admin Back-Office/_knowledge-graph.md
Shared/TalabatkLogic/TalabatkModels/MerchantInstructionsVideos.cs	32885a9f87e2	docs/knowledge-graph/Restaurant Portal/Menu & Order Management/Merchant-Menu-and-Orders.technical.md
Shared/TalabatkLogic/TalabatkModels/MerchantLoyaltyConfig.cs	d65cfabbca6f	docs/knowledge-graph/Restaurant Portal/Menu & Order Management/Merchant-Menu-and-Orders.technical.md
Shared/TalabatkLogic/TalabatkModels/MerchantLoyaltyConfig.cs	d65cfabbca6f	docs/knowledge-graph/_system/_conflicts.md
Shared/TalabatkLogic/TalabatkModels/MerchantReceivement.cs	b1c0c6db5544	docs/knowledge-graph/Restaurant Portal/Menu & Order Management/Merchant-Menu-and-Orders.technical.md
Shared/TalabatkLogic/TalabatkModels/MerchantRejectionReasons.cs	8fdfc6d4ff1a	docs/knowledge-graph/Restaurant Portal/Menu & Order Management/Merchant-Menu-and-Orders.technical.md
Shared/TalabatkLogic/TalabatkModels/MerchantRejectionReasons.cs	8fdfc6d4ff1a	docs/knowledge-graph/_system/_conflicts.md
Shared/TalabatkLogic/TalabatkModels/MerchantStatementTransaction.cs	950a66f2f1c5	docs/knowledge-graph/Customer Ordering/Payments/Money-Path.technical.md
Shared/TalabatkLogic/TalabatkModels/MerchantStatementTransaction.cs	950a66f2f1c5	docs/knowledge-graph/Delivery/Driver Cash & Compensation/Merchant-Accounting-and-Order-Cost.md
Shared/TalabatkLogic/TalabatkModels/MerchantStatementTransaction.cs	950a66f2f1c5	docs/knowledge-graph/Restaurant Portal/Menu & Order Management/Merchant-Menu-and-Orders.technical.md
Shared/TalabatkLogic/TalabatkModels/NonDeliveryReason.cs	9b2e11255e05	docs/knowledge-graph/Delivery/Delivery Man Operations/Delivery-Requests-and-Suppliers.md
Shared/TalabatkLogic/TalabatkModels/NonDeliveryReason.cs	9b2e11255e05	docs/knowledge-graph/_system/_entity-index.md
Shared/TalabatkLogic/TalabatkModels/NotificationExecutionHistory.cs	d60e5324a6d1	docs/knowledge-graph/Customer Ordering/Marketing & Content/Notification-Delivery.technical.md
Shared/TalabatkLogic/TalabatkModels/NotificationExecutionHistory.cs	d60e5324a6d1	docs/knowledge-graph/_system/_conflicts.md
Shared/TalabatkLogic/TalabatkModels/NotificationTargets.cs	ba66a3c92a6d	docs/knowledge-graph/Customer Ordering/Marketing & Content/Notification-Delivery.technical.md
Shared/TalabatkLogic/TalabatkModels/OfferItem.cs	a4a74acaf721	docs/knowledge-graph/Customer Ordering/Restaurant & Menu Discovery/Offers/Offers.technical.md
Shared/TalabatkLogic/TalabatkModels/OfferItem.cs	a4a74acaf721	docs/knowledge-graph/_system/_conflicts.md
Shared/TalabatkLogic/TalabatkModels/Offers.cs	5088c83f964e	docs/knowledge-graph/Customer Ordering/Restaurant & Menu Discovery/Offers/Offers.technical.md
Shared/TalabatkLogic/TalabatkModels/Offers.cs	5088c83f964e	docs/knowledge-graph/_system/_conflicts.md
Shared/TalabatkLogic/TalabatkModels/Order.Partial.cs	0ee58f302d71	docs/knowledge-graph/Customer Ordering/Order & Fulfilment/Order.ExternalDelivery.md
Shared/TalabatkLogic/TalabatkModels/Order.Partial.cs	0ee58f302d71	docs/knowledge-graph/_system/_conflicts.md
Shared/TalabatkLogic/TalabatkModels/Order.Partial.cs	0ee58f302d71	docs/knowledge-graph/_system/_entity-index.md
Shared/TalabatkLogic/TalabatkModels/Order.Partial.cs	0ee58f302d71	docs/knowledge-graph/_system/_system-index.md
Shared/TalabatkLogic/TalabatkModels/Order.cs	d3b605652e60	docs/knowledge-graph/Customer Ordering/Discounts & Coupons/Discount-Resolution.technical.md
Shared/TalabatkLogic/TalabatkModels/Order.cs	d3b605652e60	docs/knowledge-graph/Customer Ordering/Order & Fulfilment/Cancellation-and-Refund.technical.md
Shared/TalabatkLogic/TalabatkModels/Order.cs	d3b605652e60	docs/knowledge-graph/Customer Ordering/Order & Fulfilment/DeliveryInterval-and-AutoCompensation.md
Shared/TalabatkLogic/TalabatkModels/Order.cs	d3b605652e60	docs/knowledge-graph/Customer Ordering/Order & Fulfilment/Order-Lifecycle.technical.md
Shared/TalabatkLogic/TalabatkModels/Order.cs	d3b605652e60	docs/knowledge-graph/Customer Ordering/Order & Fulfilment/Order/Order.technical.md
Shared/TalabatkLogic/TalabatkModels/Order.cs	d3b605652e60	docs/knowledge-graph/Customer Ordering/Order & Fulfilment/_knowledge-graph.md
Shared/TalabatkLogic/TalabatkModels/Order.cs	d3b605652e60	docs/knowledge-graph/Customer Ordering/Order & Fulfilment/_scenarios.md
Shared/TalabatkLogic/TalabatkModels/Order.cs	d3b605652e60	docs/knowledge-graph/Customer Ordering/Payments/Money-Path.technical.md
Shared/TalabatkLogic/TalabatkModels/Order.cs	d3b605652e60	docs/knowledge-graph/Customer Ordering/Payments/PayMob/PayMob.technical.md
Shared/TalabatkLogic/TalabatkModels/Order.cs	d3b605652e60	docs/knowledge-graph/Delivery/Delivery Man Operations/Delivery-Fee-and-Assignment.technical.md
Shared/TalabatkLogic/TalabatkModels/Order.cs	d3b605652e60	docs/knowledge-graph/_system/_conflicts.md
Shared/TalabatkLogic/TalabatkModels/Order.cs	d3b605652e60	docs/knowledge-graph/_system/_pathA-work-order.md
Shared/TalabatkLogic/TalabatkModels/Order.cs	d3b605652e60	docs/knowledge-graph/_system/_system-index.md
Shared/TalabatkLogic/TalabatkModels/OrderAgentAssignment.cs	24221fba4bcf	docs/knowledge-graph/Customer Ordering/Order & Fulfilment/Order-Lifecycle.technical.md
Shared/TalabatkLogic/TalabatkModels/OrderChat.cs	5dd890a80b76	docs/knowledge-graph/Customer Ordering/Order & Fulfilment/Order-Lifecycle.technical.md
Shared/TalabatkLogic/TalabatkModels/OrderChat.cs	5dd890a80b76	docs/knowledge-graph/_system/_conflicts.md
Shared/TalabatkLogic/TalabatkModels/OrderComment.cs	fc8b68a807c5	docs/knowledge-graph/Customer Ordering/Order & Fulfilment/Order-Lifecycle.technical.md
Shared/TalabatkLogic/TalabatkModels/OrderCostHolder.cs	3d2416f9aed1	docs/knowledge-graph/Customer Ordering/Order & Fulfilment/Order-Lifecycle.technical.md
Shared/TalabatkLogic/TalabatkModels/OrderCostHolder.cs	3d2416f9aed1	docs/knowledge-graph/Delivery/Driver Cash & Compensation/Merchant-Accounting-and-Order-Cost.md
Shared/TalabatkLogic/TalabatkModels/OrderCostHolderRestaurant.cs	9933946ee54b	docs/knowledge-graph/Customer Ordering/Order & Fulfilment/Order-Lifecycle.technical.md
Shared/TalabatkLogic/TalabatkModels/OrderCountTracking.cs	27639a0de597	docs/knowledge-graph/Customer Ordering/Order & Fulfilment/Order-Lifecycle.technical.md
Shared/TalabatkLogic/TalabatkModels/OrderDelivery.cs	f86d116d0efc	docs/knowledge-graph/Customer Ordering/Payments/Money-Path.technical.md
Shared/TalabatkLogic/TalabatkModels/OrderDelivery.cs	f86d116d0efc	docs/knowledge-graph/Delivery/Delivery Man Operations/Delivery-Fee-and-Assignment.technical.md
Shared/TalabatkLogic/TalabatkModels/OrderDelivery.cs	f86d116d0efc	docs/knowledge-graph/Delivery/Delivery Man Operations/OrderDelivery/OrderDelivery.technical.md
Shared/TalabatkLogic/TalabatkModels/OrderDelivery.cs	f86d116d0efc	docs/knowledge-graph/_system/_conflicts.md
Shared/TalabatkLogic/TalabatkModels/OrderDetailReplacement.cs	fbdccf7b31f4	docs/knowledge-graph/Customer Ordering/Order & Fulfilment/Order-Lifecycle.technical.md
Shared/TalabatkLogic/TalabatkModels/OrderDetails.cs	188c9874b4a5	docs/knowledge-graph/Customer Ordering/Order & Fulfilment/OrderDetails.technical.md
Shared/TalabatkLogic/TalabatkModels/OrderDetails.cs	188c9874b4a5	docs/knowledge-graph/Customer Ordering/Payments/Money-Path.technical.md
Shared/TalabatkLogic/TalabatkModels/OrderDetails.cs	188c9874b4a5	docs/knowledge-graph/_system/_conflicts.md
Shared/TalabatkLogic/TalabatkModels/OrderDetailsOptions.cs	a3f401234acd	docs/knowledge-graph/Customer Ordering/Order & Fulfilment/Order-Lifecycle.technical.md
Shared/TalabatkLogic/TalabatkModels/OrderDetailsOptions.cs	a3f401234acd	docs/knowledge-graph/_system/_conflicts.md
Shared/TalabatkLogic/TalabatkModels/OrderPayment.cs	10ce6c0d300f	docs/knowledge-graph/Customer Ordering/Payments/PayMob/PayMob.technical.md
Shared/TalabatkLogic/TalabatkModels/OrderPayment.cs	10ce6c0d300f	docs/knowledge-graph/_system/_conflicts.md
Shared/TalabatkLogic/TalabatkModels/OrderPaymentStates.cs	5d6d5482ea47	docs/knowledge-graph/Customer Ordering/Order & Fulfilment/Order-Lifecycle.technical.md
Shared/TalabatkLogic/TalabatkModels/OrderRejectedReason.cs	6678b5a69357	docs/knowledge-graph/Customer Ordering/Restaurant & Menu Discovery/RestaurantReview.md
Shared/TalabatkLogic/TalabatkModels/OrderRestaurantDelivery.cs	824d6f884a9a	docs/knowledge-graph/Customer Ordering/Order & Fulfilment/Order-Lifecycle.technical.md
Shared/TalabatkLogic/TalabatkModels/OrderRestaurantDetails.cs	89869719f64d	docs/knowledge-graph/Customer Ordering/Discounts & Coupons/Discount-Resolution.technical.md
Shared/TalabatkLogic/TalabatkModels/OrderRestaurantDetails.cs	89869719f64d	docs/knowledge-graph/Customer Ordering/Order & Fulfilment/Cancellation-and-Refund.technical.md
Shared/TalabatkLogic/TalabatkModels/OrderRestaurantDetails.cs	89869719f64d	docs/knowledge-graph/Customer Ordering/Order & Fulfilment/OrderRestaurantDetails.md
Shared/TalabatkLogic/TalabatkModels/OrderRestaurantDetails.cs	89869719f64d	docs/knowledge-graph/Customer Ordering/Payments/Money-Path.technical.md
Shared/TalabatkLogic/TalabatkModels/OrderStates.cs	a9ce0e1e6b3b	docs/knowledge-graph/Customer Ordering/Order & Fulfilment/Order-Lifecycle.technical.md
Shared/TalabatkLogic/TalabatkModels/OrderStatusHistory.cs	536c4a140ff7	docs/knowledge-graph/Customer Ordering/Order & Fulfilment/Order-Lifecycle.technical.md
Shared/TalabatkLogic/TalabatkModels/PayMobTransaction.cs	281f6da533b7	docs/knowledge-graph/Customer Ordering/Payments/PayMob/PayMob.technical.md
Shared/TalabatkLogic/TalabatkModels/PaymentMethod.cs	06cfa427ec19	docs/knowledge-graph/Admin/Order & Customer Administration/PaymentMethod.md
Shared/TalabatkLogic/TalabatkModels/PaymentMethodCountries.cs	a4f121318a85	docs/knowledge-graph/Admin/Order & Customer Administration/PaymentMethod.md
Shared/TalabatkLogic/TalabatkModels/Permission.cs	53b96a2b1c95	docs/knowledge-graph/Identity & Access/Restaurant & Admin User Identity/Permission/Permission.technical.md
Shared/TalabatkLogic/TalabatkModels/PrivacyPolicy.cs	04df7b38ac26	docs/knowledge-graph/Customer Ordering/Marketing & Content/Notification-Delivery.technical.md
Shared/TalabatkLogic/TalabatkModels/PrivacyPolicy.cs	04df7b38ac26	docs/knowledge-graph/_system/_conflicts.md
Shared/TalabatkLogic/TalabatkModels/PromoCodes.cs	f8280d78440d	docs/knowledge-graph/Customer Ordering/Discounts & Coupons/Discount-Resolution.technical.md
Shared/TalabatkLogic/TalabatkModels/PromoCodes.cs	f8280d78440d	docs/knowledge-graph/Customer Ordering/Discounts & Coupons/PromoCodes/PromoCodes.technical.md
Shared/TalabatkLogic/TalabatkModels/PromoCodes.cs	f8280d78440d	docs/knowledge-graph/Customer Ordering/Discounts & Coupons/_scenarios.md
Shared/TalabatkLogic/TalabatkModels/PromoCodes.cs	f8280d78440d	docs/knowledge-graph/_system/_conflicts.md
Shared/TalabatkLogic/TalabatkModels/RecommendationInteractionEvent.cs	1758f9dd0441	docs/knowledge-graph/Customer Ordering/Restaurant & Menu Discovery/Discovery-Utilities.md
Shared/TalabatkLogic/TalabatkModels/RefreshToken.cs	32ecdfb09523	docs/knowledge-graph/_system/_conflicts.md
Shared/TalabatkLogic/TalabatkModels/Restaurant.cs	42514c8fb3e5	docs/knowledge-graph/Customer Ordering/Restaurant & Menu Discovery/Restaurant/Restaurant.technical.md
Shared/TalabatkLogic/TalabatkModels/Restaurant.cs	42514c8fb3e5	docs/knowledge-graph/Customer Ordering/Restaurant & Menu Discovery/_knowledge-graph.md
Shared/TalabatkLogic/TalabatkModels/Restaurant.cs	42514c8fb3e5	docs/knowledge-graph/Customer Ordering/Restaurant & Menu Discovery/_scenarios.md
Shared/TalabatkLogic/TalabatkModels/Restaurant.cs	42514c8fb3e5	docs/knowledge-graph/_system/_conflicts.md
Shared/TalabatkLogic/TalabatkModels/RestaurantArea.cs	936e8cde06d2	docs/knowledge-graph/Customer Ordering/Restaurant & Menu Discovery/Discovery-Utilities.md
Shared/TalabatkLogic/TalabatkModels/RestaurantDescription.cs	85e0900caaa1	docs/knowledge-graph/Customer Ordering/Restaurant & Menu Discovery/Discovery-Utilities.md
Shared/TalabatkLogic/TalabatkModels/RestaurantDescription.cs	85e0900caaa1	docs/knowledge-graph/_system/_conflicts.md
Shared/TalabatkLogic/TalabatkModels/RestaurantFinalScoreRate.cs	b9c9bbcbc458	docs/knowledge-graph/Admin/Catalog & Content Administration/Mart-and-Reference-Entities.md
Shared/TalabatkLogic/TalabatkModels/RestaurantFinalScoreRate.cs	b9c9bbcbc458	docs/knowledge-graph/Customer Ordering/Restaurant & Menu Discovery/Discovery-Utilities.md
Shared/TalabatkLogic/TalabatkModels/RestaurantJournalSubuscriptions.cs	b7fd9d261ce8	docs/knowledge-graph/Customer Ordering/Restaurant & Menu Discovery/Discovery-Utilities.md
Shared/TalabatkLogic/TalabatkModels/RestaurantPromoCode.cs	c8e747604abd	docs/knowledge-graph/Customer Ordering/Restaurant & Menu Discovery/Discovery-Utilities.md
Shared/TalabatkLogic/TalabatkModels/RestaurantReview.cs	84af799ed021	docs/knowledge-graph/Customer Ordering/Restaurant & Menu Discovery/RestaurantReview.md
Shared/TalabatkLogic/TalabatkModels/RestaurantZone .cs	f5bf5396ef54	docs/knowledge-graph/Customer Ordering/Restaurant & Menu Discovery/Discovery-Utilities.md
Shared/TalabatkLogic/TalabatkModels/RestaurantZoneArea.cs	64669b28c955	docs/knowledge-graph/Admin/Catalog & Content Administration/Mart-and-Reference-Entities.md
Shared/TalabatkLogic/TalabatkModels/RestaurantZoneArea.cs	64669b28c955	docs/knowledge-graph/Customer Ordering/Restaurant & Menu Discovery/Discovery-Utilities.md
Shared/TalabatkLogic/TalabatkModels/Restaurant_FoodTypes.cs	c7323639c45c	docs/knowledge-graph/Customer Ordering/Restaurant & Menu Discovery/Discovery-Utilities.md
Shared/TalabatkLogic/TalabatkModels/ResturantBusyHistory.cs	2f34f9a32a3b	docs/knowledge-graph/Customer Ordering/Restaurant & Menu Discovery/Discovery-Utilities.md
Shared/TalabatkLogic/TalabatkModels/ResturantBusyHistory.cs	2f34f9a32a3b	docs/knowledge-graph/_system/_conflicts.md
Shared/TalabatkLogic/TalabatkModels/RoboCall.cs	ffb4771ff313	docs/knowledge-graph/Delivery/Delivery Man Operations/Delivery-Requests-and-Suppliers.md
Shared/TalabatkLogic/TalabatkModels/RoboCall.cs	ffb4771ff313	docs/knowledge-graph/Delivery/Driver Cash & Compensation/Merchant-Accounting-and-Order-Cost.md
Shared/TalabatkLogic/TalabatkModels/RoboCallOrder.cs	e3a748094e95	docs/knowledge-graph/Delivery/Delivery Man Operations/Delivery-Requests-and-Suppliers.md
Shared/TalabatkLogic/TalabatkModels/RolePermission.cs	713a69361667	docs/knowledge-graph/Identity & Access/Authentication & Tokens/Identity/Identity.technical.md
Shared/TalabatkLogic/TalabatkModels/SalesDaily.cs	7a4ab1246b67	docs/knowledge-graph/Admin/Admin Back-Office/Configuration/Configuration.technical.md
Shared/TalabatkLogic/TalabatkModels/SalesDaily.cs	7a4ab1246b67	docs/knowledge-graph/_system/_conflicts.md
Shared/TalabatkLogic/TalabatkModels/ScheduledNotification.cs	8fb3feeacb98	docs/knowledge-graph/_system/_conflicts.md
Shared/TalabatkLogic/TalabatkModels/ScheduledNotificationCustomerGroupType.cs	e847b4edf3a1	docs/knowledge-graph/Customer Ordering/Marketing & Content/Notification-Delivery.technical.md
Shared/TalabatkLogic/TalabatkModels/SearchHistory.cs	84a141eb6255	docs/knowledge-graph/Customer Ordering/Restaurant & Menu Discovery/Discovery-Utilities.md
Shared/TalabatkLogic/TalabatkModels/ShiftLocation.cs	ae31599605a1	docs/knowledge-graph/Delivery/Delivery Man Operations/Driver-Operations.technical.md
Shared/TalabatkLogic/TalabatkModels/SliderHome.cs	91be5e368b59	docs/knowledge-graph/Customer Ordering/Restaurant & Menu Discovery/Discovery-Utilities.md
Shared/TalabatkLogic/TalabatkModels/SpecialMartCategorySetting.cs	0c94d5931ca2	docs/knowledge-graph/Customer Ordering/Restaurant & Menu Discovery/Mart.md
Shared/TalabatkLogic/TalabatkModels/StoreTypeCities.cs	e7589d3addb8	docs/knowledge-graph/Customer Ordering/Restaurant & Menu Discovery/Discovery-Utilities.md
Shared/TalabatkLogic/TalabatkModels/StoreTypes.cs	6d1e1c29b45c	docs/knowledge-graph/Admin/Catalog & Content Administration/StoreTypes/StoreTypes.technical.md
Shared/TalabatkLogic/TalabatkModels/StoreTypes.cs	6d1e1c29b45c	docs/knowledge-graph/_system/_conflicts.md
Shared/TalabatkLogic/TalabatkModels/StoreTypesDescription.cs	48cbfa2189b7	docs/knowledge-graph/Admin/Catalog & Content Administration/StoreTypes/StoreTypes.technical.md
Shared/TalabatkLogic/TalabatkModels/StoreTypesDescription.cs	48cbfa2189b7	docs/knowledge-graph/Customer Ordering/Restaurant & Menu Discovery/Discovery-Utilities.md
Shared/TalabatkLogic/TalabatkModels/StoreTypesDescription.cs	48cbfa2189b7	docs/knowledge-graph/_system/_conflicts.md
Shared/TalabatkLogic/TalabatkModels/Tag.cs	f573be01e1d1	docs/knowledge-graph/Admin/Catalog & Content Administration/Mart-and-Reference-Entities.md
Shared/TalabatkLogic/TalabatkModels/Tag.cs	f573be01e1d1	docs/knowledge-graph/Customer Ordering/Restaurant & Menu Discovery/Discovery-Utilities.md
Shared/TalabatkLogic/TalabatkModels/TaskType.cs	bfee78db9d01	docs/knowledge-graph/Admin/Admin Back-Office/Configuration/Configuration.technical.md
Shared/TalabatkLogic/TalabatkModels/Tasks.cs	2ddce5b1433f	docs/knowledge-graph/Admin/Admin Back-Office/Configuration/Configuration.technical.md
Shared/TalabatkLogic/TalabatkModels/TermsAndConditions.cs	fa25038be7f3	docs/knowledge-graph/Customer Ordering/Marketing & Content/Notification-Delivery.technical.md
Shared/TalabatkLogic/TalabatkModels/UnRegesteredCustomers.cs	1203168f7464	docs/knowledge-graph/Admin/Catalog & Content Administration/Mart-and-Reference-Entities.md
Shared/TalabatkLogic/TalabatkModels/UnRegesteredCustomers.cs	1203168f7464	docs/knowledge-graph/Identity & Access/Customer Identity/Customer/Customer.technical.md
Shared/TalabatkLogic/TalabatkModels/UnRevisedItem.cs	b5083f3358d5	docs/knowledge-graph/Customer Ordering/Order & Fulfilment/Order-Lifecycle.technical.md
Shared/TalabatkLogic/TalabatkModels/UnRevisedItem.cs	b5083f3358d5	docs/knowledge-graph/_system/_conflicts.md
Shared/TalabatkLogic/TalabatkModels/UnbanReasons.cs	dfceaffd61dc	docs/knowledge-graph/Delivery/Delivery Man Operations/Delivery-Requests-and-Suppliers.md
Shared/TalabatkLogic/TalabatkModels/UnbanReasons.cs	dfceaffd61dc	docs/knowledge-graph/_system/_conflicts.md
Shared/TalabatkLogic/TalabatkModels/UserShift.cs	75820933c4bd	docs/knowledge-graph/Identity & Access/Authentication & Tokens/Identity/Identity.technical.md
Shared/TalabatkLogic/TalabatkModels/UserShift.cs	75820933c4bd	docs/knowledge-graph/_system/_conflicts.md
Shared/TalabatkLogic/TalabatkModels/UserShiftDetails.cs	0413f00cfb72	docs/knowledge-graph/Identity & Access/Authentication & Tokens/Identity/Identity.technical.md
Shared/TalabatkLogic/TalabatkModels/Vouchers.cs	70ea6dc0ea9a	docs/knowledge-graph/Customer Ordering/Discounts & Coupons/Vouchers/Vouchers.technical.md
Shared/TalabatkLogic/TalabatkModels/Vouchers.cs	70ea6dc0ea9a	docs/knowledge-graph/Customer Ordering/Discounts & Coupons/_scenarios.md
Shared/TalabatkLogic/TalabatkModels/Vouchers.cs	70ea6dc0ea9a	docs/knowledge-graph/_system/_conflicts.md
Shared/TalabatkLogic/TalabatkModels/WalletTransaction.cs	d49b022e33d0	docs/knowledge-graph/Customer Ordering/Cart & Checkout/Wallet-and-PaymentMethod.md
Shared/TalabatkLogic/TalabatkModels/WalletTransaction.cs	d49b022e33d0	docs/knowledge-graph/Identity & Access/Customer Identity/Customer/WalletTransaction.md
Shared/TalabatkLogic/TalabatkModels/WalletTransaction.cs	d49b022e33d0	docs/knowledge-graph/_system/_conflicts.md
Shared/TalabatkLogic/TalabatkModels/Webhook.cs	2f7aca8312bb	docs/knowledge-graph/Admin/Admin Back-Office/Configuration/Configuration.technical.md
Shared/TalabatkLogic/TalabatkModels/Webhook.cs	2f7aca8312bb	docs/knowledge-graph/_system/_conflicts.md
Shared/TalabatkLogic/TalabatkModels/WebhookEvent.cs	3121edc2683e	docs/knowledge-graph/Admin/Admin Back-Office/Configuration/Configuration.technical.md
Shared/TalabatkLogic/TalabatkModels/WebhookSubscription.cs	04364361acd0	docs/knowledge-graph/Admin/Admin Back-Office/Configuration/Configuration.technical.md
Shared/TalabatkLogic/TalabatkModels/WorkUsDelivery.cs	c722840f48a6	docs/knowledge-graph/Delivery/Delivery Man Operations/Driver-Operations.technical.md
Shared/TalabatkLogic/TalabatkModels/WorkUsDeliveryHistory.cs	4f20c7bdcd3b	docs/knowledge-graph/Delivery/Delivery Man Operations/Driver-Operations.technical.md
Shared/TalabatkLogic/TalabatkModels/WorkUsDeliveryHistory.cs	4f20c7bdcd3b	docs/knowledge-graph/_system/_conflicts.md
Shared/TalabatkLogic/TalabatkModels/WorkUsDeliveryStatus.cs	07217093ba8a	docs/knowledge-graph/Delivery/Delivery Man Operations/Driver-Operations.technical.md
Shared/TalabatkLogic/TalabatkModels/WorkUsRestaurant.cs	14a54b464afa	docs/knowledge-graph/Delivery/Delivery Man Operations/Driver-Operations.technical.md
Shared/TalabatkLogic/TalabatkModels/WorkUsRestaurantComment.cs	955a311251ce	docs/knowledge-graph/Delivery/Delivery Man Operations/Driver-Operations.technical.md
Shared/TalabatkLogic/TalabatkModels/WorkingDay.cs	fe7cd69d1562	docs/knowledge-graph/Admin/City & Geography Administration/Area-and-Country.md
Shared/TalabatkLogic/TieredDiscountAggregate/POCOs/TieredDiscountTierPoco.cs	26472503da0e	docs/knowledge-graph/Customer Ordering/Tiered Discount/TieredDiscount/TieredDiscount.technical.md
Shared/TalabatkLogic/TieredDiscountAggregate/TieredDiscount.cs	5a01e502c2ef	docs/knowledge-graph/Customer Ordering/Tiered Discount/TieredDiscount/TieredDiscount.technical.md
Shared/TalabatkLogic/TieredDiscountAggregate/TieredDiscount.cs	5a01e502c2ef	docs/knowledge-graph/Customer Ordering/Tiered Discount/TieredDiscountTier.md
Shared/TalabatkLogic/TieredDiscountAggregate/TieredDiscount.cs	5a01e502c2ef	docs/knowledge-graph/Customer Ordering/Tiered Discount/_scenarios.md
Shared/TalabatkLogic/TieredDiscountAggregate/TieredDiscountCustomer.cs	deb76b9a48a6	docs/knowledge-graph/Customer Ordering/Tiered Discount/TieredDiscountTier.md
Shared/TalabatkLogic/TieredDiscountAggregate/TieredDiscountRestaurant.cs	05919a5d9b9e	docs/knowledge-graph/Customer Ordering/Tiered Discount/TieredDiscountTier.md
Shared/TalabatkLogic/TieredDiscountAggregate/TieredDiscountSegment.cs	7faef991f603	docs/knowledge-graph/Customer Ordering/Tiered Discount/TieredDiscountTier.md
Shared/TalabatkLogic/TieredDiscountAggregate/TieredDiscountTier.cs	3a2304c31451	docs/knowledge-graph/Customer Ordering/Tiered Discount/TieredDiscount/TieredDiscount.technical.md
Shared/TalabatkLogic/TieredDiscountAggregate/TieredDiscountTier.cs	3a2304c31451	docs/knowledge-graph/Customer Ordering/Tiered Discount/TieredDiscountTier.md
Shared/TalabatkLogic/TieredDiscountAggregate/TieredDiscountTier.cs	3a2304c31451	docs/knowledge-graph/Customer Ordering/Tiered Discount/_scenarios.md
Shared/TalabatkLogic/TieredDiscountAggregate/TieredDiscountTier.cs	3a2304c31451	docs/knowledge-graph/_system/_conflicts.md
Shared/TalabatkLogic/TieredDiscountAggregate/TieredDiscountTypeEnum.cs	c065dace1402	docs/knowledge-graph/Customer Ordering/Tiered Discount/TieredDiscount/TieredDiscount.technical.md
SqlQuery_2.sql	f443a4265b80	docs/knowledge-graph/_system/_conflicts.md
Talabatk.IDS/Application/Commands/ActivateCustomerV2Command/ActivateCustomerV2Command.cs	0582b34dba5b	docs/knowledge-graph/Identity & Access/Customer Identity/Customer-Account-Lifecycle.technical.md
Talabatk.IDS/Application/Commands/AddDeliveryManAttendanceCommand/AddDeliveryManAttendanceCommand.cs	a0673826fb16	docs/knowledge-graph/Delivery/Delivery Man Operations/Driver-Operations.technical.md
Talabatk.IDS/Application/Commands/AddDeliveryManAttendanceCommand/AddDeliveryManAttendanceCommand.cs	a0673826fb16	docs/knowledge-graph/_system/_conflicts.md
Talabatk.IDS/Application/Commands/AddNewUserCommand/AddnewUserCommand.cs	eebe6161535c	docs/knowledge-graph/Admin/Admin Back-Office/Admin-Access-and-Oversight.technical.md
Talabatk.IDS/Application/Commands/AddNewUserCommand/AddnewUserCommandValidator.cs	cda42ee2ccf6	docs/knowledge-graph/Admin/Admin Back-Office/Admin-Access-and-Oversight.technical.md
Talabatk.IDS/Application/Commands/AddOperationAttendanceCommand/AddOperationAttendanceCommand.cs	c7216804a249	docs/knowledge-graph/Delivery/Delivery Man Operations/Driver-Operations.technical.md
Talabatk.IDS/Application/Commands/AddOperationAttendanceCommand/AddOperationAttendanceCommand.cs	c7216804a249	docs/knowledge-graph/_system/_conflicts.md
Talabatk.IDS/Application/Commands/AddStoreUserbyAdminCommand/AddStoreUserByAdminCommand.cs	70eacb08fb0d	docs/knowledge-graph/_system/_conflicts.md
Talabatk.IDS/Application/Commands/AssigneOrderToDeliveryManTasksDistributionCommand/AssigneOrderToDeliveryManTasksDistributionCommand.cs	37f8b92a0bf9	docs/knowledge-graph/Delivery/Delivery Man Operations/Delivery-Fee-and-Assignment.technical.md
Talabatk.IDS/Application/Commands/AssigneOrderToDeliveryManTasksDistributionCommand/AssigneOrderToDeliveryManTasksDistributionCommand.cs	37f8b92a0bf9	docs/knowledge-graph/Delivery/Delivery Man Operations/Driver-Operations.technical.md
Talabatk.IDS/Application/Commands/AssigneOrderToDeliveryManTasksDistributionCommand/AssigneOrderToDeliveryManTasksDistributionCommand.cs	37f8b92a0bf9	docs/knowledge-graph/_system/_conflicts.md
Talabatk.IDS/Application/Commands/ChangePasswordCommand/ChangePasswordDto.cs	f518d1ce1e85	docs/knowledge-graph/Identity & Access/Customer Identity/_knowledge-graph.md
Talabatk.IDS/Application/Commands/ChangePasswordCommand/ChangePasswordDto.cs	f518d1ce1e85	docs/knowledge-graph/Identity & Access/Customer Identity/_scenarios.md
Talabatk.IDS/Application/Commands/CheckLateOrderCommand/CheckLateOrderCommand.cs	a81253096ae2	docs/knowledge-graph/Delivery/Delivery Man Operations/Driver-Operations.technical.md
Talabatk.IDS/Application/Commands/CheckLateOrderCommand/CheckLateOrderCommand.cs	a81253096ae2	docs/knowledge-graph/_system/_conflicts.md
Talabatk.IDS/Application/Commands/CompleteCustomerRegistrationCommand/CompleteCustomerRegistrationCommand.cs	0b09426afa70	docs/knowledge-graph/Identity & Access/Customer Identity/Customer-Account-Lifecycle.technical.md
Talabatk.IDS/Application/Commands/DeleteUserCommand/DeleteUserCommand.cs	14bbc5b5e13d	docs/knowledge-graph/Identity & Access/Restaurant & Admin User Identity/_knowledge-graph.md
Talabatk.IDS/Application/Commands/DeleteUserCommand/DeleteUserCommand.cs	14bbc5b5e13d	docs/knowledge-graph/Identity & Access/Restaurant & Admin User Identity/_scenarios.md
Talabatk.IDS/Application/Commands/FirstOrderServiceCommand/FirstOrderServiceCommand.cs	b4792573221d	docs/knowledge-graph/_system/_conflicts.md
Talabatk.IDS/Application/Commands/ForGetPasswordCommandForRestaurantUser/ForGetPasswordCommandForRestaurantUser.cs	cacc89ba4f38	docs/knowledge-graph/_system/_conflicts.md
Talabatk.IDS/Application/Commands/NewRegistrationServiceCommand/NewRegistrationServiceCommand.cs	fd8eff47456e	docs/knowledge-graph/_system/_conflicts.md
Talabatk.IDS/Application/Commands/OrderDistributionCommand/OrderDistributionCommandFirstStage.cs	29ebdf984489	docs/knowledge-graph/_system/_conflicts.md
Talabatk.IDS/Application/Commands/OrderDistributionCommand/OrderDistributionCommandSecondStage.cs	505dacc17eae	docs/knowledge-graph/_system/_conflicts.md
Talabatk.IDS/Application/Commands/OrderDistributionCommand/OrderDistributionCommandthirdStage.cs	934e4de1c598	docs/knowledge-graph/_system/_conflicts.md
Talabatk.IDS/Application/Commands/ReAssignLateOrderPendingTasks/ReAssignLateOrderPendingTasksCommand.cs	01d2a46327e0	docs/knowledge-graph/_system/_conflicts.md
Talabatk.IDS/Application/Commands/RegisterCustomerV2Command/RegisterCustomerV2Command.cs	f480da554257	docs/knowledge-graph/Identity & Access/Customer Identity/Customer-Account-Lifecycle.technical.md
Talabatk.IDS/Application/Commands/RegisterCustomerV2Command/RegisterCustomerV2Command.cs	f480da554257	docs/knowledge-graph/Identity & Access/Customer Identity/Customer/Customer.technical.md
Talabatk.IDS/Application/Commands/ResendActivationCodeForRestaurantUserCommand/ResendActivationCodeForRestaurantUserCommand.cs	2b16f98b3c28	docs/knowledge-graph/_system/_conflicts.md
Talabatk.IDS/Application/Commands/ResetPasswordCommand/ResetPasswordCommand.cs	50ba98100b39	docs/knowledge-graph/Identity & Access/Customer Identity/_knowledge-graph.md
Talabatk.IDS/Application/Commands/ResetPasswordCommand/ResetPasswordCommand.cs	50ba98100b39	docs/knowledge-graph/Identity & Access/Customer Identity/_scenarios.md
Talabatk.IDS/Application/Commands/ResetPasswordCommand/ResetPasswordCommand.cs	50ba98100b39	docs/knowledge-graph/Identity & Access/Delivery Man Identity/_knowledge-graph.md
Talabatk.IDS/Application/Commands/ResetPasswordCommand/ResetPasswordCommand.cs	50ba98100b39	docs/knowledge-graph/_system/_conflicts.md
Talabatk.IDS/Application/Commands/ResetPasswordCommand/ResetPasswordDto.cs	01750106bcd2	docs/knowledge-graph/Identity & Access/Delivery Man Identity/_knowledge-graph.md
Talabatk.IDS/Application/Commands/ResetPasswordCommand/ResetPasswordDto.cs	01750106bcd2	docs/knowledge-graph/Identity & Access/Delivery Man Identity/_scenarios.md
Talabatk.IDS/Application/Commands/ResetPasswordCommand/ResetPasswordDto.cs	01750106bcd2	docs/knowledge-graph/_system/_conflicts.md
Talabatk.IDS/Application/Commands/ResetPasswordForRestaurantUserCommand/ResetPasswordForRestaurantUserCommand.cs	895b1dce0204	docs/knowledge-graph/Identity & Access/Restaurant & Admin User Identity/_knowledge-graph.md
Talabatk.IDS/Application/Commands/ResetPasswordForRestaurantUserCommand/ResetPasswordForRestaurantUserCommand.cs	895b1dce0204	docs/knowledge-graph/Identity & Access/Restaurant & Admin User Identity/_scenarios.md
Talabatk.IDS/Application/Commands/SendCustomerOtpCommand/SendCustomerOtpCommand.cs	08c25b5bfa24	docs/knowledge-graph/Identity & Access/Customer Identity/Customer-Account-Lifecycle.technical.md
Talabatk.IDS/Application/Commands/SendCustomerOtpCommand/SendCustomerOtpCommand.cs	08c25b5bfa24	docs/knowledge-graph/_system/_conflicts.md
Talabatk.IDS/Application/Commands/SendCustomerOtpCommand/SendOtpRequest.cs	dcf5ae0ca3bb	docs/knowledge-graph/Identity & Access/Customer Identity/Customer-Account-Lifecycle.technical.md
Talabatk.IDS/Application/Commands/SendCustomerOtpCommand/SendOtpRequest.cs	dcf5ae0ca3bb	docs/knowledge-graph/_system/_conflicts.md
Talabatk.IDS/Application/Commands/SoftDeleteDeliveryManCommand/SoftDeleteDeliveryManCommand.cs	6a7276db5339	docs/knowledge-graph/_system/_conflicts.md
Talabatk.IDS/Application/Helpers/BackgroundServices/PublishBackgroundServices.cs	644ed92886c4	docs/knowledge-graph/_system/_conflicts.md
Talabatk.IDS/Application/Queries/AllDeliveryMenQuery/AllDeliveryMenQuery.cs	8dcb23a0fe2a	docs/knowledge-graph/_system/_idor-instances.md
Talabatk.IDS/Application/Queries/AllUsersQuery/AllUsersQuery.cs	807aeb6a6895	docs/knowledge-graph/_system/_idor-instances.md
Talabatk.IDS/Configurations/Database.cs	df12faadeef5	docs/knowledge-graph/_system/_conflicts.md
Talabatk.IDS/Configurations/Identity.cs	9ac57860f5a7	docs/knowledge-graph/Admin/Admin Back-Office/Admin-Access-and-Oversight.technical.md
Talabatk.IDS/Configurations/Identity.cs	9ac57860f5a7	docs/knowledge-graph/Identity & Access/Authentication & Tokens/Identity/Identity.technical.md
Talabatk.IDS/Configurations/Identity.cs	9ac57860f5a7	docs/knowledge-graph/Identity & Access/Authentication & Tokens/_knowledge-graph.md
Talabatk.IDS/Configurations/Identity.cs	9ac57860f5a7	docs/knowledge-graph/Identity & Access/Authentication & Tokens/_scenarios.md
Talabatk.IDS/Configurations/Identity.cs	9ac57860f5a7	docs/knowledge-graph/_system/_conflicts.md
Talabatk.IDS/Configurations/Identity.cs	9ac57860f5a7	docs/knowledge-graph/_system/_round4-delivery.md
Talabatk.IDS/Configurations/IdentityConfig.cs	7d1c5a777680	docs/knowledge-graph/Identity & Access/Authentication & Tokens/Identity/Identity.technical.md
Talabatk.IDS/Configurations/IdentityConfig.cs	7d1c5a777680	docs/knowledge-graph/_system/_conflicts.md
Talabatk.IDS/Controllers/Account/AccountController.cs	2781c096ebcf	docs/knowledge-graph/Delivery/Delivery Man Operations/Driver-Operations.technical.md
Talabatk.IDS/Controllers/Account/AccountController.cs	2781c096ebcf	docs/knowledge-graph/Identity & Access/Authentication & Tokens/Login-and-Activation.md
Talabatk.IDS/Controllers/Account/AccountController.cs	2781c096ebcf	docs/knowledge-graph/Identity & Access/Authentication & Tokens/_knowledge-graph.md
Talabatk.IDS/Controllers/Account/AccountController.cs	2781c096ebcf	docs/knowledge-graph/Identity & Access/Authentication & Tokens/_scenarios.md
Talabatk.IDS/Controllers/Account/ExternalController.cs	7fd2e6579cee	docs/knowledge-graph/Identity & Access/Authentication & Tokens/_knowledge-graph.md
Talabatk.IDS/Controllers/Account/ExternalController.cs	7fd2e6579cee	docs/knowledge-graph/Identity & Access/Authentication & Tokens/_scenarios.md
Talabatk.IDS/Controllers/Account/HomeController.cs	67f57911cc26	docs/knowledge-graph/Identity & Access/Authentication & Tokens/_knowledge-graph.md
Talabatk.IDS/Controllers/BackgroundJobsController.cs	6771d86519f8	docs/knowledge-graph/Identity & Access/Ops & Infra/_knowledge-graph.md
Talabatk.IDS/Controllers/BackgroundJobsController.cs	6771d86519f8	docs/knowledge-graph/Identity & Access/Ops & Infra/_scenarios.md
Talabatk.IDS/Controllers/BackgroundJobsController.cs	6771d86519f8	docs/knowledge-graph/_system/_idor-instances.md
Talabatk.IDS/Controllers/CustomerController.cs	f2a016cb6aa3	docs/knowledge-graph/Identity & Access/Customer Identity/Customer-Account-Lifecycle.technical.md
Talabatk.IDS/Controllers/CustomerController.cs	f2a016cb6aa3	docs/knowledge-graph/Identity & Access/Customer Identity/_knowledge-graph.md
Talabatk.IDS/Controllers/CustomerController.cs	f2a016cb6aa3	docs/knowledge-graph/Identity & Access/Customer Identity/_scenarios.md
Talabatk.IDS/Controllers/CustomerController.cs	f2a016cb6aa3	docs/knowledge-graph/_system/_conflicts.md
Talabatk.IDS/Controllers/DeliveryMenController.cs	d1bc8eebe1c5	docs/knowledge-graph/Identity & Access/Authentication & Tokens/Login-and-Activation.md
Talabatk.IDS/Controllers/DeliveryMenController.cs	d1bc8eebe1c5	docs/knowledge-graph/Identity & Access/Delivery Man Identity/_knowledge-graph.md
Talabatk.IDS/Controllers/DeliveryMenController.cs	d1bc8eebe1c5	docs/knowledge-graph/Identity & Access/Delivery Man Identity/_scenarios.md
Talabatk.IDS/Controllers/DeliveryMenController.cs	d1bc8eebe1c5	docs/knowledge-graph/_system/_conflicts.md
Talabatk.IDS/Controllers/DeliveryMenController/DeliveryManController.cs	3bb0cd400cde	docs/knowledge-graph/Identity & Access/Authentication & Tokens/Login-and-Activation.md
Talabatk.IDS/Controllers/DeliveryMenController/DeliveryManController.cs	3bb0cd400cde	docs/knowledge-graph/Identity & Access/Delivery Man Identity/_knowledge-graph.md
Talabatk.IDS/Controllers/DeliveryMenController/DeliveryManTestController.cs	64a9c16f2a1d	docs/knowledge-graph/Identity & Access/Delivery Man Identity/_knowledge-graph.md
Talabatk.IDS/Controllers/DeliveryMenController/DeliveryManTestController.cs	64a9c16f2a1d	docs/knowledge-graph/Identity & Access/Delivery Man Identity/_scenarios.md
Talabatk.IDS/Controllers/DeliveryMenController/DeliveryManTestController.cs	64a9c16f2a1d	docs/knowledge-graph/_system/_conflicts.md
Talabatk.IDS/Controllers/FeatureMangamentController/FeatureMangamentController.cs	a1851001420f	docs/knowledge-graph/Identity & Access/Ops & Infra/_knowledge-graph.md
Talabatk.IDS/Controllers/FeatureMangamentController/FeatureMangamentController.cs	a1851001420f	docs/knowledge-graph/_system/_conflicts.md
Talabatk.IDS/Controllers/FeaturesController.cs	987c2188e807	docs/knowledge-graph/Identity & Access/Ops & Infra/_knowledge-graph.md
Talabatk.IDS/Controllers/FeaturesController.cs	987c2188e807	docs/knowledge-graph/Identity & Access/Ops & Infra/_scenarios.md
Talabatk.IDS/Controllers/FeaturesController.cs	987c2188e807	docs/knowledge-graph/_system/_conflicts.md
Talabatk.IDS/Controllers/FeaturesController.cs	987c2188e807	docs/knowledge-graph/_system/_integrations.md
Talabatk.IDS/Controllers/HealthController/HealthController.cs	943077745a0c	docs/knowledge-graph/Identity & Access/Ops & Infra/_knowledge-graph.md
Talabatk.IDS/Controllers/MaintenanceController.cs	33b18b028801	docs/knowledge-graph/Identity & Access/Ops & Infra/_knowledge-graph.md
Talabatk.IDS/Controllers/MaintenanceController.cs	33b18b028801	docs/knowledge-graph/Identity & Access/Ops & Infra/_scenarios.md
Talabatk.IDS/Controllers/PaymentController/PaymentController.cs	56e8e3dbf12c	docs/knowledge-graph/Identity & Access/Ops & Infra/_knowledge-graph.md
Talabatk.IDS/Controllers/PaymentController/PaymentController.cs	56e8e3dbf12c	docs/knowledge-graph/Identity & Access/Ops & Infra/_scenarios.md
Talabatk.IDS/Controllers/RestaurantUserController/RestaurantUserController.cs	a4c44c8baa83	docs/knowledge-graph/Identity & Access/Restaurant & Admin User Identity/_knowledge-graph.md
Talabatk.IDS/Controllers/RestaurantUserController/RestaurantUserController.cs	a4c44c8baa83	docs/knowledge-graph/Identity & Access/Restaurant & Admin User Identity/_scenarios.md
Talabatk.IDS/Controllers/RestaurantUserController/RestaurantUserController.cs	a4c44c8baa83	docs/knowledge-graph/_system/_conflicts.md
Talabatk.IDS/Controllers/RestaurantUserController/RestaurantUserController.cs	a4c44c8baa83	docs/knowledge-graph/_system/_pathA-work-order.md
Talabatk.IDS/Controllers/UsersController/UsersController.cs	2c7b220012a2	docs/knowledge-graph/Admin/Admin Back-Office/Admin-Access-and-Oversight.technical.md
Talabatk.IDS/Controllers/UsersController/UsersController.cs	2c7b220012a2	docs/knowledge-graph/Identity & Access/Restaurant & Admin User Identity/_knowledge-graph.md
Talabatk.IDS/Controllers/UsersController/UsersController.cs	2c7b220012a2	docs/knowledge-graph/Identity & Access/Restaurant & Admin User Identity/_scenarios.md
Talabatk.IDS/Controllers/UsersController/UsersController.cs	2c7b220012a2	docs/knowledge-graph/Identity & Access/_context.md
Talabatk.IDS/Controllers/UsersController/UsersController.cs	2c7b220012a2	docs/knowledge-graph/_system/_conflicts.md
Talabatk.IDS/Controllers/UsersController/UsersController.cs	2c7b220012a2	docs/knowledge-graph/_system/_idor-instances.md
Talabatk.IDS/CustomerIdentityProfileService.cs	1be8c230f1c5	docs/knowledge-graph/Identity & Access/Authentication & Tokens/Login-and-Activation.md
Talabatk.IDS/CustomerIdentityProfileService.cs	1be8c230f1c5	docs/knowledge-graph/Identity & Access/Customer Identity/Customer-Account-Lifecycle.technical.md
Talabatk.IDS/CustomerIdentityProfileService.cs	1be8c230f1c5	docs/knowledge-graph/_system/_conflicts.md
Talabatk.IDS/CustomerManager/CustomerStore.cs	ec9a612dc84a	docs/knowledge-graph/_system/_conflicts.md
Talabatk.IDS/CustomerManager/CustomerUserManager.cs	60b508abfd3b	docs/knowledge-graph/_system/_conflicts.md
Talabatk.IDS/CustomerManager/CustomerUserValidator.cs	ebe0756c489a	docs/knowledge-graph/_system/_conflicts.md
Talabatk.IDS/CustomerResourceOwnerValidator.cs	949797e366d7	docs/knowledge-graph/Delivery/Delivery Man Operations/Driver-Operations.technical.md
Talabatk.IDS/CustomerResourceOwnerValidator.cs	949797e366d7	docs/knowledge-graph/Identity & Access/Authentication & Tokens/Login-and-Activation.md
Talabatk.IDS/CustomerResourceOwnerValidator.cs	949797e366d7	docs/knowledge-graph/Identity & Access/Customer Identity/Customer-Account-Lifecycle.technical.md
Talabatk.IDS/CustomerResourceOwnerValidator.cs	949797e366d7	docs/knowledge-graph/_system/_conflicts.md
Talabatk.IDS/DataTransferObjects/CodeValidationDto.cs	37b85e5607b5	docs/knowledge-graph/_system/_conflicts.md
Talabatk.IDS/DeliveryManManager/DeliveryManUserValidator.cs	f67ea076b816	docs/knowledge-graph/_system/_conflicts.md
Talabatk.IDS/DeliveryManManager/DeliveryPasswordValidator.cs	87c2e4986332	docs/knowledge-graph/_system/_conflicts.md
Talabatk.IDS/DeliveryManManager/DeliveryStore.cs	14ca2f1b82e4	docs/knowledge-graph/_system/_conflicts.md
Talabatk.IDS/DeliveryManManager/DeliveryUserManager.cs	8e14823969da	docs/knowledge-graph/Identity & Access/Delivery Man Identity/_knowledge-graph.md
Talabatk.IDS/DeliveryManManager/DeliveryUserManager.cs	8e14823969da	docs/knowledge-graph/Identity & Access/Delivery Man Identity/_scenarios.md
Talabatk.IDS/DeliveryManManager/DeliveryUserManager.cs	8e14823969da	docs/knowledge-graph/_system/_conflicts.md
Talabatk.IDS/Filters/ResponseMapping.cs	c373b1243665	docs/knowledge-graph/_system/_conflicts.md
Talabatk.IDS/Helper/AuthHelper/IDSClientHandler.cs	44a5e4080e61	docs/knowledge-graph/_system/_conflicts.md
Talabatk.IDS/Helper/AuthHelper/UserAndDeliveryAuthorizationFilter.cs	76f12f193e02	docs/knowledge-graph/Admin/Admin Back-Office/Admin-Access-and-Oversight.technical.md
Talabatk.IDS/Helper/AuthHelper/UserAndDeliveryAuthorizationFilter.cs	76f12f193e02	docs/knowledge-graph/_system/_conflicts.md
Talabatk.IDS/Helper/HangFire/AutoAssignJob.cs	116ead595090	docs/knowledge-graph/Delivery/Delivery Man Operations/Delivery-Fee-and-Assignment.technical.md
Talabatk.IDS/Helper/HangFire/Automaions.cs	47b7403410c4	docs/knowledge-graph/Delivery/Delivery Man Operations/Delivery-Fee-and-Assignment.technical.md
Talabatk.IDS/Helper/HangFire/CalculateDeliveryManCurrentRatingJob.cs	7e8148a3b98c	docs/knowledge-graph/Delivery/Delivery Man Operations/Driver-Operations.technical.md
Talabatk.IDS/Helper/HangFire/CalculateDeliveryManWorkingHoursJob.cs	0f2502adb5af	docs/knowledge-graph/Delivery/Delivery Man Operations/Driver-Operations.technical.md
Talabatk.IDS/Helper/HangFire/DailyDeductionFromDeliveryManFinance.cs	d563163f7f2e	docs/knowledge-graph/Delivery/Driver Cash & Compensation/Driver-Cash-Cycle.technical.md
Talabatk.IDS/Helper/HangFire/DailyDeductionFromDeliveryManFinance.cs	d563163f7f2e	docs/knowledge-graph/_system/_conflicts.md
Talabatk.IDS/Helper/HangFire/DeliveryManNearToTheCustomerNotification.cs	977b4d11f5af	docs/knowledge-graph/_system/_conflicts.md
Talabatk.IDS/Helper/HangFire/LowQualityImageJob.cs	e61a82261f05	docs/knowledge-graph/_system/_conflicts.md
Talabatk.IDS/Helper/HangFire/OfflineAllDeliveryMenJob.cs	8b4c477959f7	docs/knowledge-graph/_system/_conflicts.md
Talabatk.IDS/Helper/HangFire/SyncMartItemStockFromERPJob.cs	4927c0b05b35	docs/knowledge-graph/_system/_entity-index.md
Talabatk.IDS/Helper/HangFire/SyncMartItemStockFromERPJob.cs	4927c0b05b35	docs/knowledge-graph/_system/_integrations.md
Talabatk.IDS/Helper/ImageBankRootResolver.cs	fdc50ff3abc8	docs/knowledge-graph/_system/_conflicts.md
Talabatk.IDS/Helper/JobHandlers/UpdateHoldedOrderJobHandler.cs	f8cfbba26b49	docs/knowledge-graph/_system/_conflicts.md
Talabatk.IDS/Helper/NotificationProvider/AndroidGCMPushNotification.cs	edec273bce40	docs/knowledge-graph/_system/_conflicts.md
Talabatk.IDS/MappingProfile/MappingProfiles.cs	c0a198d4758d	docs/knowledge-graph/_system/_conflicts.md
Talabatk.IDS/OtpGrantValidator/OtpCustomerGrantValidator.cs	6419cf4db2c4	docs/knowledge-graph/Identity & Access/Authentication & Tokens/Login-and-Activation.md
Talabatk.IDS/OtpGrantValidator/OtpCustomerGrantValidator.cs	6419cf4db2c4	docs/knowledge-graph/Identity & Access/Customer Identity/Customer-Account-Lifecycle.technical.md
Talabatk.IDS/Startup.cs	92fceacc421f	docs/knowledge-graph/Delivery/Delivery Man Operations/Driver-Operations.technical.md
Talabatk.IDS/Startup.cs	92fceacc421f	docs/knowledge-graph/_system/_conflicts.md
Talabatk.IDS/Startup.cs	92fceacc421f	docs/knowledge-graph/_system/_entity-index.md
Talabatk.IDS/Startup.cs	92fceacc421f	docs/knowledge-graph/_system/_integrations.md
Talabatk.IDS/Talabatk.IDS.csproj	778fc69e5029	docs/knowledge-graph/Identity & Access/Authentication & Tokens/Identity/Identity.technical.md
Talabatk.IDS/Talabatk.IDS.csproj	778fc69e5029	docs/knowledge-graph/_system/_conflicts.md
Talabatk.IDS/Views/DeliveryMan/EditDeliveryMan.cshtml	bf80f8426aa9	docs/knowledge-graph/Delivery/_context.md
Talabatk.IDS/Views/DeliveryMan/EditDeliveryMan.cshtml	bf80f8426aa9	docs/knowledge-graph/Identity & Access/_context.md
Talabatk.IDS/Views/Maintenance/LowQualityImages.cshtml	40ef5cd156f3	docs/knowledge-graph/_system/_conflicts.md
Talabatk.IDS/Views/Maintenance/LowQualityImages.cshtml	40ef5cd156f3	docs/knowledge-graph/_system/_entity-index.md
Talabatk.IDS/Views/Users/EditUser.cshtml	44a836c5e92a	docs/knowledge-graph/Identity & Access/_context.md
Talabatk.IDS/appsettings.json	d4087410cefc	docs/knowledge-graph/Identity & Access/Authentication & Tokens/Identity/Identity.technical.md
Talabatk.IDS/appsettings.json	d4087410cefc	docs/knowledge-graph/_system/_conflicts.md
TalabatkAPI.Data/Models/EntityBase.cs	eb489386054d	docs/knowledge-graph/_system/_conflicts.md
TalabatkAPI.Data/Models/TA_Customer.cs	cc0abfb92b38	docs/knowledge-graph/_system/_conflicts.md
TalabatkAPI.Data/Models/TA_CustomerAddresses.cs	75b524b90489	docs/knowledge-graph/_system/_conflicts.md
TalabatkAPI.Data/Services/ApplicationService.cs	83e36297e2c2	docs/knowledge-graph/_system/_conflicts.md
TalabatkAPI.Data/Services/CustomerService.cs	38acc950f256	docs/knowledge-graph/_system/_conflicts.md
TalabatkAPI/ApplicationLayer/Commands/CreateNewUserShiftCommand/CreateNewUserShiftCommand.cs	3a2ab4486c62	docs/knowledge-graph/_system/_conflicts.md
TalabatkAPI/Controllers/IdentityListenerController.cs	21a98f11b8be	docs/knowledge-graph/_system/_conflicts.md
TalabatkAPI/Hubs/CustomersNotificationHub.cs	783965c68f27	docs/knowledge-graph/_system/_conflicts.md
TalabatkAPI/Providers/ApplicationRefreshTokenProvider.cs	f1819c6b0c5b	docs/knowledge-graph/_system/_conflicts.md
TalabatkAPIs/Controllers/AbouApp/AboutAppController.cs	c19a9c9ef215	docs/knowledge-graph/Customer Ordering/Marketing & Content/_knowledge-graph.md
TalabatkAPIs/Controllers/AbouApp/AboutAppController.cs	c19a9c9ef215	docs/knowledge-graph/Customer Ordering/Marketing & Content/_scenarios.md
TalabatkAPIs/Controllers/Ads/AdsController.cs	78498e08ab55	docs/knowledge-graph/Customer Ordering/Marketing & Content/_knowledge-graph.md
TalabatkAPIs/Controllers/Ads/AdsController.cs	78498e08ab55	docs/knowledge-graph/Customer Ordering/Marketing & Content/_scenarios.md
TalabatkAPIs/Controllers/Ads/AdsController.cs	78498e08ab55	docs/knowledge-graph/_system/_conflicts.md
TalabatkAPIs/Controllers/Announcement/AnnouncementController.cs	666fa6fdebd4	docs/knowledge-graph/Customer Ordering/Marketing & Content/_knowledge-graph.md
TalabatkAPIs/Controllers/Announcement/AnnouncementController.cs	666fa6fdebd4	docs/knowledge-graph/Customer Ordering/Marketing & Content/_scenarios.md
TalabatkAPIs/Controllers/AreaController/AreaController.cs	21fd4550299a	docs/knowledge-graph/Customer Ordering/Ops & Infra/_knowledge-graph.md
TalabatkAPIs/Controllers/AreaController/AreaController.cs	21fd4550299a	docs/knowledge-graph/Customer Ordering/Ops & Infra/_scenarios.md
TalabatkAPIs/Controllers/AutoCompensation/AutoCompensationRulesController.cs	e577966ea9ce	docs/knowledge-graph/Customer Ordering/Order & Fulfilment/DeliveryInterval-and-AutoCompensation.md
TalabatkAPIs/Controllers/AutoCompensation/AutoCompensationRulesController.cs	e577966ea9ce	docs/knowledge-graph/Customer Ordering/Order & Fulfilment/_knowledge-graph.md
TalabatkAPIs/Controllers/Cart/CartController.cs	400452213f9f	docs/knowledge-graph/Customer Ordering/Cart & Checkout/Cart-and-Checkout-Validation.technical.md
TalabatkAPIs/Controllers/Cart/CartController.cs	400452213f9f	docs/knowledge-graph/Customer Ordering/Cart & Checkout/_knowledge-graph.md
TalabatkAPIs/Controllers/Cart/CartController.cs	400452213f9f	docs/knowledge-graph/Identity & Access/Customer Identity/Customer-Account-Lifecycle.technical.md
TalabatkAPIs/Controllers/Cart/CartController.cs	400452213f9f	docs/knowledge-graph/_system/_idor-instances.md
TalabatkAPIs/Controllers/CentrifugoController.cs	641e04a1329f	docs/knowledge-graph/Customer Ordering/Ops & Infra/_knowledge-graph.md
TalabatkAPIs/Controllers/CentrifugoController.cs	641e04a1329f	docs/knowledge-graph/Customer Ordering/Ops & Infra/_scenarios.md
TalabatkAPIs/Controllers/City/CityController.cs	ebd23c16fef7	docs/knowledge-graph/Customer Ordering/Ops & Infra/_knowledge-graph.md
TalabatkAPIs/Controllers/ContactUs/ContactUsController.cs	b82911562a40	docs/knowledge-graph/Customer Ordering/Support & Chat/Support-and-Chat.technical.md
TalabatkAPIs/Controllers/ContactUs/ContactUsController.cs	b82911562a40	docs/knowledge-graph/Customer Ordering/Support & Chat/_knowledge-graph.md
TalabatkAPIs/Controllers/ContactUs/ContactUsController.cs	b82911562a40	docs/knowledge-graph/Customer Ordering/Support & Chat/_overview.md
TalabatkAPIs/Controllers/ContactUs/ContactUsController.cs	b82911562a40	docs/knowledge-graph/Customer Ordering/Support & Chat/_scenarios.md
TalabatkAPIs/Controllers/CustomerAdminChat/CustomerAdminChatController.cs	63a1d0eb75b3	docs/knowledge-graph/Customer Ordering/Support & Chat/_knowledge-graph.md
TalabatkAPIs/Controllers/CustomerAdminChat/CustomerAdminChatController.cs	63a1d0eb75b3	docs/knowledge-graph/Customer Ordering/Support & Chat/_scenarios.md
TalabatkAPIs/Controllers/CustomerAds/CustomerAdsController.cs	1fbb1a466491	docs/knowledge-graph/Customer Ordering/Marketing & Content/_knowledge-graph.md
TalabatkAPIs/Controllers/CustomerAds/CustomerAdsController.cs	1fbb1a466491	docs/knowledge-graph/Customer Ordering/Marketing & Content/_scenarios.md
TalabatkAPIs/Controllers/CustomerDeliveryChat/CustomerDeliveryChatController.cs	b2971777d747	docs/knowledge-graph/Customer Ordering/Support & Chat/Support-and-Chat.technical.md
TalabatkAPIs/Controllers/CustomerDeliveryChat/CustomerDeliveryChatController.cs	b2971777d747	docs/knowledge-graph/Customer Ordering/Support & Chat/_knowledge-graph.md
TalabatkAPIs/Controllers/CustomerDeliveryChat/CustomerDeliveryChatController.cs	b2971777d747	docs/knowledge-graph/Customer Ordering/Support & Chat/_scenarios.md
TalabatkAPIs/Controllers/CustomerDeliveryChat/CustomerDeliveryChatController.cs	b2971777d747	docs/knowledge-graph/_system/_conflicts.md
TalabatkAPIs/Controllers/CustomerDeliveryChat/CustomerDeliveryChatController.cs	b2971777d747	docs/knowledge-graph/_system/_idor-instances.md
TalabatkAPIs/Controllers/CustomerUser/CustomerUserController.cs	fc15a3e7f335	docs/knowledge-graph/Customer Ordering/Customer Account/_knowledge-graph.md
TalabatkAPIs/Controllers/CustomerUser/CustomerUserController.cs	fc15a3e7f335	docs/knowledge-graph/Customer Ordering/Customer Account/_scenarios.md
TalabatkAPIs/Controllers/CustomerUser/CustomerUserController.cs	fc15a3e7f335	docs/knowledge-graph/Identity & Access/Customer Identity/Customer-Account-Lifecycle.technical.md
TalabatkAPIs/Controllers/CustomerUser/CustomerUserController.cs	fc15a3e7f335	docs/knowledge-graph/Identity & Access/Customer Identity/CustomerAddress/CustomerAddress.technical.md
TalabatkAPIs/Controllers/CustomerUser/CustomerUserController.cs	fc15a3e7f335	docs/knowledge-graph/_system/_conflicts.md
TalabatkAPIs/Controllers/Deliveryintevral/DeliveryIntervalController.cs	bc6bfacf4138	docs/knowledge-graph/Customer Ordering/Order & Fulfilment/DeliveryInterval-and-AutoCompensation.md
TalabatkAPIs/Controllers/Deliveryintevral/DeliveryIntervalController.cs	bc6bfacf4138	docs/knowledge-graph/Customer Ordering/Order & Fulfilment/Order/Order.technical.md
TalabatkAPIs/Controllers/Deliveryintevral/DeliveryIntervalController.cs	bc6bfacf4138	docs/knowledge-graph/Customer Ordering/Order & Fulfilment/_knowledge-graph.md
TalabatkAPIs/Controllers/Deliveryintevral/DeliveryIntervalController.cs	bc6bfacf4138	docs/knowledge-graph/_system/_conflicts.md
TalabatkAPIs/Controllers/FAQ/FaqController.cs	c5df7635da25	docs/knowledge-graph/Customer Ordering/Marketing & Content/_knowledge-graph.md
TalabatkAPIs/Controllers/FAQ/FaqController.cs	c5df7635da25	docs/knowledge-graph/Customer Ordering/Marketing & Content/_scenarios.md
TalabatkAPIs/Controllers/FAQ/FaqController.cs	c5df7635da25	docs/knowledge-graph/Customer Ordering/Support & Chat/_overview.md
TalabatkAPIs/Controllers/Favourite/FavouriteController.cs	7a539caee621	docs/knowledge-graph/Customer Ordering/Restaurant & Menu Discovery/_knowledge-graph.md
TalabatkAPIs/Controllers/Favourite/FavouriteController.cs	7a539caee621	docs/knowledge-graph/Customer Ordering/Restaurant & Menu Discovery/_scenarios.md
TalabatkAPIs/Controllers/Favourite/FavouriteController.cs	7a539caee621	docs/knowledge-graph/_system/_conflicts.md
TalabatkAPIs/Controllers/FeatureMangamentController/FeatureMangamentController.cs	54455ef4f47d	docs/knowledge-graph/Customer Ordering/Ops & Infra/_knowledge-graph.md
TalabatkAPIs/Controllers/FeatureMangamentController/FeatureMangamentController.cs	54455ef4f47d	docs/knowledge-graph/Customer Ordering/Ops & Infra/_scenarios.md
TalabatkAPIs/Controllers/FoodTypes/FoodTypesController.cs	564bba454312	docs/knowledge-graph/Customer Ordering/Restaurant & Menu Discovery/_knowledge-graph.md
TalabatkAPIs/Controllers/HealthController/HealthController.cs	c6007cb45427	docs/knowledge-graph/Customer Ordering/Ops & Infra/_knowledge-graph.md
TalabatkAPIs/Controllers/HealthController/HealthController.cs	c6007cb45427	docs/knowledge-graph/Customer Ordering/Ops & Infra/_scenarios.md
TalabatkAPIs/Controllers/HomeController.cs	0788cff1303d	docs/knowledge-graph/Customer Ordering/Ops & Infra/_knowledge-graph.md
TalabatkAPIs/Controllers/HomePage/HomePageController.cs	66ce350b1899	docs/knowledge-graph/Customer Ordering/Restaurant & Menu Discovery/_knowledge-graph.md
TalabatkAPIs/Controllers/HomePage/HomePageController.cs	66ce350b1899	docs/knowledge-graph/Customer Ordering/Restaurant & Menu Discovery/_scenarios.md
TalabatkAPIs/Controllers/HomePage/HomePageController.cs	66ce350b1899	docs/knowledge-graph/_system/_idor-instances.md
TalabatkAPIs/Controllers/IRecycleRedeems/IRecycleRedeemsController.cs	8cc06e2ed949	docs/knowledge-graph/Customer Ordering/Discounts & Coupons/_knowledge-graph.md
TalabatkAPIs/Controllers/IRecycleRedeems/IRecycleRedeemsController.cs	8cc06e2ed949	docs/knowledge-graph/_system/_conflicts.md
TalabatkAPIs/Controllers/MVC/PaymentOnlineController.cs	fc5f808187b8	docs/knowledge-graph/Customer Ordering/Payments/_knowledge-graph.md
TalabatkAPIs/Controllers/Mart/BrandsController.cs	af0f7fc99978	docs/knowledge-graph/Customer Ordering/Restaurant & Menu Discovery/_knowledge-graph.md
TalabatkAPIs/Controllers/Mart/MartController.cs	c3ed2983e8dc	docs/knowledge-graph/Customer Ordering/Restaurant & Menu Discovery/_knowledge-graph.md
TalabatkAPIs/Controllers/Mart/MartController.cs	c3ed2983e8dc	docs/knowledge-graph/Customer Ordering/Restaurant & Menu Discovery/_scenarios.md
TalabatkAPIs/Controllers/MenuItem/CategoryController.cs	717fe626ecae	docs/knowledge-graph/Customer Ordering/Restaurant & Menu Discovery/_knowledge-graph.md
TalabatkAPIs/Controllers/MenuItem/ItemController.cs	be53936a10f9	docs/knowledge-graph/Customer Ordering/Restaurant & Menu Discovery/_knowledge-graph.md
TalabatkAPIs/Controllers/MenuItem/ItemController.cs	be53936a10f9	docs/knowledge-graph/Customer Ordering/Restaurant & Menu Discovery/_scenarios.md
TalabatkAPIs/Controllers/MenuItem/ItemController.cs	be53936a10f9	docs/knowledge-graph/_system/_entity-index.md
TalabatkAPIs/Controllers/MenuItem/ItemController.cs	be53936a10f9	docs/knowledge-graph/_system/_integrations.md
TalabatkAPIs/Controllers/Order/OrderController.cs	0cb6a66fdb8c	docs/knowledge-graph/Customer Ordering/Order & Fulfilment/Cancellation-and-Refund.technical.md
TalabatkAPIs/Controllers/Order/OrderController.cs	0cb6a66fdb8c	docs/knowledge-graph/Customer Ordering/Order & Fulfilment/_knowledge-graph.md
TalabatkAPIs/Controllers/Order/OrderController.cs	0cb6a66fdb8c	docs/knowledge-graph/Customer Ordering/Payments/PayMob/PayMob.technical.md
TalabatkAPIs/Controllers/Order/OrderController.cs	0cb6a66fdb8c	docs/knowledge-graph/_system/_conflicts.md
TalabatkAPIs/Controllers/PaymentMethod/PaymentMethodController.cs	9eadf93be946	docs/knowledge-graph/Admin/Order & Customer Administration/PaymentMethod.md
TalabatkAPIs/Controllers/PaymentMethod/PaymentMethodController.cs	9eadf93be946	docs/knowledge-graph/Customer Ordering/Cart & Checkout/Wallet-and-PaymentMethod.md
TalabatkAPIs/Controllers/PaymentMethod/PaymentMethodController.cs	9eadf93be946	docs/knowledge-graph/Customer Ordering/Payments/_knowledge-graph.md
TalabatkAPIs/Controllers/PaymentMethod/PaymentMethodController.cs	9eadf93be946	docs/knowledge-graph/Customer Ordering/Payments/_scenarios.md
TalabatkAPIs/Controllers/PrivacyPolicy/PrivacyPolicyController.cs	8cc6e9ce5ccc	docs/knowledge-graph/Customer Ordering/Marketing & Content/_knowledge-graph.md
TalabatkAPIs/Controllers/PrivacyPolicy/PrivacyPolicyController.cs	8cc6e9ce5ccc	docs/knowledge-graph/Customer Ordering/Marketing & Content/_scenarios.md
TalabatkAPIs/Controllers/PromoCode/PromoCodeController.cs	834c23026c7c	docs/knowledge-graph/Customer Ordering/Discounts & Coupons/_knowledge-graph.md
TalabatkAPIs/Controllers/Resturant/ResturantController.cs	3423a44e924b	docs/knowledge-graph/Customer Ordering/Restaurant & Menu Discovery/_knowledge-graph.md
TalabatkAPIs/Controllers/Resturant/ResturantController.cs	3423a44e924b	docs/knowledge-graph/Customer Ordering/Restaurant & Menu Discovery/_scenarios.md
TalabatkAPIs/Controllers/Resturant/ResturantController.cs	3423a44e924b	docs/knowledge-graph/_system/_conflicts.md
TalabatkAPIs/Controllers/Search/SearchController.cs	261ea8084ed6	docs/knowledge-graph/Customer Ordering/Restaurant & Menu Discovery/Search/Search.technical.md
TalabatkAPIs/Controllers/Search/SearchController.cs	261ea8084ed6	docs/knowledge-graph/Customer Ordering/Restaurant & Menu Discovery/_knowledge-graph.md
TalabatkAPIs/Controllers/Search/SearchController.cs	261ea8084ed6	docs/knowledge-graph/Customer Ordering/Restaurant & Menu Discovery/_scenarios.md
TalabatkAPIs/Controllers/Search/SearchController.cs	261ea8084ed6	docs/knowledge-graph/_system/_idor-instances.md
TalabatkAPIs/Controllers/SearchHistory/SearchHistoryController.cs	7dc36cb6c0bd	docs/knowledge-graph/Customer Ordering/Restaurant & Menu Discovery/Search/Search.technical.md
TalabatkAPIs/Controllers/SearchHistory/SearchHistoryController.cs	7dc36cb6c0bd	docs/knowledge-graph/Customer Ordering/Restaurant & Menu Discovery/_knowledge-graph.md
TalabatkAPIs/Controllers/SearchHistory/SearchHistoryController.cs	7dc36cb6c0bd	docs/knowledge-graph/_system/_conflicts.md
TalabatkAPIs/Controllers/StoreTypes/StoreTypesController.cs	5b8388d67804	docs/knowledge-graph/Customer Ordering/Restaurant & Menu Discovery/_knowledge-graph.md
TalabatkAPIs/Controllers/TawkTo/TawkToController.cs	55a9ce8de87b	docs/knowledge-graph/Customer Ordering/Support & Chat/_knowledge-graph.md
TalabatkAPIs/Controllers/TawkTo/TawkToController.cs	55a9ce8de87b	docs/knowledge-graph/Customer Ordering/Support & Chat/_overview.md
TalabatkAPIs/Controllers/TawkTo/TawkToController.cs	55a9ce8de87b	docs/knowledge-graph/Customer Ordering/Support & Chat/_scenarios.md
TalabatkAPIs/Controllers/TermsAndConditions/TermsAndConditionsController.cs	dd380da1c7db	docs/knowledge-graph/Customer Ordering/Marketing & Content/_knowledge-graph.md
TalabatkAPIs/Controllers/TermsAndConditions/TermsAndConditionsController.cs	dd380da1c7db	docs/knowledge-graph/Customer Ordering/Marketing & Content/_scenarios.md
TalabatkAPIs/Controllers/UnRevisedItemController/UnRevisedItemController.cs	58e18edcfdb3	docs/knowledge-graph/Customer Ordering/Order & Fulfilment/_knowledge-graph.md
TalabatkAPIs/Controllers/UserPreferences/UserPreferencesController.cs	763614986762	docs/knowledge-graph/Customer Ordering/Customer Account/_knowledge-graph.md
TalabatkAPIs/Controllers/UserPreferences/UserPreferencesController.cs	763614986762	docs/knowledge-graph/Customer Ordering/Customer Account/_scenarios.md
TalabatkAPIs/Controllers/UserPreferences/UserPreferencesController.cs	763614986762	docs/knowledge-graph/_system/_conflicts.md
TalabatkAPIs/Controllers/Vouchers/VouchersController.cs	c002b37bae65	docs/knowledge-graph/Customer Ordering/Discounts & Coupons/PromoCodes/PromoCodes.technical.md
TalabatkAPIs/Controllers/Vouchers/VouchersController.cs	c002b37bae65	docs/knowledge-graph/Customer Ordering/Discounts & Coupons/_knowledge-graph.md
TalabatkAPIs/Controllers/Vouchers/VouchersController.cs	c002b37bae65	docs/knowledge-graph/_system/_conflicts.md
TalabatkAPIs/Controllers/Wallet/WalletController.cs	e76da84651f6	docs/knowledge-graph/Customer Ordering/Cart & Checkout/Wallet-and-PaymentMethod.md
TalabatkAPIs/Controllers/Wallet/WalletController.cs	e76da84651f6	docs/knowledge-graph/Customer Ordering/Payments/_knowledge-graph.md
TalabatkAPIs/Controllers/Wallet/WalletController.cs	e76da84651f6	docs/knowledge-graph/Customer Ordering/Payments/_scenarios.md
TalabatkAPIs/Controllers/Wallet/WalletController.cs	e76da84651f6	docs/knowledge-graph/Identity & Access/Customer Identity/Customer-Account-Lifecycle.technical.md
TalabatkAPIs/GeneratedClient/TalabatkAPIs.Client.generated.cs	a02613efcaca	docs/knowledge-graph/_system/_conflicts.md
TalabatkAPIs/Helper/Extension/DatabaseConfigurations.cs	a1f67f7c6a12	docs/knowledge-graph/Customer Ordering/Support & Chat/Support-and-Chat.technical.md
TalabatkAPIs/Helper/Extension/IDentityProvider.cs	66e1a01952d2	docs/knowledge-graph/_system/_conflicts.md
TalabatkAPIs/Helper/Extension/IDentityProvider.cs	66e1a01952d2	docs/knowledge-graph/_system/_integrations.md
TalabatkAPIs/Helper/Extension/ServicesConfiguration.cs	0b6f6c3b135e	docs/knowledge-graph/_system/_conflicts.md
TalabatkAPIs/Helper/IDSClientHandler.cs	6b4a988d919a	docs/knowledge-graph/_system/_conflicts.md
TalabatkAPIs/Helper/Middlewares/LoggingHandlerMiddlerware.cs	f306ef43b2af	docs/knowledge-graph/_system/_conflicts.md
TalabatkAPIs/Helper/OrderHelper/CheckoutCreateSession.cs	7a5d6c07ceb9	docs/knowledge-graph/_system/_conflicts.md
TalabatkAPIs/Program.cs	a11ee059b6fc	docs/knowledge-graph/_system/_conflicts.md
TalabatkAPIs/Startup.cs	954b1b9e6608	docs/knowledge-graph/_system/_conflicts.md
TalabatkAPIs/TalabatkAPIs.csproj	03f414318acf	docs/knowledge-graph/_system/_conflicts.md
TalabatkAPIs/appsettings.Development.json	3337f1220d8d	docs/knowledge-graph/_system/_conflicts.md
TalabatkAPIs/appsettings.json	13b918e5a078	docs/knowledge-graph/Customer Ordering/Payments/PayMob/PayMob.technical.md
TalabatkAPIs/appsettings.json	13b918e5a078	docs/knowledge-graph/Identity & Access/Authentication & Tokens/Identity/Identity.technical.md
TalabatkAPIs/appsettings.json	13b918e5a078	docs/knowledge-graph/_system/_conflicts.md
TalabatkDelivery/Controllers/Apis/AutoAssignController.cs	ae7b2e3e5fa5	docs/knowledge-graph/Delivery/Delivery Man Operations/_knowledge-graph.md
TalabatkDelivery/Controllers/Apis/AutoAssignController.cs	ae7b2e3e5fa5	docs/knowledge-graph/Delivery/Delivery Man Operations/_scenarios.md
TalabatkDelivery/Controllers/Apis/CentrifugoController.cs	31932d0044dd	docs/knowledge-graph/Customer Ordering/Support & Chat/Support-and-Chat.technical.md
TalabatkDelivery/Controllers/Apis/CentrifugoController.cs	31932d0044dd	docs/knowledge-graph/Delivery/Delivery Support & Chat/_knowledge-graph.md
TalabatkDelivery/Controllers/Apis/CentrifugoController.cs	31932d0044dd	docs/knowledge-graph/Delivery/Delivery Support & Chat/_scenarios.md
TalabatkDelivery/Controllers/Apis/CentrifugoController.cs	31932d0044dd	docs/knowledge-graph/Delivery/Ops & Infra/_knowledge-graph.md
TalabatkDelivery/Controllers/Apis/CentrifugoController.cs	31932d0044dd	docs/knowledge-graph/Delivery/Ops & Infra/_scenarios.md
TalabatkDelivery/Controllers/Apis/CentrifugoController.cs	31932d0044dd	docs/knowledge-graph/_system/_conflicts.md
TalabatkDelivery/Controllers/Apis/CentrifugoController.cs	31932d0044dd	docs/knowledge-graph/_system/_integrations.md
TalabatkDelivery/Controllers/Apis/ChatController.cs	0c3811f6e647	docs/knowledge-graph/Delivery/Delivery Support & Chat/_knowledge-graph.md
TalabatkDelivery/Controllers/Apis/ChatController.cs	0c3811f6e647	docs/knowledge-graph/Delivery/Delivery Support & Chat/_scenarios.md
TalabatkDelivery/Controllers/Apis/ChatController.cs	0c3811f6e647	docs/knowledge-graph/_system/_conflicts.md
TalabatkDelivery/Controllers/Apis/CustomerUser/CustomerUserController.cs	26a35295ef6f	docs/knowledge-graph/Delivery/Delivery Support & Chat/_knowledge-graph.md
TalabatkDelivery/Controllers/Apis/CustomerUser/CustomerUserController.cs	26a35295ef6f	docs/knowledge-graph/Delivery/Delivery Support & Chat/_scenarios.md
TalabatkDelivery/Controllers/Apis/CustomerUser/CustomerUserController.cs	26a35295ef6f	docs/knowledge-graph/_system/_conflicts.md
TalabatkDelivery/Controllers/Apis/DeliveryManAdminChatController.cs	0438b5c7a06f	docs/knowledge-graph/Customer Ordering/Support & Chat/Support-and-Chat.technical.md
TalabatkDelivery/Controllers/Apis/DeliveryManAdminChatController.cs	0438b5c7a06f	docs/knowledge-graph/Delivery/Delivery Support & Chat/_knowledge-graph.md
TalabatkDelivery/Controllers/Apis/DeliveryManAdminChatController.cs	0438b5c7a06f	docs/knowledge-graph/Delivery/Delivery Support & Chat/_scenarios.md
TalabatkDelivery/Controllers/Apis/DeliveryManAdminChatController.cs	0438b5c7a06f	docs/knowledge-graph/_system/_idor-instances.md
TalabatkDelivery/Controllers/Apis/DeliveryManAdminChatController.cs	0438b5c7a06f	docs/knowledge-graph/_system/_integrations.md
TalabatkDelivery/Controllers/Apis/DeliveryManController.cs	f6730a77316a	docs/knowledge-graph/Delivery/Delivery Man Operations/_knowledge-graph.md
TalabatkDelivery/Controllers/Apis/DeliveryManController.cs	f6730a77316a	docs/knowledge-graph/Delivery/Delivery Man Operations/_scenarios.md
TalabatkDelivery/Controllers/Apis/DeliveryManController.cs	f6730a77316a	docs/knowledge-graph/_system/_conflicts.md
TalabatkDelivery/Controllers/Apis/DeliveryManMaps/DeliveryManMapsController.cs	4a323bfac4f7	docs/knowledge-graph/Delivery/Delivery Man Operations/Driver-Operations.technical.md
TalabatkDelivery/Controllers/Apis/DeliveryManMaps/DeliveryManMapsController.cs	4a323bfac4f7	docs/knowledge-graph/Delivery/Delivery Man Operations/_knowledge-graph.md
TalabatkDelivery/Controllers/Apis/DeliveryManMaps/DeliveryManMapsController.cs	4a323bfac4f7	docs/knowledge-graph/Delivery/Delivery Man Operations/_scenarios.md
TalabatkDelivery/Controllers/Apis/Fawry/FawryController.cs	a90c899e3ce5	docs/knowledge-graph/Customer Ordering/Payments/Fawry/Fawry.technical.md
TalabatkDelivery/Controllers/Apis/Fawry/FawryController.cs	a90c899e3ce5	docs/knowledge-graph/Delivery/Driver Cash & Compensation/_knowledge-graph.md
TalabatkDelivery/Controllers/Apis/Fawry/FawryController.cs	a90c899e3ce5	docs/knowledge-graph/Delivery/Driver Cash & Compensation/_scenarios.md
TalabatkDelivery/Controllers/Apis/FeatureMangamentController/FeatureMangamentController.cs	7243f2c22e0d	docs/knowledge-graph/Delivery/Ops & Infra/_knowledge-graph.md
TalabatkDelivery/Controllers/Apis/FeatureMangamentController/FeatureMangamentController.cs	7243f2c22e0d	docs/knowledge-graph/Delivery/Ops & Infra/_scenarios.md
TalabatkDelivery/Controllers/Apis/FeatureMangamentController/FeatureMangamentController.cs	7243f2c22e0d	docs/knowledge-graph/_system/_conflicts.md
TalabatkDelivery/Controllers/Apis/HealthController/HealthController.cs	b5c43571ef02	docs/knowledge-graph/Delivery/Ops & Infra/_knowledge-graph.md
TalabatkDelivery/Controllers/Apis/HealthController/HealthController.cs	b5c43571ef02	docs/knowledge-graph/Delivery/Ops & Infra/_scenarios.md
TalabatkDelivery/Controllers/Apis/NonDeliveryReasons/NonDeliveryReasonsController.cs	ddd483560d20	docs/knowledge-graph/Delivery/Delivery Man Operations/_knowledge-graph.md
TalabatkDelivery/Controllers/Apis/Restaurant/RestaurantController.cs	00a386220113	docs/knowledge-graph/Delivery/Delivery Man Operations/_knowledge-graph.md
TalabatkDelivery/Controllers/Apis/ShiftController.cs	4819f858c03f	docs/knowledge-graph/Delivery/Delivery Man Operations/_knowledge-graph.md
TalabatkDelivery/Controllers/Apis/ShiftController.cs	4819f858c03f	docs/knowledge-graph/Delivery/Delivery Man Operations/_scenarios.md
TalabatkDelivery/Controllers/Apis/ShiftController.cs	4819f858c03f	docs/knowledge-graph/_system/_conflicts.md
TalabatkDelivery/Controllers/HomeController.cs	6d80568f153e	docs/knowledge-graph/Delivery/Ops & Infra/_knowledge-graph.md
TalabatkDelivery/Controllers/HomeController.cs	6d80568f153e	docs/knowledge-graph/Delivery/Ops & Infra/_scenarios.md
TalabatkDelivery/Controllers/MVC/DeliveryManMaps/DeliveryManMapsController.cs	bc040712d392	docs/knowledge-graph/Delivery/Delivery Man Operations/_knowledge-graph.md
TalabatkDelivery/Controllers/MVC/DeliveryManMaps/DeliveryManShiftController.cs	80ddaec715f6	docs/knowledge-graph/Delivery/Delivery Man Operations/_knowledge-graph.md
TalabatkDelivery/Controllers/MVC/DeliveryManMaps/DeliveryManShiftController.cs	80ddaec715f6	docs/knowledge-graph/_system/_conflicts.md
TalabatkDelivery/Controllers/MVC/DeliveryManMaps/DeliveryMenLocationController.cs	37b5ce31cd5b	docs/knowledge-graph/Delivery/Delivery Man Operations/_knowledge-graph.md
TalabatkDelivery/Controllers/MVC/DeliveryMenShift/DeliveryMenShiftController.cs	2fb9e64df60b	docs/knowledge-graph/Delivery/Delivery Man Operations/_knowledge-graph.md
TalabatkDelivery/Controllers/MVC/DeliveryMenShift/DeliveryMenShiftController.cs	2fb9e64df60b	docs/knowledge-graph/_system/_conflicts.md
TalabatkDelivery/Controllers/MVC/DeliveryReasons/DeliveryReasonsController.cs	cb1eb0f54d20	docs/knowledge-graph/Delivery/Delivery Man Operations/_knowledge-graph.md
TalabatkDelivery/Helpers/AuthHelper/CustomPermissionFilter.cs	73b5dff5fff9	docs/knowledge-graph/Identity & Access/Restaurant & Admin User Identity/Permission/Permission.technical.md
TalabatkDelivery/Helpers/AuthHelper/CustomPermissionFilter.cs	73b5dff5fff9	docs/knowledge-graph/_system/_conflicts.md
TalabatkDelivery/Helpers/DateTimeProvider/EgyptDateTime.cs	0139831a709a	docs/knowledge-graph/_system/_conflicts.md
TalabatkDelivery/Helpers/Extensions/Globalization.cs	d5611a0ec452	docs/knowledge-graph/_system/_conflicts.md
TalabatkDelivery/Helpers/Extensions/IdentityProvider.cs	3b3fd9708a4b	docs/knowledge-graph/_system/_conflicts.md
TalabatkDelivery/Helpers/Extensions/IdentityProvider.cs	3b3fd9708a4b	docs/knowledge-graph/_system/_integrations.md
TalabatkDelivery/Helpers/Extensions/MiddlewareExtends.cs	3866732bead4	docs/knowledge-graph/_system/_conflicts.md
TalabatkDelivery/Helpers/Middlewares/CheckVersionMiddleware.cs	50412789e501	docs/knowledge-graph/_system/_conflicts.md
TalabatkDelivery/Program.cs	a0c6eeea5dd2	docs/knowledge-graph/_system/_conflicts.md
TalabatkDelivery/Startup.cs	9c87b1495b33	docs/knowledge-graph/Delivery/Delivery Man Operations/Driver-Operations.technical.md
TalabatkDelivery/Startup.cs	9c87b1495b33	docs/knowledge-graph/_system/_conflicts.md
TalabatkDelivery/Views/DeliveryManShift/NewMap.cshtml	e182caf2b78a	docs/knowledge-graph/_system/_conflicts.md
TalabatkDelivery/Views/Shared/_DevExtremeLayout.cshtml	279095dde897	docs/knowledge-graph/_system/_conflicts.md
TalabatkDelivery/Views/Shared/_Layout.cshtml	74f7aa89aabf	docs/knowledge-graph/_system/_conflicts.md
TalabatkDelivery/appsettings.json	f64d0fc469c9	docs/knowledge-graph/Customer Ordering/Payments/Fawry/Fawry.technical.md
TalabatkDelivery/appsettings.json	f64d0fc469c9	docs/knowledge-graph/Identity & Access/Authentication & Tokens/Identity/Identity.technical.md
TalabatkDelivery/appsettings.json	f64d0fc469c9	docs/knowledge-graph/_system/_conflicts.md
TalabatkDelivery/wwwroot/js/GoogleMaps.js	66cea167d8e1	docs/knowledge-graph/_system/_conflicts.md
TalabatkDelivery/wwwroot/js/GoogleMaps1.js	98a2209e21a5	docs/knowledge-graph/_system/_conflicts.md
TalabatkDelivery/wwwroot/js/InitStaticMap.js	4548939bc3b4	docs/knowledge-graph/_system/_conflicts.md
TalabatkDelivery/wwwroot/js/InizializeGoogleMap.js	ef66894111a7	docs/knowledge-graph/_system/_conflicts.md
TalabatkDelivery/wwwroot/js/InizializeGoogleMap1.js	ef66894111a7	docs/knowledge-graph/_system/_conflicts.md
TalabatkDelivery/wwwroot/js/ShiftMap.js	a7412b439fd3	docs/knowledge-graph/_system/_conflicts.md
TalabatkDelivery/wwwroot/js/ShiftMap1.js	a55af3c9b014	docs/knowledge-graph/_system/_conflicts.md
TalabatkDelivery/wwwroot/js/function1.js	89d8e67f768a	docs/knowledge-graph/_system/_conflicts.md
TalabatkDelivery/wwwroot/js/order.js	5b58d82c4771	docs/knowledge-graph/_system/_conflicts.md
TalabatkDelivery/wwwroot/js/order1.js	98a2209e21a5	docs/knowledge-graph/_system/_conflicts.md
TalabatkRestaurants/ClientApp/src/app/Menu/components/category/category-form-popup/category-form-popup.component.ts	5b0c852eb305	docs/knowledge-graph/_system/_conflicts.md
TalabatkRestaurants/ClientApp/src/app/Menu/components/category/category-item-form-popup/category-item-form-popup.component.ts	84602c191174	docs/knowledge-graph/_system/_conflicts.md
TalabatkRestaurants/ClientApp/src/app/Shared/Constants/OrderStatus.ts	3d75fe81c53d	docs/knowledge-graph/_system/_conflicts.md
TalabatkRestaurants/ClientApp/src/app/app.component.ts	f18a0260f5f4	docs/knowledge-graph/_system/_conflicts.md
TalabatkRestaurants/ClientApp/src/app/appRoutes.ts	5bb697052229	docs/knowledge-graph/_system/_conflicts.md
TalabatkRestaurants/ClientApp/src/app/categories/add-options/add-options.component.ts	7b94fa354ab2	docs/knowledge-graph/_system/_conflicts.md
TalabatkRestaurants/ClientApp/src/app/categories/edit-item-price/edit-item-price.component.ts	473be34611b5	docs/knowledge-graph/_system/_conflicts.md
TalabatkRestaurants/ClientApp/src/app/categories/edit-option-category/edit-option-category.component.ts	308f706f997b	docs/knowledge-graph/_system/_conflicts.md
TalabatkRestaurants/ClientApp/src/app/categories/edit-option/edit-option.component.ts	58c07147d5ae	docs/knowledge-graph/_system/_conflicts.md
TalabatkRestaurants/ClientApp/src/app/control-menu-items/manage-Category-items-price/manage-Category-items-price.component.ts	9d635a1aa80a	docs/knowledge-graph/_system/_conflicts.md
TalabatkRestaurants/ClientApp/src/app/customPreloadingStrategy .ts	b67eacd464e1	docs/knowledge-graph/_system/_conflicts.md
TalabatkRestaurants/ClientApp/src/app/external-delivery-request/external-customer/external-customer.component.ts	5ad9e8ecc308	docs/knowledge-graph/_system/_conflicts.md
TalabatkRestaurants/ClientApp/src/app/external-delivery-request/external-delivery-request-details/external-delivery-request-details.component.ts	08f8a36c99db	docs/knowledge-graph/_system/_conflicts.md
TalabatkRestaurants/ClientApp/src/app/external-delivery-request/update-external-customer/update-external-customer.component.ts	93537ab091de	docs/knowledge-graph/_system/_conflicts.md
TalabatkRestaurants/ClientApp/src/app/orders/New-OrderDetails/New-OrderDetails.component.ts	0bb7de872329	docs/knowledge-graph/_system/_conflicts.md
TalabatkRestaurants/ClientApp/src/app/orders/restaurant-orders-history/restaurant-orders-history.component.ts	4f3ef30d2923	docs/knowledge-graph/_system/_conflicts.md
TalabatkRestaurants/ClientApp/src/app/orders/restaurant-orders/restaurant-orders.component.html	46ddd36ec5e3	docs/knowledge-graph/_system/_conflicts.md
TalabatkRestaurants/ClientApp/src/app/orders/statement/statement.component.ts	33b9c1c586bc	docs/knowledge-graph/_system/_conflicts.md
TalabatkRestaurants/ClientApp/src/app/product-management/edit-product/edit-product.component.ts	664c51c6e94a	docs/knowledge-graph/_system/_conflicts.md
TalabatkRestaurants/ClientApp/src/app/product-management/upload-excel-reviewing/upload-excel-reviewing.component.ts	ef74579d3689	docs/knowledge-graph/_system/_conflicts.md
TalabatkRestaurants/ClientApp/src/app/restaurant/restaurant-log/restaurant-log.component.ts	82d540fb24f3	docs/knowledge-graph/_system/_conflicts.md
TalabatkRestaurants/ClientApp/src/app/store-users/all-users/all-users.component.html	6dfa82c3a5cd	docs/knowledge-graph/_system/_conflicts.md
TalabatkRestaurants/ClientApp/src/app/store-users/user-form-popup/user-form-popup.component.ts	be2cf64b9f33	docs/knowledge-graph/_system/_conflicts.md
TalabatkRestaurants/ClientApp/src/assets/i18n/en.json	1b52cc64c974	docs/knowledge-graph/_system/_conflicts.md
TalabatkRestaurants/ClientApp/src/environments/environment.prod.ts	8d875279a7a6	docs/knowledge-graph/_system/_conflicts.md
TalabatkRestaurants/Controllers/Ads/AdsController.cs	64cdbd94771f	docs/knowledge-graph/Restaurant Portal/Merchant Finance & Reporting/_knowledge-graph.md
TalabatkRestaurants/Controllers/Ads/AdsController.cs	64cdbd94771f	docs/knowledge-graph/_system/_conflicts.md
TalabatkRestaurants/Controllers/Category/CategoryController.cs	e5198f13584c	docs/knowledge-graph/Restaurant Portal/Menu & Order Management/_scenarios.md
TalabatkRestaurants/Controllers/CategoryItemsPricesManagement/CategoryItemsPricesController.cs	5b6f8d05388a	docs/knowledge-graph/_system/_conflicts.md
TalabatkRestaurants/Controllers/ExportImportExcel/ExportImportExcelController.cs	570119315fbd	docs/knowledge-graph/Restaurant Portal/Merchant Finance & Reporting/_knowledge-graph.md
TalabatkRestaurants/Controllers/ExportImportExcel/ExportImportExcelController.cs	570119315fbd	docs/knowledge-graph/_system/_conflicts.md
TalabatkRestaurants/Controllers/ExportImportExcel/ExportImportExcelController.cs	570119315fbd	docs/knowledge-graph/_system/_idor-instances.md
TalabatkRestaurants/Controllers/ExternalDelivery/ExternalDeliveryRequestsController.cs	813b9ee0c2d4	docs/knowledge-graph/_system/_conflicts.md
TalabatkRestaurants/Controllers/ExternalDelivery/ExternalDeliveryRequestsController.cs	813b9ee0c2d4	docs/knowledge-graph/_system/_idor-instances.md
TalabatkRestaurants/Controllers/FeatureMangamentController/FeatureMangamentController.cs	6a44146f1454	docs/knowledge-graph/Restaurant Portal/Ops & Infra/_knowledge-graph.md
TalabatkRestaurants/Controllers/FeatureMangement/FeatureMangementController.cs	2fd21fe75e1d	docs/knowledge-graph/Restaurant Portal/Menu & Order Management/_knowledge-graph.md
TalabatkRestaurants/Controllers/FeatureMangement/FeatureMangementController.cs	2fd21fe75e1d	docs/knowledge-graph/Restaurant Portal/Merchant Account & Access/_knowledge-graph.md
TalabatkRestaurants/Controllers/FeatureMangement/FeatureMangementController.cs	2fd21fe75e1d	docs/knowledge-graph/Restaurant Portal/Ops & Infra/_knowledge-graph.md
TalabatkRestaurants/Controllers/FeatureMangement/FeatureMangementController.cs	2fd21fe75e1d	docs/knowledge-graph/_system/_conflicts.md
TalabatkRestaurants/Controllers/HealthController/HealthController.cs	ff4d951a6411	docs/knowledge-graph/Restaurant Portal/Ops & Infra/_knowledge-graph.md
TalabatkRestaurants/Controllers/ItemOption/ItemOptionController.cs	172f426c8f4e	docs/knowledge-graph/_system/_conflicts.md
TalabatkRestaurants/Controllers/ItemOption/ItemOptionController.cs	172f426c8f4e	docs/knowledge-graph/_system/_idor-instances.md
TalabatkRestaurants/Controllers/ItemPrice/ItemPriceController.cs	70b2362fa449	docs/knowledge-graph/_system/_conflicts.md
TalabatkRestaurants/Controllers/Language/LanguagesController.cs	9890e93c134e	docs/knowledge-graph/_system/_conflicts.md
TalabatkRestaurants/Controllers/MenuItems/MenuItemsController.cs	a760e4669650	docs/knowledge-graph/_system/_conflicts.md
TalabatkRestaurants/Controllers/MerchantDashboardControllers/MerchantDashboardController.cs	5a24efe5f1ef	docs/knowledge-graph/Restaurant Portal/Menu & Order Management/Merchant-Menu-and-Orders.technical.md
TalabatkRestaurants/Controllers/MerchantDashboardControllers/MerchantDashboardController.cs	5a24efe5f1ef	docs/knowledge-graph/Restaurant Portal/Merchant Finance & Reporting/_knowledge-graph.md
TalabatkRestaurants/Controllers/MerchantDashboardControllers/MerchantDashboardController.cs	5a24efe5f1ef	docs/knowledge-graph/Restaurant Portal/Merchant Finance & Reporting/_scenarios.md
TalabatkRestaurants/Controllers/MerchantDashboardControllers/MerchantDashboardController.cs	5a24efe5f1ef	docs/knowledge-graph/_system/_conflicts.md
TalabatkRestaurants/Controllers/MerchantDashboardControllers/MerchantDashboardController.cs	5a24efe5f1ef	docs/knowledge-graph/_system/_idor-instances.md
TalabatkRestaurants/Controllers/OptionCategory/OptionCategoryController.cs	7f2fc3a8564f	docs/knowledge-graph/_system/_conflicts.md
TalabatkRestaurants/Controllers/OptionGroup/MenuItemOptionGroupController.cs	7d5dff15c54e	docs/knowledge-graph/_system/_conflicts.md
TalabatkRestaurants/Controllers/OptionGroup/MenuItemOptionGroupController.cs	7d5dff15c54e	docs/knowledge-graph/_system/_pathA-work-order.md
TalabatkRestaurants/Controllers/Options/OptionsController.cs	44be0ea0db8b	docs/knowledge-graph/_system/_idor-instances.md
TalabatkRestaurants/Controllers/Orders/OrdersController.cs	cdb5454f1a48	docs/knowledge-graph/Customer Ordering/Order & Fulfilment/Cancellation-and-Refund.technical.md
TalabatkRestaurants/Controllers/Orders/OrdersController.cs	cdb5454f1a48	docs/knowledge-graph/Restaurant Portal/Menu & Order Management/Merchant-Menu-and-Orders.technical.md
TalabatkRestaurants/Controllers/Orders/OrdersController.cs	cdb5454f1a48	docs/knowledge-graph/Restaurant Portal/Menu & Order Management/_scenarios.md
TalabatkRestaurants/Controllers/Orders/OrdersController.cs	cdb5454f1a48	docs/knowledge-graph/_system/_conflicts.md
TalabatkRestaurants/Controllers/Orders/OrdersController.cs	cdb5454f1a48	docs/knowledge-graph/_system/_idor-instances.md
TalabatkRestaurants/Controllers/ReportController.cs	bf61c8785231	docs/knowledge-graph/_system/_conflicts.md
TalabatkRestaurants/Controllers/Reports/ReportController.cs	25df15067a82	docs/knowledge-graph/Restaurant Portal/Merchant Finance & Reporting/_knowledge-graph.md
TalabatkRestaurants/Controllers/Reports/ReportController.cs	25df15067a82	docs/knowledge-graph/Restaurant Portal/Merchant Finance & Reporting/_scenarios.md
TalabatkRestaurants/Controllers/Reports/ReportController.cs	25df15067a82	docs/knowledge-graph/_system/_conflicts.md
TalabatkRestaurants/Controllers/RestaurantNotification/RestaurantNotificationController.cs	3d78948418ba	docs/knowledge-graph/Restaurant Portal/Menu & Order Management/_knowledge-graph.md
TalabatkRestaurants/Controllers/RestaurantNotification/RestaurantNotificationController.cs	3d78948418ba	docs/knowledge-graph/Restaurant Portal/Menu & Order Management/_scenarios.md
TalabatkRestaurants/Controllers/RestaurantNotification/RestaurantNotificationController.cs	3d78948418ba	docs/knowledge-graph/_system/_conflicts.md
TalabatkRestaurants/Controllers/RestaurantPayment/RestaurantPaymentController.cs	c78922cebba4	docs/knowledge-graph/Restaurant Portal/Merchant Finance & Reporting/_knowledge-graph.md
TalabatkRestaurants/Controllers/RestaurantPayment/RestaurantPaymentController.cs	c78922cebba4	docs/knowledge-graph/Restaurant Portal/Merchant Finance & Reporting/_scenarios.md
TalabatkRestaurants/Controllers/Restaurants/RestaurantsController.cs	c38d016e792b	docs/knowledge-graph/Restaurant Portal/Menu & Order Management/_knowledge-graph.md
TalabatkRestaurants/Controllers/Restaurants/RestaurantsController.cs	c38d016e792b	docs/knowledge-graph/Restaurant Portal/Merchant Account & Access/_knowledge-graph.md
TalabatkRestaurants/Controllers/Restaurants/RestaurantsController.cs	c38d016e792b	docs/knowledge-graph/Restaurant Portal/Merchant Account & Access/_scenarios.md
TalabatkRestaurants/Controllers/StoreManagement/StoreMenuItemsController.cs	b53e29842d44	docs/knowledge-graph/_system/_conflicts.md
TalabatkRestaurants/Controllers/StoreUsers/StoreUsersController.cs	5cb9ac714756	docs/knowledge-graph/Restaurant Portal/Merchant Account & Access/_knowledge-graph.md
TalabatkRestaurants/Controllers/StoreUsers/StoreUsersController.cs	5cb9ac714756	docs/knowledge-graph/Restaurant Portal/Merchant Account & Access/_scenarios.md
TalabatkRestaurants/Controllers/StoreUsers/StoreUsersController.cs	5cb9ac714756	docs/knowledge-graph/_system/_conflicts.md
TalabatkRestaurants/Controllers/TawkTo/TawkToController.cs	c8128730a22d	docs/knowledge-graph/Restaurant Portal/Ops & Infra/_knowledge-graph.md
TalabatkRestaurants/Controllers/UserPermissions/UserPermissionsController.cs	39835c53c3e7	docs/knowledge-graph/Restaurant Portal/Merchant Account & Access/_knowledge-graph.md
TalabatkRestaurants/Controllers/UserPermissions/UserPermissionsController.cs	39835c53c3e7	docs/knowledge-graph/Restaurant Portal/Merchant Account & Access/_scenarios.md
TalabatkRestaurants/Controllers/UserPermissions/UserPermissionsController.cs	39835c53c3e7	docs/knowledge-graph/_system/_conflicts.md
TalabatkRestaurants/Helpers/DateTimeProvider/EgyptDateTime.cs	0c6989035ff7	docs/knowledge-graph/_system/_conflicts.md
TalabatkRestaurants/Helpers/Extenstions/IdentityProvider.cs	f71980c59eea	docs/knowledge-graph/_system/_conflicts.md
TalabatkRestaurants/Helpers/Extenstions/IdentityProvider.cs	f71980c59eea	docs/knowledge-graph/_system/_integrations.md
TalabatkRestaurants/Helpers/HUBS/ConnectionMapping.cs	c2be1583ee27	docs/knowledge-graph/_system/_conflicts.md
TalabatkRestaurants/Helpers/HUBS/StoresHub.cs	0d1beb98c858	docs/knowledge-graph/Restaurant Portal/Menu & Order Management/_knowledge-graph.md
TalabatkRestaurants/Helpers/HUBS/StoresHub.cs	0d1beb98c858	docs/knowledge-graph/Restaurant Portal/Menu & Order Management/_scenarios.md
TalabatkRestaurants/Helpers/HUBS/StoresHub.cs	0d1beb98c858	docs/knowledge-graph/_system/_conflicts.md
TalabatkRestaurants/Helpers/Middlewares/SessionHandlerMiddleware.cs	16a9e0124cb2	docs/knowledge-graph/Restaurant Portal/Merchant Account & Access/_knowledge-graph.md
TalabatkRestaurants/Helpers/Middlewares/SessionHandlerMiddleware.cs	16a9e0124cb2	docs/knowledge-graph/Restaurant Portal/Merchant Account & Access/_scenarios.md
TalabatkRestaurants/Helpers/Middlewares/SessionHandlerMiddleware.cs	16a9e0124cb2	docs/knowledge-graph/_system/_conflicts.md
TalabatkRestaurants/Helpers/ReportHelper/CustomReportStorageWebExtension.cs	f64b35102824	docs/knowledge-graph/_system/_conflicts.md
TalabatkRestaurants/Helpers/SessionInfo/SessionInfo.cs	bc1cbdc31779	docs/knowledge-graph/Restaurant Portal/Merchant Account & Access/_knowledge-graph.md
TalabatkRestaurants/Reports/ReportsFactory.cs	fd84e894ccbe	docs/knowledge-graph/_system/_conflicts.md
TalabatkRestaurants/Startup.cs	81d340136fc7	docs/knowledge-graph/_system/_conflicts.md
TalabatkRestaurants/Startup.cs	81d340136fc7	docs/knowledge-graph/_system/_idor-instances.md
TalabatkRestaurants/Views/Home/Home-login.cshtml	7a1384c68617	docs/knowledge-graph/_system/_conflicts.md
TalabatkRestaurants/Views/Shared/_MainSidebar.cshtml	2145916fb579	docs/knowledge-graph/_system/_conflicts.md
TalabatkRestaurants/appsettings.json	26dfcca93fb6	docs/knowledge-graph/Customer Ordering/Payments/PayMob/PayMob.technical.md
TalabatkRestaurants/appsettings.json	26dfcca93fb6	docs/knowledge-graph/Identity & Access/Authentication & Tokens/Identity/Identity.technical.md
TalabatkRestaurants/appsettings.json	26dfcca93fb6	docs/knowledge-graph/_system/_conflicts.md
TalabatkRestaurants/reports/Daily.Designer.cs	177300bc38ac	docs/knowledge-graph/_system/_conflicts.md
TalabatkRestaurants/reports/Daily.cs	847be9b4be00	docs/knowledge-graph/_system/_conflicts.md
TalabatkRestaurants/reports/InvoiceRestaurant.cs	231b1ae50b75	docs/knowledge-graph/_system/_conflicts.md
TopCustomersReport.sql	930854a8056b	docs/knowledge-graph/_system/_conflicts.md
docs/knowledge-graph/_system/verify-coverage.js	244ef721773d	docs/knowledge-graph/_system/_conflicts.md
